-- Adminer 4.6.2 MySQL dump

SET NAMES utf8;
SET time_zone = '+00:00';
SET foreign_key_checks = 0;
SET sql_mode = 'NO_AUTO_VALUE_ON_ZERO';

DROP TABLE IF EXISTS `cms3_apiship_orders`;
CREATE TABLE `cms3_apiship_orders` (
  `id` int(11) unsigned NOT NULL AUTO_INCREMENT,
  `number` int(11) unsigned NOT NULL,
  `umi_order_ref_number` int(11) unsigned NOT NULL,
  `provider_order_ref_number` varchar(255) DEFAULT NULL,
  `status` enum('pending','delivered','delivering','deliveryCanceled','lost','notApplicable','onPointIn','onPointOut','onWay','partialReturn','problem','readyForRecipient','returned','returnedFromDelivery','returning','returnReady','unknown','uploaded','uploading','uploadingError') NOT NULL,
  PRIMARY KEY (`id`),
  KEY `number` (`number`),
  KEY `umi_order_ref_number` (`umi_order_ref_number`),
  KEY `provider_order_ref_number` (`provider_order_ref_number`),
  KEY `status` (`status`)
) ENGINE=InnoDB DEFAULT CHARSET=utf8;


DROP TABLE IF EXISTS `cms3_appointment_employees`;
CREATE TABLE `cms3_appointment_employees` (
  `id` int(11) NOT NULL AUTO_INCREMENT,
  `name` varchar(255) NOT NULL,
  `photo` varchar(500) NOT NULL,
  `description` mediumtext NOT NULL,
  PRIMARY KEY (`id`)
) ENGINE=InnoDB DEFAULT CHARSET=utf8;


DROP TABLE IF EXISTS `cms3_appointment_employees_services`;
CREATE TABLE `cms3_appointment_employees_services` (
  `id` int(11) NOT NULL AUTO_INCREMENT,
  `employee_id` int(11) NOT NULL,
  `service_id` int(11) NOT NULL,
  PRIMARY KEY (`id`),
  KEY `employee_id and service_id` (`employee_id`,`service_id`),
  KEY `employees services to services` (`service_id`),
  CONSTRAINT `employees services to employees` FOREIGN KEY (`employee_id`) REFERENCES `cms3_appointment_employees` (`id`) ON DELETE CASCADE,
  CONSTRAINT `employees services to services` FOREIGN KEY (`service_id`) REFERENCES `cms3_appointment_services` (`id`) ON DELETE CASCADE
) ENGINE=InnoDB DEFAULT CHARSET=utf8;


DROP TABLE IF EXISTS `cms3_appointment_employee_schedule`;
CREATE TABLE `cms3_appointment_employee_schedule` (
  `id` int(11) NOT NULL AUTO_INCREMENT,
  `employee_id` int(11) NOT NULL,
  `day` enum('0','1','2','3','4','5','6') NOT NULL,
  `time_start` time NOT NULL,
  `time_end` time NOT NULL,
  PRIMARY KEY (`id`),
  KEY `employee_id` (`employee_id`),
  CONSTRAINT `employee schedule to employees` FOREIGN KEY (`employee_id`) REFERENCES `cms3_appointment_employees` (`id`) ON DELETE CASCADE
) ENGINE=InnoDB DEFAULT CHARSET=utf8;


DROP TABLE IF EXISTS `cms3_appointment_orders`;
CREATE TABLE `cms3_appointment_orders` (
  `id` int(11) NOT NULL AUTO_INCREMENT,
  `service_id` int(11) unsigned NOT NULL,
  `employee_id` int(11) unsigned DEFAULT NULL,
  `create_date` int(11) unsigned NOT NULL,
  `date` int(11) unsigned NOT NULL,
  `time` time NOT NULL,
  `phone` varchar(255) DEFAULT NULL,
  `email` varchar(255) DEFAULT NULL,
  `name` varchar(255) DEFAULT NULL,
  `comment` mediumtext DEFAULT NULL,
  `status_id` enum('1','2','3') NOT NULL,
  PRIMARY KEY (`id`),
  KEY `create_date` (`create_date`)
) ENGINE=InnoDB DEFAULT CHARSET=utf8;


DROP TABLE IF EXISTS `cms3_appointment_services`;
CREATE TABLE `cms3_appointment_services` (
  `id` int(11) NOT NULL AUTO_INCREMENT,
  `group_id` int(11) NOT NULL,
  `name` varchar(255) NOT NULL,
  `time` time NOT NULL,
  `price` double NOT NULL,
  PRIMARY KEY (`id`),
  KEY `services to service_groups` (`group_id`),
  CONSTRAINT `services to service_groups` FOREIGN KEY (`group_id`) REFERENCES `cms3_appointment_service_groups` (`id`) ON DELETE CASCADE
) ENGINE=InnoDB DEFAULT CHARSET=utf8;


DROP TABLE IF EXISTS `cms3_appointment_service_groups`;
CREATE TABLE `cms3_appointment_service_groups` (
  `id` int(11) NOT NULL AUTO_INCREMENT,
  `name` varchar(255) NOT NULL,
  PRIMARY KEY (`id`)
) ENGINE=InnoDB DEFAULT CHARSET=utf8;


DROP TABLE IF EXISTS `cms3_cluster_nodes`;
CREATE TABLE `cms3_cluster_nodes` (
  `id` int(11) NOT NULL AUTO_INCREMENT,
  `node_ip` varchar(16) NOT NULL DEFAULT '',
  PRIMARY KEY (`id`),
  KEY `node_id` (`id`),
  KEY `node_ip` (`node_ip`)
) ENGINE=InnoDB DEFAULT CHARSET=utf8;


DROP TABLE IF EXISTS `cms3_cluster_nodes_cache_keys`;
CREATE TABLE `cms3_cluster_nodes_cache_keys` (
  `node_id` int(11) DEFAULT NULL,
  `key` varchar(255) NOT NULL DEFAULT '',
  KEY `node_id` (`node_id`),
  KEY `key` (`key`)
) ENGINE=InnoDB DEFAULT CHARSET=utf8;


DROP TABLE IF EXISTS `cms3_data_cache`;
CREATE TABLE `cms3_data_cache` (
  `key` varchar(255) NOT NULL,
  `value` mediumtext NOT NULL,
  `create_time` int(11) NOT NULL,
  `expire_time` int(11) NOT NULL,
  `entry_time` int(11) NOT NULL,
  `entries_number` int(11) NOT NULL,
  PRIMARY KEY (`key`),
  KEY `Life time` (`expire_time`)
) ENGINE=MyISAM DEFAULT CHARSET=utf8;

INSERT INTO `cms3_data_cache` (`key`, `value`, `create_time`, `expire_time`, `entry_time`, `entries_number`) VALUES
('d41d8cd98f00b204e9800998ecf8427e',	's:204:\"{\"_browser_name\":\"unknown\",\"_version\":\"unknown\",\"_platform\":\"unknown\",\"_os\":\"unknown\",\"_is_aol\":false,\"_is_mobile\":false,\"_is_tablet\":false,\"_is_robot\":false,\"_is_facebook\":false,\"_aol_version\":\"unknown\"}\";',	1566306028,	1629464428,	0,	0),
('cb09e5639fbc6ccc5be6269ec1f7f047',	's:200:\"{\"_browser_name\":\"Mozilla\",\"_version\":\"5.0\",\"_platform\":\"unknown\",\"_os\":\"unknown\",\"_is_aol\":false,\"_is_mobile\":false,\"_is_tablet\":false,\"_is_robot\":false,\"_is_facebook\":false,\"_aol_version\":\"unknown\"}\";',	1566306217,	1629464617,	0,	0),
('5a0a1437299005cd7744128c13165ec9',	's:206:\"{\"_browser_name\":\"Chrome\",\"_version\":\"75.0.3770.80\",\"_platform\":\"Linux\",\"_os\":\"unknown\",\"_is_aol\":false,\"_is_mobile\":false,\"_is_tablet\":false,\"_is_robot\":false,\"_is_facebook\":false,\"_aol_version\":\"unknown\"}\";',	1566306306,	1629464706,	0,	0);

DROP TABLE IF EXISTS `cms3_domains`;
CREATE TABLE `cms3_domains` (
  `id` int(10) unsigned NOT NULL AUTO_INCREMENT,
  `host` varchar(64) NOT NULL,
  `is_default` tinyint(1) DEFAULT NULL,
  `default_lang_id` int(10) unsigned DEFAULT NULL,
  `use_ssl` tinyint(1) DEFAULT NULL,
  `favicon` mediumtext DEFAULT NULL,
  PRIMARY KEY (`id`),
  UNIQUE KEY `host` (`host`),
  KEY `Domain to default language relation_FK` (`default_lang_id`),
  CONSTRAINT `FK_Domain to default language relation` FOREIGN KEY (`default_lang_id`) REFERENCES `cms3_langs` (`id`) ON DELETE SET NULL ON UPDATE CASCADE
) ENGINE=InnoDB DEFAULT CHARSET=utf8;

INSERT INTO `cms3_domains` (`id`, `host`, `is_default`, `default_lang_id`, `use_ssl`, `favicon`) VALUES
(1,	'madgrant.ru',	1,	1,	0,	NULL);

DROP TABLE IF EXISTS `cms3_domain_mirrows`;
CREATE TABLE `cms3_domain_mirrows` (
  `id` int(10) unsigned NOT NULL AUTO_INCREMENT,
  `host` varchar(64) DEFAULT NULL,
  `rel` int(10) unsigned DEFAULT NULL,
  PRIMARY KEY (`id`),
  UNIQUE KEY `host` (`host`),
  KEY `Domain to mirrows relation_FK` (`rel`),
  CONSTRAINT `FK_Domain to mirrows relation` FOREIGN KEY (`rel`) REFERENCES `cms3_domains` (`id`) ON DELETE CASCADE ON UPDATE CASCADE
) ENGINE=InnoDB DEFAULT CHARSET=utf8;


DROP TABLE IF EXISTS `cms3_emarket_top`;
CREATE TABLE `cms3_emarket_top` (
  `id` int(11) NOT NULL,
  `date` bigint(20) NOT NULL,
  `title` varchar(255) NOT NULL,
  `amount` int(11) NOT NULL,
  `total_price` double NOT NULL
) ENGINE=InnoDB DEFAULT CHARSET=utf8;


DROP TABLE IF EXISTS `cms3_fields_controller`;
CREATE TABLE `cms3_fields_controller` (
  `ord` int(11) DEFAULT NULL,
  `field_id` int(10) unsigned DEFAULT NULL,
  `group_id` int(10) unsigned DEFAULT NULL,
  KEY `rel to field_FK` (`field_id`),
  KEY `rel to field group_FK` (`group_id`),
  KEY `ord` (`ord`),
  CONSTRAINT `FK_rel to field` FOREIGN KEY (`field_id`) REFERENCES `cms3_object_fields` (`id`) ON DELETE CASCADE ON UPDATE CASCADE,
  CONSTRAINT `FK_rel to field group` FOREIGN KEY (`group_id`) REFERENCES `cms3_object_field_groups` (`id`) ON DELETE CASCADE ON UPDATE CASCADE
) ENGINE=InnoDB DEFAULT CHARSET=utf8;

INSERT INTO `cms3_fields_controller` (`ord`, `field_id`, `group_id`) VALUES
(5,	1,	1),
(5,	2,	2),
(10,	3,	2),
(15,	4,	2),
(20,	5,	2),
(25,	6,	2),
(30,	7,	2),
(5,	8,	3),
(10,	9,	3),
(15,	10,	3),
(5,	11,	4),
(10,	12,	4),
(15,	13,	4),
(20,	14,	4),
(5,	15,	5),
(10,	16,	5),
(5,	17,	6),
(10,	18,	6),
(15,	19,	6),
(20,	20,	6),
(5,	21,	7),
(10,	22,	7),
(5,	23,	8),
(5,	2,	9),
(10,	3,	9),
(15,	6,	9),
(20,	5,	9),
(25,	7,	9),
(30,	24,	9),
(5,	8,	10),
(10,	9,	10),
(15,	10,	10),
(5,	11,	11),
(10,	12,	11),
(15,	13,	11),
(20,	14,	11),
(5,	15,	12),
(10,	16,	12),
(5,	17,	13),
(10,	18,	13),
(15,	19,	13),
(20,	20,	13),
(5,	21,	14),
(10,	22,	14),
(5,	25,	15),
(10,	26,	15),
(15,	27,	15),
(20,	28,	15),
(5,	29,	16),
(5,	30,	17),
(5,	31,	18),
(5,	31,	19),
(5,	32,	20),
(5,	32,	21),
(5,	33,	22),
(5,	34,	23),
(5,	35,	24),
(10,	36,	24),
(15,	37,	24),
(20,	38,	24),
(25,	39,	24),
(5,	40,	25),
(5,	41,	26),
(5,	42,	27),
(10,	43,	27),
(15,	44,	27),
(20,	45,	27),
(5,	46,	28),
(10,	47,	28),
(15,	48,	28),
(20,	49,	28),
(25,	50,	28),
(5,	51,	29),
(10,	52,	29),
(15,	53,	29),
(20,	54,	29),
(25,	55,	29),
(30,	56,	29),
(5,	57,	30),
(10,	53,	30),
(15,	58,	30),
(20,	59,	30),
(25,	55,	30),
(5,	57,	31),
(10,	53,	31),
(15,	58,	31),
(20,	59,	31),
(25,	55,	31),
(5,	34,	32),
(10,	60,	32),
(5,	61,	33),
(10,	62,	33),
(15,	63,	33),
(20,	64,	33),
(5,	65,	34),
(5,	66,	35),
(10,	67,	35),
(15,	68,	35),
(20,	69,	35),
(5,	70,	36),
(5,	71,	37),
(5,	72,	38),
(5,	73,	39),
(10,	74,	39),
(15,	75,	39),
(5,	76,	40),
(10,	77,	40),
(15,	78,	40),
(5,	73,	42),
(10,	74,	42),
(15,	75,	42),
(5,	79,	43),
(5,	80,	44),
(10,	81,	44),
(15,	82,	44),
(20,	83,	44),
(25,	84,	44),
(30,	85,	44),
(35,	86,	44),
(5,	87,	45),
(5,	88,	46),
(10,	89,	46),
(15,	90,	46),
(20,	91,	46),
(25,	92,	46),
(5,	93,	47),
(10,	94,	47),
(15,	95,	47),
(20,	96,	47),
(25,	97,	47),
(30,	98,	47),
(35,	99,	47),
(40,	100,	47),
(45,	101,	47),
(50,	102,	47),
(55,	103,	47),
(60,	104,	47),
(65,	105,	47),
(70,	106,	47),
(75,	107,	47),
(80,	108,	47),
(5,	109,	48),
(5,	110,	49),
(5,	40,	50),
(10,	111,	50),
(5,	112,	51),
(10,	113,	51),
(15,	114,	51),
(5,	115,	52),
(10,	116,	52),
(15,	117,	52),
(5,	40,	53),
(10,	111,	53),
(5,	118,	54),
(10,	119,	54),
(15,	120,	54),
(20,	49,	54),
(25,	121,	54),
(5,	122,	55),
(10,	123,	55),
(15,	124,	55),
(5,	125,	56),
(10,	126,	56),
(15,	127,	56),
(20,	128,	56),
(25,	129,	56),
(30,	130,	56),
(35,	131,	56),
(5,	132,	57),
(10,	133,	57),
(15,	134,	57),
(5,	135,	58),
(10,	136,	58),
(15,	137,	58),
(20,	138,	58),
(25,	139,	58),
(30,	140,	58),
(35,	141,	58),
(40,	142,	58),
(45,	143,	58),
(5,	40,	59),
(10,	111,	59),
(5,	144,	60),
(10,	145,	60),
(15,	146,	60),
(20,	147,	60),
(25,	148,	60),
(30,	149,	60),
(35,	150,	60),
(40,	151,	60),
(45,	152,	60),
(50,	153,	60),
(55,	154,	60),
(60,	155,	60),
(65,	156,	60),
(70,	157,	60),
(75,	158,	60),
(80,	159,	60),
(5,	160,	61),
(10,	161,	61),
(15,	162,	61),
(20,	163,	61),
(25,	164,	61),
(30,	165,	61),
(35,	166,	61),
(5,	167,	62),
(10,	168,	62),
(15,	169,	62),
(20,	170,	62),
(25,	171,	62),
(30,	172,	62),
(35,	173,	62),
(40,	174,	62),
(5,	175,	63),
(10,	176,	63),
(15,	177,	63),
(20,	178,	63),
(25,	179,	63),
(30,	180,	63),
(5,	181,	64),
(10,	182,	64),
(15,	183,	64),
(20,	184,	64),
(25,	185,	64),
(30,	186,	64),
(35,	187,	64),
(40,	188,	64),
(45,	189,	64),
(50,	190,	64),
(55,	191,	64),
(60,	192,	64),
(65,	193,	64),
(70,	194,	64),
(75,	195,	64),
(80,	196,	64),
(85,	197,	64),
(90,	198,	64),
(5,	199,	65),
(10,	200,	65),
(5,	201,	66),
(5,	202,	67),
(5,	203,	68),
(10,	204,	68),
(15,	205,	68),
(20,	206,	68),
(25,	207,	68),
(30,	208,	68),
(35,	209,	68),
(40,	210,	68),
(45,	211,	68),
(50,	212,	68),
(55,	213,	68),
(60,	214,	68),
(5,	215,	69),
(10,	216,	69),
(15,	217,	69),
(20,	218,	69),
(25,	219,	69),
(30,	220,	69),
(35,	221,	69),
(40,	222,	69),
(45,	223,	69),
(50,	224,	69),
(55,	225,	69),
(60,	226,	69),
(65,	227,	69),
(70,	228,	69),
(5,	229,	70),
(10,	230,	70),
(15,	231,	70),
(20,	232,	70),
(5,	233,	72),
(10,	234,	72),
(5,	235,	73),
(5,	236,	74),
(10,	65,	74),
(5,	70,	75),
(10,	237,	75),
(5,	238,	76),
(10,	239,	76),
(5,	2,	77),
(10,	3,	77),
(15,	6,	77),
(20,	5,	77),
(25,	7,	77),
(30,	240,	77),
(35,	4,	77),
(5,	241,	78),
(10,	242,	78),
(15,	243,	78),
(20,	244,	78),
(25,	245,	78),
(5,	8,	79),
(10,	9,	79),
(15,	10,	79),
(5,	11,	80),
(10,	12,	80),
(15,	13,	80),
(20,	14,	80),
(5,	246,	81),
(10,	247,	81),
(5,	248,	82),
(5,	15,	83),
(10,	16,	83),
(5,	17,	84),
(10,	18,	84),
(15,	19,	84),
(20,	20,	84),
(5,	21,	85),
(10,	22,	85),
(5,	2,	86),
(10,	3,	86),
(15,	6,	86),
(20,	5,	86),
(25,	7,	86),
(30,	4,	86),
(5,	8,	87),
(10,	9,	87),
(15,	10,	87),
(5,	11,	88),
(10,	12,	88),
(15,	13,	88),
(20,	14,	88),
(5,	15,	89),
(10,	16,	89),
(5,	17,	90),
(10,	18,	90),
(15,	19,	90),
(20,	20,	90),
(5,	21,	91),
(10,	22,	91),
(5,	249,	92),
(10,	250,	92),
(15,	251,	92),
(20,	252,	92),
(25,	253,	92),
(30,	254,	92),
(35,	255,	92),
(40,	256,	92),
(5,	2,	93),
(10,	3,	93),
(15,	257,	93),
(20,	5,	93),
(25,	6,	93),
(30,	7,	93),
(35,	258,	93),
(5,	8,	94),
(10,	9,	94),
(15,	10,	94),
(5,	11,	95),
(10,	12,	95),
(15,	13,	95),
(20,	14,	95),
(5,	15,	96),
(10,	16,	96),
(5,	259,	97),
(10,	260,	97),
(15,	261,	97),
(20,	262,	97),
(25,	263,	97),
(5,	4,	98),
(10,	264,	98),
(15,	243,	98),
(5,	15,	99),
(10,	16,	99),
(5,	265,	100),
(5,	2,	101),
(10,	3,	101),
(15,	4,	101),
(20,	5,	101),
(25,	6,	101),
(30,	7,	101),
(35,	243,	101),
(5,	8,	102),
(10,	9,	102),
(15,	10,	102),
(5,	11,	103),
(10,	12,	103),
(15,	13,	103),
(20,	14,	103),
(5,	15,	104),
(10,	16,	104),
(5,	17,	105),
(10,	18,	105),
(15,	19,	105),
(20,	20,	105),
(5,	21,	106),
(10,	22,	106),
(5,	266,	107),
(5,	265,	108),
(5,	2,	109),
(10,	3,	109),
(15,	6,	109),
(20,	5,	109),
(25,	7,	109),
(30,	267,	109),
(35,	268,	109),
(40,	269,	109),
(45,	270,	109),
(5,	8,	110),
(10,	9,	110),
(15,	10,	110),
(5,	11,	111),
(10,	12,	111),
(15,	13,	111),
(20,	14,	111),
(5,	15,	112),
(10,	16,	112),
(5,	17,	113),
(10,	18,	113),
(15,	19,	113),
(20,	20,	113),
(5,	21,	114),
(10,	22,	114),
(5,	2,	115),
(10,	3,	115),
(15,	6,	115),
(20,	7,	115),
(25,	5,	115),
(30,	269,	115),
(35,	270,	115),
(5,	8,	116),
(10,	9,	116),
(15,	10,	116),
(5,	11,	117),
(10,	12,	117),
(15,	13,	117),
(20,	14,	117),
(5,	243,	118),
(10,	264,	118),
(15,	271,	118),
(5,	15,	119),
(10,	16,	119),
(5,	17,	120),
(10,	18,	120),
(15,	19,	120),
(20,	20,	120),
(5,	21,	121),
(10,	22,	121),
(5,	2,	122),
(10,	3,	122),
(15,	6,	122),
(20,	5,	122),
(25,	7,	122),
(5,	8,	123),
(10,	9,	123),
(15,	10,	123),
(5,	11,	124),
(10,	12,	124),
(15,	13,	124),
(20,	14,	124),
(5,	272,	125),
(10,	264,	125),
(5,	15,	126),
(10,	16,	126),
(5,	17,	127),
(10,	18,	127),
(15,	19,	127),
(20,	20,	127),
(5,	21,	128),
(10,	22,	128),
(5,	2,	129),
(10,	3,	129),
(15,	6,	129),
(20,	5,	129),
(25,	7,	129),
(5,	8,	130),
(10,	9,	130),
(15,	10,	130),
(5,	11,	131),
(10,	12,	131),
(15,	13,	131),
(20,	14,	131),
(5,	272,	132),
(10,	243,	132),
(15,	264,	132),
(5,	15,	133),
(10,	16,	133),
(5,	17,	134),
(10,	18,	134),
(15,	19,	134),
(20,	20,	134),
(5,	21,	135),
(10,	22,	135),
(5,	265,	136),
(5,	273,	137),
(10,	274,	137),
(5,	2,	138),
(10,	3,	138),
(15,	6,	138),
(20,	5,	138),
(25,	7,	138),
(5,	8,	139),
(10,	9,	139),
(15,	10,	139),
(5,	11,	140),
(10,	12,	140),
(15,	13,	140),
(20,	14,	140),
(5,	275,	141),
(10,	276,	141),
(15,	243,	141),
(20,	277,	141),
(25,	278,	141),
(5,	15,	142),
(10,	16,	142),
(5,	17,	143),
(10,	18,	143),
(15,	19,	143),
(20,	20,	143),
(5,	21,	144),
(10,	22,	144),
(5,	2,	145),
(10,	3,	145),
(15,	4,	145),
(20,	5,	145),
(25,	6,	145),
(30,	7,	145),
(5,	8,	146),
(10,	9,	146),
(15,	10,	146),
(5,	11,	147),
(10,	12,	147),
(15,	13,	147),
(20,	14,	147),
(5,	15,	148),
(10,	16,	148),
(5,	17,	149),
(10,	18,	149),
(15,	19,	149),
(20,	20,	149),
(5,	21,	150),
(10,	22,	150),
(5,	279,	151),
(5,	280,	152),
(10,	281,	152),
(15,	282,	152),
(20,	283,	152),
(5,	284,	153),
(10,	285,	153),
(15,	286,	153),
(20,	287,	153),
(5,	288,	154),
(10,	289,	154),
(15,	290,	154),
(20,	291,	154),
(25,	292,	154),
(5,	293,	155),
(5,	294,	156),
(5,	295,	157),
(10,	296,	157),
(15,	297,	157),
(5,	2,	158),
(10,	3,	158),
(15,	5,	158),
(20,	6,	158),
(25,	7,	158),
(5,	8,	159),
(10,	9,	159),
(15,	10,	159),
(5,	11,	160),
(10,	12,	160),
(15,	13,	160),
(20,	14,	160),
(5,	267,	161),
(10,	298,	161),
(15,	299,	161),
(5,	15,	162),
(10,	16,	162),
(5,	17,	163),
(10,	18,	163),
(15,	19,	163),
(20,	20,	163),
(5,	21,	164),
(10,	22,	164),
(5,	2,	165),
(10,	3,	165),
(15,	5,	165),
(20,	6,	165),
(25,	7,	165),
(5,	8,	166),
(10,	9,	166),
(15,	10,	166),
(5,	11,	167),
(10,	12,	167),
(15,	13,	167),
(20,	14,	167),
(5,	300,	168),
(10,	267,	168),
(15,	298,	168),
(20,	299,	168),
(5,	15,	169),
(10,	16,	169),
(5,	17,	170),
(10,	18,	170),
(15,	19,	170),
(20,	20,	170),
(5,	21,	171),
(10,	22,	171),
(5,	2,	172),
(10,	3,	172),
(15,	4,	172),
(20,	5,	172),
(25,	6,	172),
(30,	7,	172),
(5,	8,	173),
(10,	9,	173),
(15,	10,	173),
(5,	11,	174),
(10,	12,	174),
(15,	13,	174),
(20,	14,	174),
(5,	15,	175),
(10,	16,	175),
(5,	17,	176),
(10,	18,	176),
(15,	19,	176),
(20,	20,	176),
(5,	21,	177),
(10,	22,	177),
(5,	2,	178),
(10,	3,	178),
(15,	4,	178),
(20,	5,	178),
(25,	6,	178),
(30,	7,	178),
(5,	8,	179),
(10,	9,	179),
(15,	10,	179),
(5,	11,	180),
(10,	12,	180),
(15,	13,	180),
(20,	14,	180),
(5,	15,	181),
(10,	16,	181),
(5,	17,	182),
(10,	18,	182),
(15,	19,	182),
(20,	20,	182),
(5,	21,	183),
(10,	22,	183),
(5,	2,	184),
(10,	3,	184),
(15,	5,	184),
(20,	6,	184),
(25,	7,	184),
(30,	276,	184),
(35,	301,	184),
(40,	264,	184),
(45,	243,	184),
(5,	8,	185),
(10,	9,	185),
(15,	10,	185),
(5,	11,	186),
(10,	12,	186),
(15,	13,	186),
(20,	14,	186),
(5,	17,	187),
(10,	18,	187),
(15,	19,	187),
(20,	20,	187),
(5,	21,	188),
(10,	22,	188),
(5,	265,	189),
(5,	302,	190),
(10,	303,	190),
(15,	304,	190),
(20,	305,	190),
(25,	306,	190),
(30,	307,	190),
(5,	308,	191),
(10,	309,	191),
(5,	310,	192),
(10,	311,	192),
(15,	312,	192),
(5,	313,	193),
(10,	314,	193),
(15,	315,	193),
(5,	316,	194),
(10,	317,	194),
(15,	318,	194),
(20,	319,	194),
(5,	320,	195),
(10,	321,	195),
(15,	322,	195),
(20,	323,	195),
(25,	324,	195),
(5,	325,	196),
(10,	326,	196),
(15,	327,	196),
(5,	2,	197),
(10,	3,	197),
(15,	6,	197),
(20,	5,	197),
(25,	7,	197),
(5,	8,	198),
(10,	9,	198),
(15,	10,	198),
(5,	11,	199),
(10,	12,	199),
(15,	13,	199),
(20,	14,	199),
(5,	267,	200),
(10,	328,	200),
(5,	15,	201),
(10,	16,	201),
(5,	17,	202),
(10,	18,	202),
(15,	19,	202),
(20,	20,	202),
(5,	21,	203),
(10,	22,	203),
(5,	329,	204),
(10,	330,	204),
(15,	331,	204),
(20,	332,	204),
(25,	333,	204),
(5,	2,	205),
(10,	3,	205),
(15,	6,	205),
(20,	5,	205),
(25,	7,	205),
(30,	334,	205),
(5,	8,	206),
(10,	9,	206),
(15,	10,	206),
(5,	11,	207),
(10,	14,	207),
(5,	335,	208),
(10,	336,	208),
(15,	337,	208),
(20,	338,	208),
(5,	339,	210),
(10,	340,	210),
(15,	341,	210),
(5,	342,	211),
(10,	343,	211),
(5,	15,	212),
(10,	16,	212),
(5,	17,	213),
(10,	18,	213),
(15,	19,	213),
(20,	20,	213),
(5,	21,	214),
(10,	22,	214),
(5,	47,	215),
(10,	46,	215),
(15,	48,	215),
(20,	344,	215),
(25,	345,	215),
(30,	346,	215),
(35,	347,	215),
(5,	49,	216),
(10,	50,	216),
(15,	348,	216),
(5,	349,	217),
(5,	350,	218),
(5,	65,	219),
(10,	351,	219),
(5,	70,	220),
(10,	352,	220),
(5,	70,	221),
(10,	353,	221),
(15,	354,	221),
(5,	70,	222),
(10,	355,	222),
(15,	356,	222),
(5,	70,	223),
(10,	357,	223),
(15,	358,	223),
(5,	70,	224),
(10,	359,	224),
(5,	70,	225),
(10,	360,	225),
(5,	135,	226),
(10,	136,	226),
(15,	137,	226),
(20,	138,	226),
(25,	139,	226),
(30,	140,	226),
(35,	141,	226),
(40,	142,	226),
(45,	143,	226),
(5,	135,	227),
(10,	136,	227),
(15,	138,	227),
(20,	139,	227),
(25,	140,	227),
(30,	141,	227),
(35,	142,	227),
(40,	143,	227),
(5,	361,	228),
(10,	137,	228),
(5,	135,	229),
(10,	136,	229),
(15,	138,	229),
(20,	139,	229),
(25,	140,	229),
(30,	141,	229),
(35,	142,	229),
(40,	143,	229),
(5,	362,	230),
(10,	363,	230),
(5,	135,	231),
(10,	136,	231),
(15,	138,	231),
(20,	141,	231),
(25,	142,	231),
(30,	143,	231),
(5,	364,	232),
(10,	365,	232),
(15,	366,	232),
(20,	367,	232),
(25,	368,	232),
(30,	369,	232),
(35,	370,	232),
(40,	371,	232),
(45,	139,	232),
(50,	140,	232),
(5,	115,	233),
(10,	116,	233),
(15,	117,	233),
(5,	372,	234),
(10,	373,	234),
(15,	374,	234),
(20,	375,	234),
(25,	376,	234),
(30,	377,	234),
(5,	115,	235),
(10,	116,	235),
(15,	117,	235),
(5,	378,	236),
(10,	379,	236),
(15,	380,	236),
(20,	381,	236),
(5,	115,	237),
(10,	116,	237),
(15,	117,	237),
(5,	115,	238),
(10,	116,	238),
(15,	117,	238),
(5,	382,	239),
(10,	383,	239),
(15,	384,	239),
(20,	385,	239),
(25,	380,	239),
(5,	115,	240),
(10,	116,	240),
(15,	117,	240),
(5,	386,	241),
(10,	387,	241),
(5,	115,	242),
(10,	116,	242),
(15,	117,	242),
(5,	388,	243),
(10,	389,	243),
(15,	390,	243),
(20,	391,	243),
(25,	392,	243),
(30,	393,	243),
(35,	394,	243),
(40,	395,	243),
(45,	376,	243),
(50,	396,	243),
(5,	115,	244),
(10,	116,	244),
(15,	117,	244),
(5,	397,	245),
(10,	398,	245),
(15,	399,	245),
(20,	400,	245),
(25,	401,	245),
(30,	402,	245),
(35,	380,	245),
(5,	115,	246),
(10,	116,	246),
(15,	117,	246),
(5,	403,	247),
(10,	404,	247),
(15,	405,	247),
(5,	115,	248),
(10,	406,	248),
(15,	407,	248),
(20,	387,	248),
(25,	408,	248),
(30,	116,	248),
(35,	117,	248),
(5,	115,	249),
(10,	116,	249),
(15,	117,	249),
(5,	409,	250),
(10,	410,	250),
(15,	411,	250),
(20,	412,	250),
(25,	413,	250),
(5,	115,	251),
(10,	116,	251),
(15,	117,	251),
(5,	414,	252),
(10,	415,	252),
(15,	416,	252),
(20,	417,	252),
(25,	408,	252),
(30,	380,	252),
(5,	115,	253),
(10,	116,	253),
(15,	117,	253),
(5,	385,	254),
(10,	418,	254),
(15,	419,	254),
(20,	420,	254),
(5,	115,	255),
(10,	116,	255),
(15,	117,	255),
(5,	421,	256),
(10,	422,	256),
(15,	380,	256),
(20,	381,	256),
(5,	423,	257),
(10,	424,	257),
(15,	425,	257),
(5,	426,	258),
(10,	427,	258),
(5,	428,	259),
(10,	429,	259),
(5,	430,	260),
(10,	431,	260),
(15,	432,	260),
(20,	433,	260),
(25,	434,	260),
(30,	435,	260),
(5,	436,	261),
(10,	437,	261),
(15,	438,	261),
(5,	439,	262),
(10,	440,	262),
(15,	441,	262),
(20,	442,	262),
(25,	443,	262),
(5,	444,	263),
(10,	445,	263),
(5,	446,	264),
(5,	426,	265),
(10,	427,	265),
(5,	447,	266),
(10,	448,	266),
(15,	449,	266),
(20,	450,	266),
(5,	428,	267),
(10,	429,	267),
(5,	430,	268),
(10,	431,	268),
(15,	432,	268),
(20,	433,	268),
(25,	434,	268),
(30,	435,	268),
(5,	436,	269),
(10,	437,	269),
(15,	438,	269),
(5,	439,	270),
(10,	440,	270),
(15,	441,	270),
(20,	442,	270),
(25,	443,	270),
(5,	444,	271),
(10,	445,	271),
(5,	446,	272),
(5,	426,	273),
(10,	427,	273),
(5,	451,	274),
(10,	448,	274),
(15,	449,	274),
(20,	452,	274),
(5,	428,	275),
(10,	429,	275),
(5,	430,	276),
(10,	431,	276),
(15,	432,	276),
(20,	433,	276),
(25,	434,	276),
(30,	435,	276),
(5,	436,	277),
(10,	437,	277),
(15,	438,	277),
(5,	439,	278),
(10,	440,	278),
(15,	441,	278),
(20,	442,	278),
(25,	443,	278),
(5,	444,	279),
(10,	445,	279),
(5,	446,	280),
(5,	426,	281),
(10,	427,	281),
(5,	453,	282),
(5,	428,	283),
(10,	429,	283),
(5,	430,	284),
(10,	431,	284),
(15,	432,	284),
(20,	433,	284),
(25,	434,	284),
(30,	435,	284),
(5,	436,	285),
(10,	437,	285),
(15,	438,	285),
(5,	439,	286),
(10,	440,	286),
(15,	441,	286),
(20,	442,	286),
(25,	443,	286),
(5,	444,	287),
(10,	445,	287),
(5,	446,	288),
(5,	454,	289),
(10,	455,	289),
(5,	456,	290),
(10,	457,	290),
(15,	458,	290),
(20,	459,	290),
(25,	460,	290),
(30,	461,	290),
(5,	462,	291),
(10,	463,	291),
(15,	464,	291),
(20,	465,	291),
(25,	466,	291),
(5,	2,	292),
(10,	3,	292),
(15,	5,	292),
(20,	6,	292),
(25,	7,	292),
(30,	4,	292),
(5,	8,	293),
(10,	9,	293),
(15,	10,	293),
(5,	11,	294),
(10,	12,	294),
(15,	13,	294),
(20,	14,	294),
(5,	467,	295),
(10,	468,	295),
(5,	15,	296),
(10,	16,	296),
(5,	17,	297),
(10,	18,	297),
(15,	19,	297),
(20,	20,	297),
(5,	21,	298),
(10,	22,	298),
(5,	469,	299),
(10,	470,	299),
(15,	471,	299),
(5,	43,	300),
(5,	43,	301),
(5,	2,	302),
(10,	3,	302),
(15,	4,	302),
(20,	5,	302),
(25,	6,	302),
(30,	7,	302),
(5,	8,	303),
(10,	9,	303),
(15,	10,	303),
(5,	11,	304),
(10,	12,	304),
(15,	13,	304),
(20,	14,	304),
(5,	15,	305),
(10,	16,	305),
(5,	17,	306),
(10,	18,	306),
(15,	19,	306),
(20,	20,	306),
(5,	21,	307),
(10,	22,	307),
(5,	472,	308),
(10,	473,	308),
(15,	474,	308),
(20,	475,	308),
(25,	476,	308),
(30,	477,	308),
(35,	478,	308),
(40,	479,	308),
(45,	480,	308),
(50,	481,	308),
(55,	482,	308),
(40,	483,	44),
(5,	484,	309),
(75,	485,	69),
(15,	243,	125),
(5,	280,	311),
(10,	281,	311),
(15,	282,	311),
(20,	283,	311),
(5,	486,	312),
(10,	487,	312),
(15,	488,	312),
(5,	489,	313),
(5,	490,	314),
(10,	491,	314),
(15,	492,	314),
(20,	493,	314),
(25,	494,	314),
(30,	495,	314),
(5,	2,	315),
(10,	3,	315),
(15,	6,	315),
(20,	5,	315),
(25,	7,	315),
(30,	334,	315),
(5,	8,	316),
(10,	9,	316),
(15,	10,	316),
(5,	11,	317),
(10,	14,	317),
(5,	335,	318),
(10,	336,	318),
(15,	337,	318),
(20,	338,	318),
(5,	339,	320),
(10,	340,	320),
(15,	341,	320),
(5,	342,	321),
(10,	343,	321),
(5,	15,	322),
(10,	16,	322),
(5,	17,	323),
(10,	18,	323),
(15,	19,	323),
(20,	20,	323),
(5,	21,	324),
(10,	22,	324),
(35,	496,	315),
(40,	497,	315),
(5,	498,	325),
(5,	499,	326),
(5,	500,	327),
(10,	501,	327),
(15,	502,	327),
(20,	503,	327),
(5,	504,	328),
(10,	505,	328),
(15,	506,	328),
(20,	507,	328),
(25,	508,	328),
(30,	509,	328),
(35,	510,	328),
(40,	511,	328),
(45,	512,	328),
(50,	513,	328),
(5,	514,	329),
(5,	2,	330),
(10,	3,	330),
(15,	6,	330),
(20,	5,	330),
(25,	7,	330),
(30,	334,	330),
(5,	8,	331),
(10,	9,	331),
(15,	10,	331),
(5,	11,	332),
(10,	14,	332),
(5,	335,	333),
(10,	336,	333),
(15,	337,	333),
(20,	338,	333),
(5,	339,	335),
(10,	340,	335),
(15,	341,	335),
(5,	342,	336),
(10,	343,	336),
(5,	15,	337),
(10,	16,	337),
(5,	17,	338),
(10,	18,	338),
(15,	19,	338),
(20,	20,	338),
(5,	21,	339),
(10,	22,	339),
(5,	498,	340),
(5,	499,	341),
(5,	515,	342),
(5,	2,	343),
(10,	3,	343),
(15,	6,	343),
(20,	5,	343),
(25,	7,	343),
(30,	334,	343),
(5,	8,	344),
(10,	9,	344),
(15,	10,	344),
(5,	11,	345),
(10,	14,	345),
(5,	335,	346),
(10,	336,	346),
(15,	337,	346),
(20,	338,	346),
(5,	339,	348),
(10,	340,	348),
(15,	341,	348),
(5,	342,	349),
(10,	343,	349),
(5,	15,	350),
(10,	16,	350),
(5,	17,	351),
(10,	18,	351),
(15,	19,	351),
(20,	20,	351),
(5,	21,	352),
(10,	22,	352),
(5,	498,	353),
(5,	499,	354),
(5,	516,	355),
(10,	517,	355),
(15,	518,	230),
(20,	519,	230),
(25,	520,	230),
(5,	87,	356);

DROP TABLE IF EXISTS `cms3_filter_index_56_pages_228`;
CREATE TABLE `cms3_filter_index_56_pages_228` (
  `id` int(10) unsigned NOT NULL,
  `obj_id` int(10) unsigned NOT NULL,
  `parent_id` int(10) unsigned NOT NULL,
  `type_id` int(10) unsigned NOT NULL,
  `lang_id` int(10) unsigned NOT NULL,
  `domain_id` int(10) unsigned NOT NULL,
  `brend` varchar(255) DEFAULT NULL,
  `cvet` varchar(255) DEFAULT NULL,
  `cvet_korpusa` varchar(255) DEFAULT NULL,
  `material_korpusa` varchar(255) DEFAULT NULL,
  `nalichie_budilnika` tinyint(1) DEFAULT 0,
  `naznachenie` varchar(255) DEFAULT NULL,
  `novoe_pole` varchar(255) DEFAULT NULL,
  `obem_upakovki` double DEFAULT NULL,
  `price` double DEFAULT 0,
  `proizvoditel` varchar(255) DEFAULT NULL,
  `razmer` varchar(255) DEFAULT NULL,
  `razmer_pitomca` varchar(255) DEFAULT NULL,
  `razmer_ramy_dyujmy` double DEFAULT NULL,
  `sezon` varchar(255) DEFAULT NULL,
  `sostav_napolnitelya` varchar(255) DEFAULT NULL,
  `steklo` varchar(255) DEFAULT NULL,
  `tip` varchar(255) DEFAULT NULL,
  `tip_mehanizma` varchar(255) DEFAULT NULL,
  `ves` double DEFAULT NULL,
  `ves_upakovki` double DEFAULT NULL,
  `ves_velosipeda` double DEFAULT NULL,
  `vid` varchar(255) DEFAULT NULL,
  `vmestimost` bigint(20) DEFAULT NULL,
  `vozrast` varchar(255) DEFAULT NULL,
  `vysota` double DEFAULT NULL,
  `zastezhka` varchar(255) DEFAULT NULL,
  PRIMARY KEY (`id`),
  KEY `obj_id` (`obj_id`),
  KEY `parent_id` (`parent_id`),
  KEY `type_id` (`type_id`),
  KEY `lang_id` (`lang_id`),
  KEY `domain_id` (`domain_id`),
  KEY `brend` (`brend`),
  KEY `cvet` (`cvet`),
  KEY `cvet_korpusa` (`cvet_korpusa`),
  KEY `material_korpusa` (`material_korpusa`),
  KEY `naznachenie` (`naznachenie`),
  KEY `novoe_pole` (`novoe_pole`),
  KEY `obem_upakovki` (`obem_upakovki`),
  KEY `price` (`price`),
  KEY `proizvoditel` (`proizvoditel`),
  KEY `razmer` (`razmer`),
  KEY `razmer_pitomca` (`razmer_pitomca`),
  KEY `razmer_ramy_dyujmy` (`razmer_ramy_dyujmy`),
  KEY `sezon` (`sezon`),
  KEY `sostav_napolnitelya` (`sostav_napolnitelya`),
  KEY `steklo` (`steklo`),
  KEY `tip` (`tip`),
  KEY `tip_mehanizma` (`tip_mehanizma`),
  KEY `ves` (`ves`),
  KEY `ves_upakovki` (`ves_upakovki`),
  KEY `ves_velosipeda` (`ves_velosipeda`),
  KEY `vid` (`vid`),
  KEY `vmestimost` (`vmestimost`),
  KEY `vozrast` (`vozrast`),
  KEY `vysota` (`vysota`),
  KEY `zastezhka` (`zastezhka`)
) ENGINE=InnoDB DEFAULT CHARSET=utf8;

INSERT INTO `cms3_filter_index_56_pages_228` (`id`, `obj_id`, `parent_id`, `type_id`, `lang_id`, `domain_id`, `brend`, `cvet`, `cvet_korpusa`, `material_korpusa`, `nalichie_budilnika`, `naznachenie`, `novoe_pole`, `obem_upakovki`, `price`, `proizvoditel`, `razmer`, `razmer_pitomca`, `razmer_ramy_dyujmy`, `sezon`, `sostav_napolnitelya`, `steklo`, `tip`, `tip_mehanizma`, `ves`, `ves_upakovki`, `ves_velosipeda`, `vid`, `vmestimost`, `vozrast`, `vysota`, `zastezhka`) VALUES
(1,	1407,	248,	136,	1,	1,	NULL,	NULL,	'Серый',	'Нержавеющая сталь',	0,	NULL,	'Jacques Lemans',	NULL,	13900,	NULL,	NULL,	NULL,	NULL,	NULL,	NULL,	'Минеральное',	NULL,	'Китай',	NULL,	NULL,	NULL,	NULL,	NULL,	NULL,	NULL,	NULL),
(2,	1408,	253,	136,	1,	1,	NULL,	NULL,	'Золотой',	'Нержавеющая сталь + PVD покрытие',	0,	NULL,	'Epos',	NULL,	70550,	NULL,	NULL,	NULL,	NULL,	NULL,	NULL,	'Сапфировое',	NULL,	'Швейцария',	NULL,	NULL,	NULL,	NULL,	NULL,	NULL,	NULL,	NULL),
(3,	1409,	248,	136,	1,	1,	NULL,	NULL,	NULL,	'Титан',	0,	NULL,	'Hublot',	NULL,	49800,	NULL,	NULL,	NULL,	NULL,	NULL,	NULL,	'Сапфировое',	NULL,	'Швейцария',	NULL,	NULL,	NULL,	NULL,	NULL,	NULL,	NULL,	NULL),
(4,	1410,	248,	136,	1,	1,	NULL,	NULL,	'Черный',	'Нержавеющая сталь',	0,	NULL,	'Suunto',	NULL,	14690,	NULL,	NULL,	NULL,	NULL,	NULL,	NULL,	'Минеральное',	NULL,	'Финляндия',	NULL,	NULL,	NULL,	NULL,	NULL,	NULL,	NULL,	NULL),
(5,	1411,	248,	136,	1,	1,	NULL,	NULL,	'Синий',	'Пластик',	0,	NULL,	'Timex',	NULL,	8120,	NULL,	NULL,	NULL,	NULL,	NULL,	NULL,	'Пластик',	NULL,	'США',	NULL,	NULL,	NULL,	NULL,	NULL,	NULL,	NULL,	NULL),
(6,	1412,	253,	136,	1,	1,	NULL,	NULL,	'Белый',	'Нержавеющая сталь + PVD покрытие',	1,	NULL,	'Victorinox Swiss Army',	NULL,	34700,	NULL,	NULL,	NULL,	NULL,	NULL,	NULL,	'Сапфировое',	NULL,	'США',	NULL,	NULL,	NULL,	NULL,	NULL,	NULL,	NULL,	NULL),
(7,	1413,	253,	136,	1,	1,	NULL,	NULL,	'Белый',	'Нержавеющая сталь',	0,	NULL,	'Seiko',	NULL,	22900,	NULL,	NULL,	NULL,	NULL,	NULL,	NULL,	'Сапфировое',	NULL,	'Япония',	NULL,	NULL,	NULL,	NULL,	NULL,	NULL,	NULL,	NULL),
(8,	1414,	253,	136,	1,	1,	NULL,	NULL,	'Черный',	'Керамика',	0,	NULL,	'Candino',	NULL,	19900,	NULL,	NULL,	NULL,	NULL,	NULL,	NULL,	'Сапфировое',	NULL,	'Швейцария',	NULL,	NULL,	NULL,	NULL,	NULL,	NULL,	NULL,	NULL),
(9,	1415,	253,	136,	1,	1,	NULL,	NULL,	'Золотой',	'Нержавеющая сталь',	0,	NULL,	'Michael Kors',	NULL,	11500,	NULL,	NULL,	NULL,	NULL,	NULL,	NULL,	'Минеральное',	NULL,	'Китай',	NULL,	NULL,	NULL,	NULL,	NULL,	NULL,	NULL,	NULL),
(10,	1416,	253,	136,	1,	1,	NULL,	NULL,	'Черный',	'Пластик',	1,	NULL,	'Posio',	NULL,	3790,	NULL,	NULL,	NULL,	NULL,	NULL,	NULL,	'Пластик',	NULL,	'Япония',	NULL,	NULL,	NULL,	NULL,	NULL,	NULL,	NULL,	NULL),
(11,	1417,	253,	136,	1,	1,	NULL,	NULL,	'Серый',	'Нержавеющая сталь',	0,	NULL,	'Jacques Lemans',	NULL,	13400,	NULL,	NULL,	NULL,	NULL,	NULL,	NULL,	'Минеральное',	NULL,	'Китай',	NULL,	NULL,	NULL,	NULL,	NULL,	NULL,	NULL,	NULL),
(12,	1418,	248,	136,	1,	1,	NULL,	NULL,	'Золотой',	'Нержавеющая сталь + PVD покрытие',	0,	NULL,	'Epos',	NULL,	58055,	NULL,	NULL,	NULL,	NULL,	NULL,	NULL,	'Сапфировое',	NULL,	'Швейцария',	NULL,	NULL,	NULL,	NULL,	NULL,	NULL,	NULL,	NULL),
(13,	1419,	248,	136,	1,	1,	NULL,	NULL,	NULL,	'Титан',	0,	NULL,	'Hublot',	NULL,	40500,	NULL,	NULL,	NULL,	NULL,	NULL,	NULL,	'Сапфировое',	NULL,	'Швейцария',	NULL,	NULL,	NULL,	NULL,	NULL,	NULL,	NULL,	NULL),
(14,	1420,	248,	136,	1,	1,	NULL,	NULL,	'Черный',	'Нержавеющая сталь',	0,	NULL,	'Suunto',	NULL,	11690,	NULL,	NULL,	NULL,	NULL,	NULL,	NULL,	'Минеральное',	NULL,	'Финляндия',	NULL,	NULL,	NULL,	NULL,	NULL,	NULL,	NULL,	NULL),
(15,	1421,	248,	136,	1,	1,	NULL,	NULL,	'Синий',	'Пластик',	0,	NULL,	'Timex',	NULL,	6190,	NULL,	NULL,	NULL,	NULL,	NULL,	NULL,	'Пластик',	NULL,	'США',	NULL,	NULL,	NULL,	NULL,	NULL,	NULL,	NULL,	NULL),
(16,	1422,	248,	136,	1,	1,	NULL,	NULL,	'Серый',	'Нержавеющая сталь',	0,	NULL,	'Jacques Lemans',	NULL,	15000,	NULL,	NULL,	NULL,	NULL,	NULL,	NULL,	'Минеральное',	NULL,	'Китай',	NULL,	NULL,	NULL,	NULL,	NULL,	NULL,	NULL,	NULL),
(17,	1423,	248,	136,	1,	1,	NULL,	NULL,	'Золотой',	'Нержавеющая сталь + PVD покрытие',	0,	NULL,	'Epos',	NULL,	78550,	NULL,	NULL,	NULL,	NULL,	NULL,	NULL,	'Сапфировое',	NULL,	'Швейцария',	NULL,	NULL,	NULL,	NULL,	NULL,	NULL,	NULL,	NULL),
(18,	1424,	248,	136,	1,	1,	NULL,	NULL,	'Золотой',	'Нержавеющая сталь + PVD покрытие',	0,	NULL,	'Epos',	NULL,	70550,	NULL,	NULL,	NULL,	NULL,	NULL,	NULL,	'Сапфировое',	NULL,	'Швейцария',	NULL,	NULL,	NULL,	NULL,	NULL,	NULL,	NULL,	NULL),
(19,	1425,	231,	145,	1,	1,	NULL,	'Красный',	NULL,	NULL,	0,	'Женский',	NULL,	NULL,	9900,	NULL,	NULL,	NULL,	9,	NULL,	NULL,	NULL,	'Городской',	NULL,	NULL,	NULL,	5,	'Хардтейл',	NULL,	NULL,	NULL,	NULL),
(20,	1365,	231,	145,	1,	1,	NULL,	'Красный',	NULL,	NULL,	0,	'Унисекс',	NULL,	NULL,	8900,	NULL,	NULL,	NULL,	10,	NULL,	NULL,	NULL,	'Городской',	NULL,	NULL,	NULL,	4,	'Хардтейл',	NULL,	NULL,	NULL,	NULL),
(21,	1427,	231,	145,	1,	1,	NULL,	'Красный',	NULL,	NULL,	0,	'Женский',	NULL,	NULL,	8900,	NULL,	NULL,	NULL,	9,	NULL,	NULL,	NULL,	'Городской',	NULL,	NULL,	NULL,	5,	'Хардтейл',	NULL,	NULL,	NULL,	NULL),
(22,	1428,	231,	145,	1,	1,	NULL,	'Красный',	NULL,	NULL,	0,	'Унисекс',	NULL,	NULL,	11900,	NULL,	NULL,	NULL,	10,	NULL,	NULL,	NULL,	'Городской',	NULL,	NULL,	NULL,	4,	'Хардтейл',	NULL,	NULL,	NULL,	NULL),
(23,	1429,	231,	145,	1,	1,	NULL,	'Красный',	NULL,	NULL,	0,	'Унисекс',	NULL,	NULL,	5500,	NULL,	NULL,	NULL,	8,	NULL,	NULL,	NULL,	'Городской',	NULL,	NULL,	NULL,	6,	'Хардтейл',	NULL,	NULL,	NULL,	NULL),
(24,	1430,	231,	145,	1,	1,	NULL,	'Красный',	NULL,	NULL,	0,	'Женский',	NULL,	NULL,	9400,	NULL,	NULL,	NULL,	9,	NULL,	NULL,	NULL,	'Городской',	NULL,	NULL,	NULL,	5,	'Хардтейл',	NULL,	NULL,	NULL,	NULL),
(25,	1431,	231,	145,	1,	1,	NULL,	'Красный',	NULL,	NULL,	0,	'Унисекс',	NULL,	NULL,	8900,	NULL,	NULL,	NULL,	10,	NULL,	NULL,	NULL,	'Городской',	NULL,	NULL,	NULL,	4,	'Хардтейл',	NULL,	NULL,	NULL,	NULL),
(26,	1432,	231,	145,	1,	1,	NULL,	'Красный',	NULL,	NULL,	0,	'Унисекс',	NULL,	NULL,	13000,	NULL,	NULL,	NULL,	10,	NULL,	NULL,	NULL,	'Городской',	NULL,	NULL,	NULL,	4,	'Хардтейл',	NULL,	NULL,	NULL,	NULL),
(27,	1433,	231,	145,	1,	1,	NULL,	'Красный',	NULL,	NULL,	0,	'Женский',	NULL,	NULL,	12000,	NULL,	NULL,	NULL,	9,	NULL,	NULL,	NULL,	'Городской',	NULL,	NULL,	NULL,	5,	'Хардтейл',	NULL,	NULL,	NULL,	NULL),
(28,	1434,	231,	145,	1,	1,	NULL,	'Красный',	NULL,	NULL,	0,	'Унисекс',	NULL,	NULL,	12900,	NULL,	NULL,	NULL,	10,	NULL,	NULL,	NULL,	'Городской',	NULL,	NULL,	NULL,	4,	'Хардтейл',	NULL,	NULL,	NULL,	NULL),
(29,	1435,	230,	145,	1,	1,	NULL,	'Бирюзовый',	NULL,	NULL,	0,	'Женский',	NULL,	NULL,	19990,	NULL,	NULL,	NULL,	18,	NULL,	NULL,	NULL,	'Дорожный',	NULL,	NULL,	NULL,	13,	'Хардтейл',	NULL,	NULL,	NULL,	NULL),
(30,	1436,	231,	145,	1,	1,	NULL,	'Красный',	NULL,	NULL,	0,	'Унисекс',	NULL,	NULL,	5900,	NULL,	NULL,	NULL,	8,	NULL,	NULL,	NULL,	'Городской',	NULL,	NULL,	NULL,	6,	'Хардтейл',	NULL,	NULL,	NULL,	NULL),
(31,	1437,	230,	145,	1,	1,	NULL,	'Черный',	NULL,	NULL,	0,	'Женский',	NULL,	NULL,	22900,	NULL,	NULL,	NULL,	21,	NULL,	NULL,	NULL,	'Дорожный',	NULL,	NULL,	NULL,	12,	'Дорожный',	NULL,	NULL,	NULL,	NULL),
(32,	1367,	230,	145,	1,	1,	NULL,	'Черный',	NULL,	NULL,	0,	'Мужской',	NULL,	NULL,	14990,	NULL,	NULL,	NULL,	18,	NULL,	NULL,	NULL,	'Городской',	NULL,	NULL,	NULL,	11,	'Хардтейл',	NULL,	NULL,	NULL,	NULL),
(33,	1360,	230,	145,	1,	1,	NULL,	'Зеленый',	NULL,	NULL,	0,	'Мужской',	NULL,	NULL,	39900,	NULL,	NULL,	NULL,	19,	NULL,	NULL,	NULL,	'Дорожный',	NULL,	NULL,	NULL,	12,	'Хардтейл',	NULL,	NULL,	NULL,	NULL),
(34,	1440,	230,	145,	1,	1,	NULL,	'Красный',	NULL,	NULL,	0,	'Унисекс',	NULL,	NULL,	18990,	NULL,	NULL,	NULL,	20,	NULL,	NULL,	NULL,	'Дорожный',	NULL,	NULL,	NULL,	11,	'Двухподвес',	NULL,	NULL,	NULL,	NULL),
(35,	1441,	230,	145,	1,	1,	NULL,	'Бирюзовый',	NULL,	NULL,	0,	'Женский',	NULL,	NULL,	13990,	NULL,	NULL,	NULL,	18,	NULL,	NULL,	NULL,	'Дорожный',	NULL,	NULL,	NULL,	13,	'Хардтейл',	NULL,	NULL,	NULL,	NULL),
(36,	1363,	230,	145,	1,	1,	NULL,	'Серый',	NULL,	NULL,	0,	'Женский',	NULL,	NULL,	32900,	NULL,	NULL,	NULL,	21,	NULL,	NULL,	NULL,	'Дорожный',	NULL,	NULL,	NULL,	9,	'Двухподвес',	NULL,	NULL,	NULL,	NULL),
(37,	1443,	230,	145,	1,	1,	NULL,	'Зеленый',	NULL,	NULL,	0,	'Мужской',	NULL,	NULL,	69900,	NULL,	NULL,	NULL,	20,	NULL,	NULL,	NULL,	'Горный',	NULL,	NULL,	NULL,	13,	'Хардтейл',	NULL,	NULL,	NULL,	NULL),
(38,	1444,	230,	145,	1,	1,	NULL,	'Красный',	NULL,	NULL,	0,	'Унисекс',	NULL,	NULL,	17990,	NULL,	NULL,	NULL,	20,	NULL,	NULL,	NULL,	'Дорожный',	NULL,	NULL,	NULL,	11,	'Двухподвес',	NULL,	NULL,	NULL,	NULL),
(39,	1445,	230,	145,	1,	1,	NULL,	'Зеленый',	NULL,	NULL,	0,	'Мужской',	NULL,	NULL,	79900,	NULL,	NULL,	NULL,	19,	NULL,	NULL,	NULL,	'Дорожный',	NULL,	NULL,	NULL,	12,	'Хардтейл',	NULL,	NULL,	NULL,	NULL),
(40,	1372,	230,	145,	1,	1,	NULL,	'Серый',	NULL,	NULL,	0,	'Женский',	NULL,	NULL,	38900,	NULL,	NULL,	NULL,	21,	NULL,	NULL,	NULL,	'Дорожный',	NULL,	NULL,	NULL,	9,	'Двухподвес',	NULL,	NULL,	NULL,	NULL),
(41,	1447,	230,	145,	1,	1,	NULL,	'Зеленый',	NULL,	NULL,	0,	'Мужской',	NULL,	NULL,	32900,	NULL,	NULL,	NULL,	19,	NULL,	NULL,	NULL,	'Дорожный',	NULL,	NULL,	NULL,	12,	'Хардтейл',	NULL,	NULL,	NULL,	NULL),
(42,	1448,	230,	145,	1,	1,	NULL,	'Зеленый',	NULL,	NULL,	0,	'Мужской',	NULL,	NULL,	49900,	NULL,	NULL,	NULL,	20,	NULL,	NULL,	NULL,	'Горный',	NULL,	NULL,	NULL,	13,	'Хардтейл',	NULL,	NULL,	NULL,	NULL),
(43,	1449,	230,	145,	1,	1,	NULL,	'Черный',	NULL,	NULL,	0,	'Женский',	NULL,	NULL,	24900,	NULL,	NULL,	NULL,	21,	NULL,	NULL,	NULL,	'Дорожный',	NULL,	NULL,	NULL,	12,	'Дорожный',	NULL,	NULL,	NULL,	NULL),
(44,	1450,	230,	145,	1,	1,	NULL,	'Зеленый',	NULL,	NULL,	0,	'Мужской',	NULL,	NULL,	56900,	NULL,	NULL,	NULL,	20,	NULL,	NULL,	NULL,	'Горный',	NULL,	NULL,	NULL,	13,	'Хардтейл',	NULL,	NULL,	NULL,	NULL),
(45,	1451,	258,	151,	1,	1,	NULL,	NULL,	NULL,	NULL,	0,	NULL,	NULL,	NULL,	950,	NULL,	NULL,	'Любой размер',	NULL,	NULL,	NULL,	NULL,	NULL,	NULL,	NULL,	1500,	NULL,	NULL,	NULL,	'Взрослые',	NULL,	NULL),
(46,	1452,	258,	151,	1,	1,	NULL,	NULL,	NULL,	NULL,	0,	NULL,	NULL,	NULL,	900,	NULL,	NULL,	NULL,	NULL,	NULL,	NULL,	NULL,	NULL,	NULL,	NULL,	3200,	NULL,	NULL,	NULL,	'Взрослые',	NULL,	NULL),
(47,	1453,	258,	151,	1,	1,	NULL,	NULL,	NULL,	NULL,	0,	NULL,	NULL,	NULL,	1100,	NULL,	NULL,	NULL,	NULL,	NULL,	NULL,	NULL,	NULL,	NULL,	NULL,	2000,	NULL,	NULL,	NULL,	'Взрослые',	NULL,	NULL),
(48,	1454,	258,	151,	1,	1,	NULL,	NULL,	NULL,	NULL,	0,	NULL,	NULL,	NULL,	1210,	NULL,	NULL,	NULL,	NULL,	NULL,	NULL,	NULL,	NULL,	NULL,	NULL,	2720,	NULL,	NULL,	NULL,	'Взрослые',	NULL,	NULL),
(49,	1455,	258,	151,	1,	1,	NULL,	NULL,	NULL,	NULL,	0,	NULL,	NULL,	NULL,	2280,	NULL,	NULL,	NULL,	NULL,	NULL,	NULL,	NULL,	NULL,	NULL,	NULL,	3630,	NULL,	NULL,	NULL,	'Любой',	NULL,	NULL),
(50,	1456,	259,	151,	1,	1,	NULL,	NULL,	NULL,	NULL,	0,	NULL,	NULL,	NULL,	810,	NULL,	NULL,	NULL,	NULL,	NULL,	NULL,	NULL,	NULL,	NULL,	NULL,	1020,	NULL,	NULL,	NULL,	'Взрослые',	NULL,	NULL),
(51,	1457,	259,	151,	1,	1,	NULL,	NULL,	NULL,	NULL,	0,	NULL,	NULL,	NULL,	1190,	NULL,	NULL,	NULL,	NULL,	NULL,	NULL,	NULL,	NULL,	NULL,	NULL,	2400,	NULL,	NULL,	NULL,	'Взрослые',	NULL,	NULL),
(52,	1458,	259,	151,	1,	1,	NULL,	NULL,	NULL,	NULL,	0,	NULL,	NULL,	NULL,	1320,	NULL,	NULL,	NULL,	NULL,	NULL,	NULL,	NULL,	NULL,	NULL,	NULL,	2040,	NULL,	NULL,	NULL,	'Любой',	NULL,	NULL),
(53,	1459,	259,	151,	1,	1,	NULL,	NULL,	NULL,	NULL,	0,	NULL,	NULL,	NULL,	1500,	NULL,	NULL,	NULL,	NULL,	NULL,	NULL,	NULL,	NULL,	NULL,	NULL,	1190,	NULL,	NULL,	NULL,	'Взрослые',	NULL,	NULL),
(54,	1460,	259,	151,	1,	1,	NULL,	NULL,	NULL,	NULL,	0,	NULL,	NULL,	NULL,	4100,	NULL,	NULL,	NULL,	NULL,	NULL,	NULL,	NULL,	NULL,	NULL,	NULL,	3840,	NULL,	NULL,	NULL,	'Взрослые',	NULL,	NULL),
(55,	1461,	266,	151,	1,	1,	NULL,	NULL,	NULL,	NULL,	0,	NULL,	NULL,	NULL,	190,	NULL,	NULL,	NULL,	NULL,	NULL,	NULL,	NULL,	NULL,	NULL,	NULL,	60,	NULL,	NULL,	NULL,	NULL,	NULL,	NULL),
(56,	1462,	266,	151,	1,	1,	NULL,	NULL,	NULL,	NULL,	0,	NULL,	NULL,	NULL,	389,	NULL,	NULL,	NULL,	NULL,	NULL,	NULL,	NULL,	NULL,	NULL,	NULL,	700,	NULL,	NULL,	NULL,	NULL,	NULL,	NULL),
(57,	1463,	266,	151,	1,	1,	NULL,	NULL,	NULL,	NULL,	0,	NULL,	NULL,	NULL,	410,	NULL,	NULL,	'Малый и средний',	NULL,	NULL,	NULL,	NULL,	NULL,	NULL,	NULL,	700,	NULL,	NULL,	NULL,	'Любой',	NULL,	NULL),
(58,	1464,	266,	151,	1,	1,	NULL,	NULL,	NULL,	NULL,	0,	NULL,	NULL,	NULL,	99,	NULL,	NULL,	'Любой размер',	NULL,	NULL,	NULL,	NULL,	NULL,	NULL,	NULL,	30,	NULL,	NULL,	NULL,	'Любой',	NULL,	NULL),
(59,	1465,	266,	151,	1,	1,	NULL,	NULL,	NULL,	NULL,	0,	NULL,	NULL,	NULL,	80,	NULL,	NULL,	'Любой размер',	NULL,	NULL,	NULL,	NULL,	NULL,	NULL,	NULL,	400,	NULL,	NULL,	NULL,	'Взрослые',	NULL,	NULL),
(60,	1466,	257,	155,	1,	1,	NULL,	NULL,	NULL,	NULL,	0,	NULL,	NULL,	4.5,	154,	NULL,	NULL,	NULL,	NULL,	NULL,	'Древесина',	NULL,	NULL,	NULL,	3,	NULL,	NULL,	NULL,	NULL,	NULL,	NULL,	NULL),
(61,	1467,	257,	155,	1,	1,	NULL,	NULL,	NULL,	NULL,	0,	NULL,	NULL,	4.54,	119,	NULL,	NULL,	NULL,	NULL,	NULL,	'Древесина',	NULL,	NULL,	NULL,	2.31,	NULL,	NULL,	NULL,	NULL,	NULL,	NULL,	NULL),
(62,	1468,	257,	155,	1,	1,	NULL,	NULL,	NULL,	NULL,	0,	NULL,	NULL,	10,	480,	NULL,	NULL,	NULL,	NULL,	NULL,	'Хлопок',	NULL,	NULL,	NULL,	0.96,	NULL,	NULL,	NULL,	NULL,	NULL,	NULL,	NULL),
(63,	1469,	257,	155,	1,	1,	NULL,	NULL,	NULL,	NULL,	0,	NULL,	NULL,	16,	1790,	NULL,	NULL,	NULL,	NULL,	NULL,	'Глина + мин. добавки',	NULL,	NULL,	NULL,	15.87,	NULL,	NULL,	NULL,	NULL,	NULL,	NULL,	NULL),
(64,	1470,	239,	157,	1,	1,	NULL,	NULL,	NULL,	NULL,	0,	NULL,	NULL,	NULL,	1310,	NULL,	NULL,	NULL,	NULL,	NULL,	NULL,	NULL,	NULL,	NULL,	1.9,	NULL,	NULL,	NULL,	2,	NULL,	105,	NULL),
(65,	1471,	239,	157,	1,	1,	NULL,	NULL,	NULL,	NULL,	0,	NULL,	NULL,	NULL,	2390,	NULL,	NULL,	NULL,	NULL,	NULL,	NULL,	NULL,	NULL,	NULL,	3.14,	NULL,	NULL,	NULL,	1,	NULL,	86,	NULL),
(66,	1472,	239,	157,	1,	1,	NULL,	NULL,	NULL,	NULL,	0,	NULL,	NULL,	NULL,	2950,	NULL,	NULL,	NULL,	NULL,	NULL,	NULL,	NULL,	NULL,	NULL,	3.12,	NULL,	NULL,	NULL,	1,	NULL,	137,	NULL),
(67,	1473,	239,	157,	1,	1,	NULL,	NULL,	NULL,	NULL,	0,	NULL,	NULL,	NULL,	2940,	NULL,	NULL,	NULL,	NULL,	NULL,	NULL,	NULL,	NULL,	NULL,	2.9,	NULL,	NULL,	NULL,	2,	NULL,	110,	NULL),
(68,	1474,	284,	161,	1,	1,	'Mango Man',	'Бежевый',	NULL,	NULL,	0,	NULL,	NULL,	NULL,	9900,	NULL,	'50-52',	NULL,	NULL,	'Демисезон',	NULL,	NULL,	NULL,	NULL,	NULL,	NULL,	NULL,	NULL,	NULL,	NULL,	NULL,	'Пуговицы'),
(69,	1475,	284,	161,	1,	1,	'MitLex',	'Черный',	NULL,	NULL,	0,	NULL,	NULL,	NULL,	11900,	NULL,	'52-54',	NULL,	NULL,	'Демисезон',	NULL,	NULL,	NULL,	NULL,	NULL,	NULL,	NULL,	NULL,	NULL,	NULL,	NULL,	'Молния+пуговицы'),
(70,	1476,	284,	161,	1,	1,	'Burton Menswear London',	'Черный',	NULL,	NULL,	0,	NULL,	NULL,	NULL,	8900,	NULL,	'50-52',	NULL,	NULL,	'Демисезон',	NULL,	NULL,	NULL,	NULL,	NULL,	NULL,	NULL,	NULL,	NULL,	NULL,	NULL,	'Пуговицы'),
(71,	1477,	284,	161,	1,	1,	'Roosevelt',	'Серый',	NULL,	NULL,	0,	NULL,	NULL,	NULL,	10399,	NULL,	'48-50',	NULL,	NULL,	'Демисезон',	NULL,	NULL,	NULL,	NULL,	NULL,	NULL,	NULL,	NULL,	NULL,	NULL,	NULL,	'Пуговицы'),
(72,	1478,	284,	161,	1,	1,	'United Colors of Benetton',	'Черный',	NULL,	NULL,	0,	NULL,	NULL,	NULL,	8900,	NULL,	'52-54',	NULL,	NULL,	'Зима',	NULL,	NULL,	NULL,	NULL,	NULL,	NULL,	NULL,	NULL,	NULL,	NULL,	NULL,	'Пуговицы'),
(73,	1479,	284,	161,	1,	1,	'Jack & Jones',	'Черный',	NULL,	NULL,	0,	NULL,	NULL,	NULL,	10999,	NULL,	'54-56',	NULL,	NULL,	'Демисезон',	NULL,	NULL,	NULL,	NULL,	NULL,	NULL,	NULL,	NULL,	NULL,	NULL,	NULL,	'Пуговицы'),
(74,	1480,	284,	161,	1,	1,	'Windsor',	'Черный',	NULL,	NULL,	0,	NULL,	NULL,	NULL,	52900,	NULL,	'54-56',	NULL,	NULL,	'Демисезон',	NULL,	NULL,	NULL,	NULL,	NULL,	NULL,	NULL,	NULL,	NULL,	NULL,	NULL,	NULL),
(75,	1481,	284,	161,	1,	1,	'Trussardi Jeans',	'Синий',	NULL,	NULL,	0,	NULL,	NULL,	NULL,	26900,	NULL,	'52-54',	NULL,	NULL,	'Демисезон',	NULL,	NULL,	NULL,	NULL,	NULL,	NULL,	NULL,	NULL,	NULL,	NULL,	NULL,	'Молния'),
(76,	1482,	284,	161,	1,	1,	'Berkytt',	'Коричневый',	NULL,	NULL,	0,	NULL,	NULL,	NULL,	12400,	NULL,	'54-56',	NULL,	NULL,	'Демисезон, зима',	NULL,	NULL,	NULL,	NULL,	NULL,	NULL,	NULL,	NULL,	NULL,	NULL,	NULL,	'Пуговицы'),
(77,	1483,	284,	161,	1,	1,	'Piazza Italia',	'Серый',	NULL,	NULL,	0,	NULL,	NULL,	NULL,	7399,	NULL,	'52-54',	NULL,	NULL,	'Демисезон',	NULL,	NULL,	NULL,	NULL,	NULL,	NULL,	NULL,	NULL,	NULL,	NULL,	NULL,	'Пуговицы'),
(78,	1484,	285,	161,	1,	1,	'Atributika & Club',	'Черный',	NULL,	NULL,	0,	NULL,	NULL,	NULL,	5499,	NULL,	'54-56',	NULL,	NULL,	'Демисезон, зима',	NULL,	NULL,	NULL,	NULL,	NULL,	NULL,	NULL,	NULL,	NULL,	NULL,	NULL,	'Молния'),
(79,	1485,	285,	161,	1,	1,	'Trespass',	'Хакки',	NULL,	NULL,	0,	NULL,	NULL,	NULL,	18999,	NULL,	'50-52',	NULL,	NULL,	'Демисезон, зима',	NULL,	NULL,	NULL,	NULL,	NULL,	NULL,	NULL,	NULL,	NULL,	NULL,	NULL,	'Молния'),
(80,	1486,	285,	161,	1,	1,	'EA7',	'Синий',	NULL,	NULL,	0,	NULL,	NULL,	NULL,	22899,	NULL,	'54-56',	NULL,	NULL,	'Демисезон, зима',	NULL,	NULL,	NULL,	NULL,	NULL,	NULL,	NULL,	NULL,	NULL,	NULL,	NULL,	'Молния'),
(81,	1487,	285,	161,	1,	1,	'Bergans of Norway',	'Черный',	NULL,	NULL,	0,	NULL,	NULL,	NULL,	27999,	NULL,	'54-56',	NULL,	NULL,	'Зима',	NULL,	NULL,	NULL,	NULL,	NULL,	NULL,	NULL,	NULL,	NULL,	NULL,	NULL,	'Молния'),
(82,	1488,	285,	161,	1,	1,	'Springfield',	'Желтый',	NULL,	NULL,	0,	NULL,	NULL,	NULL,	7999,	NULL,	'52-54',	NULL,	NULL,	'Демисезон, зима',	NULL,	NULL,	NULL,	NULL,	NULL,	NULL,	NULL,	NULL,	NULL,	NULL,	NULL,	'Молния'),
(83,	1489,	285,	161,	1,	1,	'Columbia',	'Красный',	NULL,	NULL,	0,	NULL,	NULL,	NULL,	23999,	NULL,	'54-56',	NULL,	NULL,	'Демисезон, зима',	NULL,	NULL,	NULL,	NULL,	NULL,	NULL,	NULL,	NULL,	NULL,	NULL,	NULL,	'Молния+пуговицы'),
(84,	1490,	285,	161,	1,	1,	'Columbia',	'Синий',	NULL,	NULL,	0,	NULL,	NULL,	NULL,	12999,	NULL,	'50-52',	NULL,	NULL,	'Демисезон, зима',	NULL,	NULL,	NULL,	NULL,	NULL,	NULL,	NULL,	NULL,	NULL,	NULL,	NULL,	'Молния'),
(85,	1491,	285,	161,	1,	1,	'Baon',	'Синий',	NULL,	NULL,	0,	NULL,	NULL,	NULL,	12699,	NULL,	'50-52',	NULL,	NULL,	'Демисезон, зима',	NULL,	NULL,	NULL,	NULL,	NULL,	NULL,	NULL,	NULL,	NULL,	NULL,	NULL,	'Молния'),
(86,	1492,	285,	161,	1,	1,	'Quiksilver',	'Черный',	NULL,	NULL,	0,	NULL,	NULL,	NULL,	17690,	NULL,	'50-52',	NULL,	NULL,	'Демисезон, зима',	NULL,	NULL,	NULL,	NULL,	NULL,	NULL,	NULL,	NULL,	NULL,	NULL,	NULL,	'Молния+пуговицы'),
(87,	1493,	285,	161,	1,	1,	'Columbia',	'Черный',	NULL,	NULL,	0,	NULL,	NULL,	NULL,	9999,	NULL,	'54-56',	NULL,	NULL,	'Демисезон, зима',	NULL,	NULL,	NULL,	NULL,	NULL,	NULL,	NULL,	NULL,	NULL,	NULL,	NULL,	'Молния'),
(88,	1494,	280,	161,	1,	1,	NULL,	'Синий',	NULL,	NULL,	0,	NULL,	NULL,	NULL,	6999,	NULL,	'54-56',	NULL,	NULL,	'Зима',	NULL,	NULL,	NULL,	NULL,	NULL,	NULL,	NULL,	NULL,	NULL,	NULL,	NULL,	'Молния+пуговицы'),
(89,	1495,	280,	161,	1,	1,	NULL,	'Зеленый',	NULL,	NULL,	0,	NULL,	NULL,	NULL,	6499,	NULL,	'54-56',	NULL,	NULL,	'Зима',	NULL,	NULL,	NULL,	NULL,	NULL,	NULL,	NULL,	NULL,	NULL,	NULL,	NULL,	'Молния+пуговицы'),
(90,	1496,	280,	161,	1,	1,	NULL,	'Голубая',	NULL,	NULL,	0,	NULL,	NULL,	NULL,	5499,	NULL,	'54-56',	NULL,	NULL,	'Зима',	NULL,	NULL,	NULL,	NULL,	NULL,	NULL,	NULL,	NULL,	NULL,	NULL,	NULL,	'Молния+пуговицы'),
(91,	1497,	280,	161,	1,	1,	NULL,	'Синий',	NULL,	NULL,	0,	NULL,	NULL,	NULL,	8499,	NULL,	'54-56',	NULL,	NULL,	'Зима',	NULL,	NULL,	NULL,	NULL,	NULL,	NULL,	NULL,	NULL,	NULL,	NULL,	NULL,	'Молния'),
(92,	1498,	280,	161,	1,	1,	NULL,	'Синий',	NULL,	NULL,	0,	NULL,	NULL,	NULL,	5799,	NULL,	'54-56',	NULL,	NULL,	'Зима',	NULL,	NULL,	NULL,	NULL,	NULL,	NULL,	NULL,	NULL,	NULL,	NULL,	NULL,	'Молния'),
(93,	1499,	280,	161,	1,	1,	NULL,	'Синий',	NULL,	NULL,	0,	NULL,	NULL,	NULL,	2499,	NULL,	'54-56',	NULL,	NULL,	'Зима',	NULL,	NULL,	NULL,	NULL,	NULL,	NULL,	NULL,	NULL,	NULL,	NULL,	NULL,	'Молния'),
(94,	1500,	280,	161,	1,	1,	NULL,	'Серый',	NULL,	NULL,	0,	NULL,	NULL,	NULL,	2499,	NULL,	'54-56',	NULL,	NULL,	'Зима',	NULL,	NULL,	NULL,	NULL,	NULL,	NULL,	NULL,	NULL,	NULL,	NULL,	NULL,	'Молния'),
(95,	1501,	280,	161,	1,	1,	NULL,	'Синий',	NULL,	NULL,	0,	NULL,	NULL,	NULL,	2699,	NULL,	'54-56',	NULL,	NULL,	'Зима',	NULL,	NULL,	NULL,	NULL,	NULL,	NULL,	NULL,	NULL,	NULL,	NULL,	NULL,	'Молния'),
(96,	1502,	279,	161,	1,	1,	NULL,	'Синий',	NULL,	NULL,	0,	NULL,	NULL,	NULL,	3040,	NULL,	'52-54',	NULL,	NULL,	'Лето',	NULL,	NULL,	NULL,	NULL,	NULL,	NULL,	NULL,	NULL,	NULL,	NULL,	NULL,	'Молния'),
(97,	1503,	279,	161,	1,	1,	NULL,	'Черный',	NULL,	NULL,	0,	NULL,	NULL,	NULL,	2999,	NULL,	'54-56',	NULL,	NULL,	'Лето',	NULL,	NULL,	NULL,	NULL,	NULL,	NULL,	NULL,	NULL,	NULL,	NULL,	NULL,	'Молния'),
(98,	1504,	279,	161,	1,	1,	NULL,	'Розовый',	NULL,	NULL,	0,	NULL,	NULL,	NULL,	3999,	NULL,	'54-56',	NULL,	NULL,	'Лето',	NULL,	NULL,	NULL,	NULL,	NULL,	NULL,	NULL,	NULL,	NULL,	NULL,	NULL,	'Молния'),
(99,	1505,	279,	161,	1,	1,	NULL,	'Голубая',	NULL,	NULL,	0,	NULL,	NULL,	NULL,	3370,	NULL,	'52-54',	NULL,	NULL,	'Лето',	NULL,	NULL,	NULL,	NULL,	NULL,	NULL,	NULL,	NULL,	NULL,	NULL,	NULL,	'Молния'),
(100,	1506,	279,	161,	1,	1,	NULL,	'Коричневый',	NULL,	NULL,	0,	NULL,	NULL,	NULL,	3445,	NULL,	'54-56',	NULL,	NULL,	'Лето',	NULL,	NULL,	NULL,	NULL,	NULL,	NULL,	NULL,	NULL,	NULL,	NULL,	NULL,	'Молния'),
(101,	1507,	279,	161,	1,	1,	NULL,	'Мультиколор',	NULL,	NULL,	0,	NULL,	NULL,	NULL,	2970,	NULL,	'52-54',	NULL,	NULL,	'Лето',	NULL,	NULL,	NULL,	NULL,	NULL,	NULL,	NULL,	NULL,	NULL,	NULL,	NULL,	'Молния'),
(102,	1508,	279,	161,	1,	1,	NULL,	'Красный',	NULL,	NULL,	0,	NULL,	NULL,	NULL,	3445,	NULL,	'48-50',	NULL,	NULL,	'Лето',	NULL,	NULL,	NULL,	NULL,	NULL,	NULL,	NULL,	NULL,	NULL,	NULL,	NULL,	'Молния+пуговицы'),
(103,	1509,	279,	161,	1,	1,	NULL,	'Желтый',	NULL,	NULL,	0,	NULL,	NULL,	NULL,	827,	NULL,	'52-54',	NULL,	NULL,	'Лето',	NULL,	NULL,	NULL,	NULL,	NULL,	NULL,	NULL,	NULL,	NULL,	NULL,	NULL,	'Молния'),
(104,	1510,	286,	161,	1,	1,	NULL,	'Серый',	NULL,	NULL,	0,	NULL,	NULL,	NULL,	7860,	NULL,	'54-56',	NULL,	NULL,	'Лето',	NULL,	NULL,	NULL,	NULL,	NULL,	NULL,	NULL,	NULL,	NULL,	NULL,	NULL,	'Молния'),
(105,	1511,	286,	161,	1,	1,	NULL,	'Коричневый',	NULL,	NULL,	0,	NULL,	NULL,	NULL,	5033,	NULL,	'54-56',	NULL,	NULL,	'Лето',	NULL,	NULL,	NULL,	NULL,	NULL,	NULL,	NULL,	NULL,	NULL,	NULL,	NULL,	'Молния'),
(106,	1512,	286,	161,	1,	1,	NULL,	'Темно-синий, малиновый',	NULL,	NULL,	0,	NULL,	NULL,	NULL,	5190,	NULL,	'54-56',	NULL,	NULL,	'Демисезон',	NULL,	NULL,	NULL,	NULL,	NULL,	NULL,	NULL,	NULL,	NULL,	NULL,	NULL,	'Молния'),
(107,	1513,	286,	161,	1,	1,	NULL,	'Голубая',	NULL,	NULL,	0,	NULL,	NULL,	NULL,	4999,	NULL,	'54-56',	NULL,	NULL,	'Лето',	NULL,	NULL,	NULL,	NULL,	NULL,	NULL,	NULL,	NULL,	NULL,	NULL,	NULL,	'Молния'),
(108,	1514,	286,	161,	1,	1,	NULL,	'Черный',	NULL,	NULL,	0,	NULL,	NULL,	NULL,	5390,	NULL,	'54-56',	NULL,	NULL,	'Лето',	NULL,	NULL,	NULL,	NULL,	NULL,	NULL,	NULL,	NULL,	NULL,	NULL,	NULL,	'Молния'),
(109,	1515,	286,	161,	1,	1,	NULL,	'Синий',	NULL,	NULL,	0,	NULL,	NULL,	NULL,	3458,	NULL,	'52-54',	NULL,	NULL,	'Лето',	NULL,	NULL,	NULL,	NULL,	NULL,	NULL,	NULL,	NULL,	NULL,	NULL,	NULL,	'Молния'),
(110,	1516,	286,	161,	1,	1,	NULL,	'Серый',	NULL,	NULL,	0,	NULL,	NULL,	NULL,	3467,	NULL,	'54-56',	NULL,	NULL,	'Лето',	NULL,	NULL,	NULL,	NULL,	NULL,	NULL,	NULL,	NULL,	NULL,	NULL,	NULL,	'Молния'),
(111,	1517,	286,	161,	1,	1,	NULL,	'Синий',	NULL,	NULL,	0,	NULL,	NULL,	NULL,	4890,	NULL,	'54-56',	NULL,	NULL,	'Демисезон',	NULL,	NULL,	NULL,	NULL,	NULL,	NULL,	NULL,	NULL,	NULL,	NULL,	NULL,	'Молния'),
(112,	1518,	287,	161,	1,	1,	NULL,	'Синий',	NULL,	NULL,	0,	NULL,	NULL,	NULL,	2480,	NULL,	'54-56',	NULL,	NULL,	'Лето',	NULL,	NULL,	NULL,	NULL,	NULL,	NULL,	NULL,	NULL,	NULL,	NULL,	NULL,	'Пуговицы'),
(113,	1519,	287,	161,	1,	1,	NULL,	'Синий',	NULL,	NULL,	0,	NULL,	NULL,	NULL,	3500,	NULL,	'54-56',	NULL,	NULL,	'Лето',	NULL,	NULL,	NULL,	NULL,	NULL,	NULL,	NULL,	NULL,	NULL,	NULL,	NULL,	'Пуговицы'),
(114,	1520,	287,	161,	1,	1,	NULL,	'Серый',	NULL,	NULL,	0,	NULL,	NULL,	NULL,	4700,	NULL,	'52-54',	NULL,	NULL,	'Лето',	NULL,	NULL,	NULL,	NULL,	NULL,	NULL,	NULL,	NULL,	NULL,	NULL,	NULL,	'Пуговицы'),
(115,	1521,	287,	161,	1,	1,	NULL,	'Синий',	NULL,	NULL,	0,	NULL,	NULL,	NULL,	3490,	NULL,	'48-50',	NULL,	NULL,	'Лето',	NULL,	NULL,	NULL,	NULL,	NULL,	NULL,	NULL,	NULL,	NULL,	NULL,	NULL,	'Пуговицы'),
(116,	1522,	287,	161,	1,	1,	NULL,	'Бежевый',	NULL,	NULL,	0,	NULL,	NULL,	NULL,	3090,	NULL,	'50-52',	NULL,	NULL,	'Лето',	NULL,	NULL,	NULL,	NULL,	NULL,	NULL,	NULL,	NULL,	NULL,	NULL,	NULL,	'Пуговицы'),
(117,	1523,	287,	161,	1,	1,	NULL,	'Серый',	NULL,	NULL,	0,	NULL,	NULL,	NULL,	3445,	NULL,	'48-50',	NULL,	NULL,	'Лето',	NULL,	NULL,	NULL,	NULL,	NULL,	NULL,	NULL,	NULL,	NULL,	NULL,	NULL,	'Пуговицы'),
(118,	1524,	287,	161,	1,	1,	NULL,	'Голубая',	NULL,	NULL,	0,	NULL,	NULL,	NULL,	2970,	NULL,	'48-50',	NULL,	NULL,	'Лето',	NULL,	NULL,	NULL,	NULL,	NULL,	NULL,	NULL,	NULL,	NULL,	NULL,	NULL,	'Пуговицы'),
(119,	1525,	287,	161,	1,	1,	NULL,	'Синий',	NULL,	NULL,	0,	NULL,	NULL,	NULL,	1270,	NULL,	'54-56',	NULL,	NULL,	'Лето',	NULL,	NULL,	NULL,	NULL,	NULL,	NULL,	NULL,	NULL,	NULL,	NULL,	NULL,	'Пуговицы'),
(120,	1526,	285,	161,	1,	1,	NULL,	'Черный',	NULL,	NULL,	0,	NULL,	NULL,	NULL,	22889,	NULL,	'54-56',	NULL,	NULL,	'Зима',	NULL,	NULL,	NULL,	NULL,	NULL,	NULL,	NULL,	NULL,	NULL,	NULL,	NULL,	'Молния'),
(121,	1527,	285,	161,	1,	1,	'Reebok',	'Серый',	NULL,	NULL,	0,	NULL,	NULL,	NULL,	14690,	NULL,	'48-50',	NULL,	NULL,	'Демисезон',	NULL,	NULL,	NULL,	NULL,	NULL,	NULL,	NULL,	NULL,	NULL,	NULL,	NULL,	'Молния'),
(122,	1528,	284,	161,	1,	1,	'Only & Sons',	'Черный',	NULL,	NULL,	0,	NULL,	NULL,	NULL,	6500,	NULL,	'54-56',	NULL,	NULL,	'Зима',	NULL,	NULL,	NULL,	NULL,	NULL,	NULL,	NULL,	NULL,	NULL,	NULL,	NULL,	'Пуговицы'),
(123,	1369,	131,	161,	1,	1,	'BRUNO BANANI',	'Синий',	NULL,	NULL,	0,	NULL,	NULL,	NULL,	3990,	NULL,	'52-54',	NULL,	NULL,	'Демисезон',	NULL,	NULL,	NULL,	NULL,	NULL,	NULL,	NULL,	NULL,	NULL,	NULL,	NULL,	NULL),
(124,	1530,	131,	161,	1,	1,	NULL,	'Синий',	NULL,	NULL,	0,	NULL,	NULL,	NULL,	5499,	NULL,	'50-52',	NULL,	NULL,	'Демисезон',	NULL,	NULL,	NULL,	NULL,	NULL,	NULL,	NULL,	NULL,	NULL,	NULL,	NULL,	NULL),
(125,	1531,	131,	161,	1,	1,	'RHODE ISLAND',	'Синий',	NULL,	NULL,	0,	NULL,	NULL,	NULL,	2350,	NULL,	'52-54',	NULL,	NULL,	'Демисезон',	NULL,	NULL,	NULL,	NULL,	NULL,	NULL,	NULL,	NULL,	NULL,	NULL,	NULL,	NULL),
(126,	1532,	131,	161,	1,	1,	'BRUNO BANANI',	'Серый',	NULL,	NULL,	0,	NULL,	NULL,	NULL,	3450,	NULL,	'54-56',	NULL,	NULL,	'Демисезон',	NULL,	NULL,	NULL,	NULL,	NULL,	NULL,	NULL,	NULL,	NULL,	NULL,	NULL,	'Молния+пуговицы'),
(127,	770,	131,	161,	1,	1,	NULL,	'Черный',	NULL,	NULL,	0,	NULL,	NULL,	NULL,	6590,	NULL,	'54-56',	NULL,	NULL,	'Демисезон',	NULL,	NULL,	NULL,	NULL,	NULL,	NULL,	NULL,	NULL,	NULL,	NULL,	NULL,	NULL),
(128,	1534,	131,	161,	1,	1,	'Kekker style',	'Серый',	NULL,	NULL,	0,	NULL,	NULL,	NULL,	8950,	NULL,	'54-56',	NULL,	NULL,	'Демисезон',	NULL,	NULL,	NULL,	NULL,	NULL,	NULL,	NULL,	NULL,	NULL,	NULL,	NULL,	'Молния+пуговицы'),
(129,	1535,	131,	161,	1,	1,	'JOHN DEVIN',	'Серый',	NULL,	NULL,	0,	NULL,	NULL,	NULL,	5690,	NULL,	'52-54',	NULL,	NULL,	'Демисезон, зима',	NULL,	NULL,	NULL,	NULL,	NULL,	NULL,	NULL,	NULL,	NULL,	NULL,	NULL,	'Молния+пуговицы'),
(130,	1536,	131,	161,	1,	1,	NULL,	'Синий',	NULL,	NULL,	0,	NULL,	NULL,	NULL,	4590,	NULL,	'54-56',	NULL,	NULL,	'Демисезон, зима',	NULL,	NULL,	NULL,	NULL,	NULL,	NULL,	NULL,	NULL,	NULL,	NULL,	NULL,	'Молния+пуговицы'),
(132,	1538,	131,	161,	1,	1,	NULL,	'Синий',	NULL,	NULL,	0,	NULL,	NULL,	NULL,	6790,	NULL,	'54-56',	NULL,	NULL,	'Демисезон',	NULL,	NULL,	NULL,	NULL,	NULL,	NULL,	NULL,	NULL,	NULL,	NULL,	NULL,	'Молния+пуговицы'),
(133,	1539,	131,	161,	1,	1,	'Kekker style',	'Синий',	NULL,	NULL,	0,	NULL,	NULL,	NULL,	2350,	NULL,	'54-56',	NULL,	NULL,	'Демисезон, зима',	NULL,	NULL,	NULL,	NULL,	NULL,	NULL,	NULL,	NULL,	NULL,	NULL,	NULL,	'Молния+пуговицы'),
(134,	1540,	131,	161,	1,	1,	'Kekker style',	'Серый',	NULL,	NULL,	0,	NULL,	NULL,	NULL,	4590,	NULL,	'54-56',	NULL,	NULL,	'Демисезон, зима',	NULL,	NULL,	NULL,	NULL,	NULL,	NULL,	NULL,	NULL,	NULL,	NULL,	NULL,	'Молния+пуговицы'),
(135,	1541,	131,	161,	1,	1,	'Kekker style',	'Синий',	NULL,	NULL,	0,	NULL,	NULL,	NULL,	8950,	NULL,	'54-56',	NULL,	NULL,	'Демисезон',	NULL,	NULL,	NULL,	NULL,	NULL,	NULL,	NULL,	NULL,	NULL,	NULL,	NULL,	'Молния+пуговицы'),
(136,	1542,	274,	162,	1,	1,	'Bell',	NULL,	NULL,	NULL,	0,	NULL,	NULL,	NULL,	2300,	NULL,	NULL,	NULL,	NULL,	NULL,	NULL,	NULL,	NULL,	NULL,	NULL,	NULL,	NULL,	NULL,	NULL,	NULL,	NULL,	NULL),
(137,	1543,	274,	162,	1,	1,	'Bell',	NULL,	NULL,	NULL,	0,	NULL,	NULL,	NULL,	149,	NULL,	NULL,	NULL,	NULL,	NULL,	NULL,	NULL,	NULL,	NULL,	NULL,	NULL,	NULL,	NULL,	NULL,	NULL,	NULL,	NULL),
(138,	1544,	274,	162,	1,	1,	'Bell',	NULL,	NULL,	NULL,	0,	NULL,	NULL,	NULL,	310,	NULL,	NULL,	NULL,	NULL,	NULL,	NULL,	NULL,	NULL,	NULL,	NULL,	NULL,	NULL,	NULL,	NULL,	NULL,	NULL,	NULL),
(139,	1545,	274,	162,	1,	1,	'L`Oreal',	NULL,	NULL,	NULL,	0,	NULL,	NULL,	NULL,	440,	NULL,	NULL,	NULL,	NULL,	NULL,	NULL,	NULL,	NULL,	NULL,	NULL,	NULL,	NULL,	NULL,	NULL,	NULL,	NULL,	NULL),
(140,	1546,	274,	162,	1,	1,	'L`Oreal',	NULL,	NULL,	NULL,	0,	NULL,	NULL,	NULL,	430,	NULL,	NULL,	NULL,	NULL,	NULL,	NULL,	NULL,	NULL,	NULL,	NULL,	NULL,	NULL,	NULL,	NULL,	NULL,	NULL,	NULL),
(141,	1547,	274,	162,	1,	1,	'Maybelline New York',	NULL,	NULL,	NULL,	0,	NULL,	NULL,	NULL,	220,	NULL,	NULL,	NULL,	NULL,	NULL,	NULL,	NULL,	NULL,	NULL,	NULL,	NULL,	NULL,	NULL,	NULL,	NULL,	NULL,	NULL),
(142,	1548,	274,	162,	1,	1,	'Rimmel',	NULL,	NULL,	NULL,	0,	NULL,	NULL,	NULL,	300,	NULL,	NULL,	NULL,	NULL,	NULL,	NULL,	NULL,	NULL,	NULL,	NULL,	NULL,	NULL,	NULL,	NULL,	NULL,	NULL,	NULL),
(143,	1549,	274,	162,	1,	1,	'Rimmel',	NULL,	NULL,	NULL,	0,	NULL,	NULL,	NULL,	390,	NULL,	NULL,	NULL,	NULL,	NULL,	NULL,	NULL,	NULL,	NULL,	NULL,	NULL,	NULL,	NULL,	NULL,	NULL,	NULL,	NULL),
(144,	1550,	274,	162,	1,	1,	'NOUBA',	NULL,	NULL,	NULL,	0,	NULL,	NULL,	NULL,	1099,	NULL,	NULL,	NULL,	NULL,	NULL,	NULL,	NULL,	NULL,	NULL,	NULL,	NULL,	NULL,	NULL,	NULL,	NULL,	NULL,	NULL),
(145,	1551,	274,	162,	1,	1,	'MAX FACTOR',	NULL,	NULL,	NULL,	0,	NULL,	NULL,	NULL,	350,	NULL,	NULL,	NULL,	NULL,	NULL,	NULL,	NULL,	NULL,	NULL,	NULL,	NULL,	NULL,	NULL,	NULL,	NULL,	NULL,	NULL),
(146,	1552,	274,	162,	1,	1,	'Revlon',	NULL,	NULL,	NULL,	0,	NULL,	NULL,	NULL,	390,	NULL,	NULL,	NULL,	NULL,	NULL,	NULL,	NULL,	NULL,	NULL,	NULL,	NULL,	NULL,	NULL,	NULL,	NULL,	NULL,	NULL),
(147,	1553,	274,	162,	1,	1,	'Bell',	NULL,	NULL,	NULL,	0,	NULL,	NULL,	NULL,	210,	NULL,	NULL,	NULL,	NULL,	NULL,	NULL,	NULL,	NULL,	NULL,	NULL,	NULL,	NULL,	NULL,	NULL,	NULL,	NULL,	NULL),
(148,	1554,	274,	162,	1,	1,	'LUXVISAGE',	NULL,	NULL,	NULL,	0,	NULL,	NULL,	NULL,	280,	NULL,	NULL,	NULL,	NULL,	NULL,	NULL,	NULL,	NULL,	NULL,	NULL,	NULL,	NULL,	NULL,	NULL,	NULL,	NULL,	NULL),
(149,	1555,	267,	163,	1,	1,	NULL,	'Зеленый',	NULL,	NULL,	0,	NULL,	NULL,	NULL,	2750,	NULL,	NULL,	NULL,	NULL,	NULL,	NULL,	NULL,	NULL,	NULL,	NULL,	NULL,	NULL,	NULL,	NULL,	NULL,	NULL,	NULL),
(150,	1556,	267,	163,	1,	1,	NULL,	'Зеленый',	NULL,	NULL,	0,	NULL,	NULL,	NULL,	3400,	NULL,	NULL,	NULL,	NULL,	NULL,	NULL,	NULL,	NULL,	NULL,	NULL,	NULL,	NULL,	NULL,	NULL,	NULL,	NULL,	NULL),
(151,	1557,	267,	163,	1,	1,	NULL,	'Синий',	NULL,	NULL,	0,	NULL,	NULL,	NULL,	2600,	NULL,	NULL,	NULL,	NULL,	NULL,	NULL,	NULL,	NULL,	NULL,	NULL,	NULL,	NULL,	NULL,	NULL,	NULL,	NULL,	NULL),
(152,	1558,	267,	163,	1,	1,	NULL,	'Серый',	NULL,	NULL,	0,	NULL,	NULL,	NULL,	6700,	NULL,	NULL,	NULL,	NULL,	NULL,	NULL,	NULL,	NULL,	NULL,	NULL,	NULL,	NULL,	NULL,	NULL,	NULL,	NULL,	NULL),
(153,	1559,	267,	163,	1,	1,	NULL,	'Красный',	NULL,	NULL,	0,	NULL,	NULL,	NULL,	6875,	NULL,	NULL,	NULL,	NULL,	NULL,	NULL,	NULL,	NULL,	NULL,	NULL,	NULL,	NULL,	NULL,	NULL,	NULL,	NULL,	NULL),
(154,	1560,	269,	169,	1,	1,	NULL,	'Черный',	NULL,	NULL,	0,	NULL,	NULL,	NULL,	18990,	'RICCI',	NULL,	NULL,	NULL,	NULL,	NULL,	NULL,	'Механическое',	NULL,	NULL,	NULL,	NULL,	NULL,	NULL,	NULL,	NULL,	NULL),
(155,	1561,	269,	169,	1,	1,	NULL,	'Серый',	NULL,	NULL,	0,	NULL,	NULL,	NULL,	16900,	'Hansa',	NULL,	NULL,	NULL,	NULL,	NULL,	NULL,	'Механическое',	NULL,	NULL,	NULL,	NULL,	NULL,	NULL,	NULL,	NULL,	NULL),
(156,	1562,	269,	169,	1,	1,	NULL,	'Черный',	NULL,	NULL,	0,	NULL,	NULL,	NULL,	12900,	'Hansa',	NULL,	NULL,	NULL,	NULL,	NULL,	NULL,	'Механическое',	NULL,	NULL,	NULL,	NULL,	NULL,	NULL,	NULL,	NULL,	NULL),
(157,	1563,	269,	169,	1,	1,	NULL,	'Серый',	NULL,	NULL,	0,	NULL,	NULL,	NULL,	25900,	'Bosch',	NULL,	NULL,	NULL,	NULL,	NULL,	NULL,	'Электронный',	NULL,	NULL,	NULL,	NULL,	NULL,	NULL,	NULL,	NULL,	NULL),
(158,	1564,	269,	169,	1,	1,	NULL,	'Серый',	NULL,	NULL,	0,	NULL,	NULL,	NULL,	27900,	'Samsung',	NULL,	NULL,	NULL,	NULL,	NULL,	NULL,	'Электронный',	NULL,	NULL,	NULL,	NULL,	NULL,	NULL,	NULL,	NULL,	NULL),
(159,	1565,	269,	169,	1,	1,	NULL,	'Антрацит',	NULL,	NULL,	0,	NULL,	NULL,	NULL,	145500,	'Asko',	NULL,	NULL,	NULL,	NULL,	NULL,	NULL,	'Сенсорный',	NULL,	NULL,	NULL,	NULL,	NULL,	NULL,	NULL,	NULL,	NULL),
(160,	1566,	269,	169,	1,	1,	NULL,	'Бежевый',	NULL,	NULL,	0,	NULL,	NULL,	NULL,	15900,	'Darina',	NULL,	NULL,	NULL,	NULL,	NULL,	NULL,	'Механическое',	NULL,	NULL,	NULL,	NULL,	NULL,	NULL,	NULL,	NULL,	NULL),
(161,	1567,	269,	169,	1,	1,	NULL,	'Лед',	NULL,	NULL,	0,	NULL,	NULL,	NULL,	60999,	'Hotpoint-Ariston',	NULL,	NULL,	NULL,	NULL,	NULL,	NULL,	'Поворотные переключатели',	NULL,	NULL,	NULL,	NULL,	NULL,	NULL,	NULL,	NULL,	NULL),
(162,	1568,	270,	171,	1,	1,	'LG',	NULL,	NULL,	NULL,	0,	NULL,	NULL,	NULL,	24900,	NULL,	NULL,	NULL,	NULL,	NULL,	NULL,	NULL,	NULL,	NULL,	NULL,	NULL,	NULL,	NULL,	NULL,	NULL,	NULL,	NULL),
(163,	1569,	270,	171,	1,	1,	'Bosch',	NULL,	NULL,	NULL,	0,	NULL,	NULL,	NULL,	22000,	NULL,	NULL,	NULL,	NULL,	NULL,	NULL,	NULL,	NULL,	NULL,	NULL,	NULL,	NULL,	NULL,	NULL,	NULL,	NULL,	NULL),
(164,	1570,	270,	171,	1,	1,	'Indesit',	NULL,	NULL,	NULL,	0,	NULL,	NULL,	NULL,	15499,	NULL,	NULL,	NULL,	NULL,	NULL,	NULL,	NULL,	NULL,	NULL,	61,	NULL,	NULL,	NULL,	NULL,	NULL,	NULL,	NULL),
(165,	1571,	270,	171,	1,	1,	'Bosch',	NULL,	NULL,	NULL,	0,	NULL,	NULL,	NULL,	29999,	NULL,	NULL,	NULL,	NULL,	NULL,	NULL,	NULL,	NULL,	NULL,	NULL,	NULL,	NULL,	NULL,	NULL,	NULL,	NULL,	NULL),
(166,	1572,	270,	171,	1,	1,	'SAMSUNG',	NULL,	NULL,	NULL,	0,	NULL,	NULL,	NULL,	27999,	NULL,	NULL,	NULL,	NULL,	NULL,	NULL,	NULL,	NULL,	NULL,	NULL,	NULL,	NULL,	NULL,	NULL,	NULL,	NULL,	NULL),
(167,	1573,	270,	171,	1,	1,	'BEKO',	NULL,	NULL,	NULL,	0,	NULL,	NULL,	NULL,	12499,	NULL,	NULL,	NULL,	NULL,	NULL,	NULL,	NULL,	NULL,	NULL,	NULL,	NULL,	NULL,	NULL,	NULL,	NULL,	NULL,	NULL),
(168,	1574,	270,	171,	1,	1,	'ZANUSSI',	NULL,	NULL,	NULL,	0,	NULL,	NULL,	NULL,	25999,	NULL,	NULL,	NULL,	NULL,	NULL,	NULL,	NULL,	NULL,	NULL,	NULL,	NULL,	NULL,	NULL,	NULL,	NULL,	NULL,	NULL),
(169,	1575,	270,	171,	1,	1,	'SHARP',	NULL,	NULL,	NULL,	0,	NULL,	NULL,	NULL,	184999,	NULL,	NULL,	NULL,	NULL,	NULL,	NULL,	NULL,	NULL,	NULL,	NULL,	NULL,	NULL,	NULL,	NULL,	NULL,	NULL,	NULL),
(170,	1576,	271,	172,	1,	1,	NULL,	NULL,	NULL,	NULL,	0,	NULL,	NULL,	NULL,	6999,	NULL,	NULL,	NULL,	NULL,	NULL,	NULL,	NULL,	NULL,	NULL,	NULL,	NULL,	NULL,	NULL,	NULL,	NULL,	NULL,	NULL),
(171,	1577,	271,	172,	1,	1,	NULL,	NULL,	NULL,	NULL,	0,	NULL,	NULL,	NULL,	2799,	NULL,	NULL,	NULL,	NULL,	NULL,	NULL,	NULL,	NULL,	NULL,	NULL,	NULL,	NULL,	NULL,	NULL,	NULL,	NULL,	NULL),
(172,	1578,	271,	172,	1,	1,	NULL,	NULL,	NULL,	NULL,	0,	NULL,	NULL,	NULL,	19990,	NULL,	NULL,	NULL,	NULL,	NULL,	NULL,	NULL,	NULL,	NULL,	NULL,	NULL,	NULL,	NULL,	NULL,	NULL,	NULL,	NULL),
(173,	1579,	271,	172,	1,	1,	NULL,	NULL,	NULL,	NULL,	0,	NULL,	NULL,	NULL,	3499,	NULL,	NULL,	NULL,	NULL,	NULL,	NULL,	NULL,	NULL,	NULL,	NULL,	NULL,	NULL,	NULL,	NULL,	NULL,	NULL,	NULL),
(174,	1580,	271,	172,	1,	1,	NULL,	NULL,	NULL,	NULL,	0,	NULL,	NULL,	NULL,	4999,	NULL,	NULL,	NULL,	NULL,	NULL,	NULL,	NULL,	NULL,	NULL,	NULL,	NULL,	NULL,	NULL,	NULL,	NULL,	NULL,	NULL),
(175,	1581,	271,	172,	1,	1,	NULL,	NULL,	NULL,	NULL,	0,	NULL,	NULL,	NULL,	14999,	NULL,	NULL,	NULL,	NULL,	NULL,	NULL,	NULL,	NULL,	NULL,	NULL,	NULL,	NULL,	NULL,	NULL,	NULL,	NULL,	NULL),
(176,	1582,	271,	172,	1,	1,	NULL,	NULL,	NULL,	NULL,	0,	NULL,	NULL,	NULL,	8299,	NULL,	NULL,	NULL,	NULL,	NULL,	NULL,	NULL,	NULL,	NULL,	NULL,	NULL,	NULL,	NULL,	NULL,	NULL,	NULL,	NULL),
(177,	1583,	271,	172,	1,	1,	NULL,	NULL,	NULL,	NULL,	0,	NULL,	NULL,	NULL,	4999,	NULL,	NULL,	NULL,	NULL,	NULL,	NULL,	NULL,	NULL,	NULL,	NULL,	NULL,	NULL,	NULL,	NULL,	NULL,	NULL,	NULL),
(178,	1584,	272,	174,	1,	1,	NULL,	NULL,	NULL,	NULL,	0,	NULL,	'Двухкамерный',	NULL,	17999,	NULL,	NULL,	NULL,	NULL,	NULL,	NULL,	NULL,	NULL,	NULL,	NULL,	NULL,	NULL,	NULL,	NULL,	NULL,	NULL,	NULL),
(179,	1585,	272,	174,	1,	1,	NULL,	NULL,	NULL,	NULL,	0,	NULL,	'Двухкамерный',	NULL,	37999,	NULL,	NULL,	NULL,	NULL,	NULL,	NULL,	NULL,	NULL,	NULL,	NULL,	NULL,	NULL,	NULL,	NULL,	NULL,	NULL,	NULL),
(180,	1586,	272,	174,	1,	1,	NULL,	NULL,	NULL,	NULL,	0,	NULL,	'Двухкамерный',	NULL,	45699,	NULL,	NULL,	NULL,	NULL,	NULL,	NULL,	NULL,	NULL,	NULL,	NULL,	NULL,	NULL,	NULL,	NULL,	NULL,	NULL,	NULL),
(181,	1587,	272,	174,	1,	1,	NULL,	NULL,	NULL,	NULL,	0,	NULL,	'Трехкамерный',	NULL,	89959,	NULL,	NULL,	NULL,	NULL,	NULL,	NULL,	NULL,	NULL,	NULL,	NULL,	NULL,	NULL,	NULL,	NULL,	NULL,	NULL,	NULL),
(182,	1588,	272,	174,	1,	1,	NULL,	NULL,	NULL,	NULL,	0,	NULL,	'Двухкамерный',	NULL,	36999,	NULL,	NULL,	NULL,	NULL,	NULL,	NULL,	NULL,	NULL,	NULL,	NULL,	NULL,	NULL,	NULL,	NULL,	NULL,	NULL,	NULL),
(183,	1589,	272,	174,	1,	1,	NULL,	NULL,	NULL,	NULL,	0,	NULL,	'Двухкамерный',	NULL,	32899,	NULL,	NULL,	NULL,	NULL,	NULL,	NULL,	NULL,	NULL,	NULL,	NULL,	NULL,	NULL,	NULL,	NULL,	NULL,	NULL,	NULL),
(184,	1590,	272,	174,	1,	1,	NULL,	NULL,	NULL,	NULL,	0,	NULL,	'Двухкамерный',	NULL,	76999,	NULL,	NULL,	NULL,	NULL,	NULL,	NULL,	NULL,	NULL,	NULL,	NULL,	NULL,	NULL,	NULL,	NULL,	NULL,	NULL,	NULL),
(185,	1591,	272,	174,	1,	1,	NULL,	NULL,	NULL,	NULL,	0,	NULL,	'Двухкамерный',	NULL,	24299,	NULL,	NULL,	NULL,	NULL,	NULL,	NULL,	NULL,	NULL,	NULL,	NULL,	NULL,	NULL,	NULL,	NULL,	NULL,	NULL,	NULL),
(186,	1592,	281,	175,	1,	1,	NULL,	NULL,	NULL,	NULL,	0,	NULL,	NULL,	NULL,	2970,	NULL,	NULL,	NULL,	NULL,	NULL,	NULL,	NULL,	NULL,	NULL,	NULL,	NULL,	NULL,	NULL,	NULL,	NULL,	NULL,	NULL),
(187,	1593,	281,	175,	1,	1,	NULL,	NULL,	NULL,	NULL,	0,	NULL,	NULL,	NULL,	2399,	NULL,	NULL,	NULL,	NULL,	NULL,	NULL,	NULL,	NULL,	NULL,	NULL,	NULL,	NULL,	NULL,	NULL,	NULL,	NULL,	NULL),
(188,	1594,	281,	175,	1,	1,	NULL,	NULL,	NULL,	NULL,	0,	NULL,	NULL,	NULL,	3599,	NULL,	NULL,	NULL,	NULL,	NULL,	NULL,	NULL,	NULL,	NULL,	NULL,	NULL,	NULL,	NULL,	NULL,	NULL,	NULL,	NULL),
(189,	1595,	281,	175,	1,	1,	NULL,	NULL,	NULL,	NULL,	0,	NULL,	NULL,	NULL,	2999,	NULL,	NULL,	NULL,	NULL,	NULL,	NULL,	NULL,	NULL,	NULL,	NULL,	NULL,	NULL,	NULL,	NULL,	NULL,	NULL,	NULL),
(190,	1596,	281,	175,	1,	1,	NULL,	NULL,	NULL,	NULL,	0,	NULL,	NULL,	NULL,	2999,	NULL,	NULL,	NULL,	NULL,	NULL,	NULL,	NULL,	NULL,	NULL,	NULL,	NULL,	NULL,	NULL,	NULL,	NULL,	NULL,	NULL),
(191,	1597,	281,	175,	1,	1,	NULL,	NULL,	NULL,	NULL,	0,	NULL,	NULL,	NULL,	3999,	NULL,	NULL,	NULL,	NULL,	NULL,	NULL,	NULL,	NULL,	NULL,	NULL,	NULL,	NULL,	NULL,	NULL,	NULL,	NULL,	NULL),
(192,	1598,	281,	175,	1,	1,	NULL,	NULL,	NULL,	NULL,	0,	NULL,	NULL,	NULL,	1999,	NULL,	NULL,	NULL,	NULL,	NULL,	NULL,	NULL,	NULL,	NULL,	NULL,	NULL,	NULL,	NULL,	NULL,	NULL,	NULL,	NULL),
(193,	1599,	281,	175,	1,	1,	NULL,	NULL,	NULL,	NULL,	0,	NULL,	NULL,	NULL,	3337,	NULL,	NULL,	NULL,	NULL,	NULL,	NULL,	NULL,	NULL,	NULL,	NULL,	NULL,	NULL,	NULL,	NULL,	NULL,	NULL,	NULL),
(194,	1600,	275,	176,	1,	1,	NULL,	NULL,	NULL,	NULL,	0,	NULL,	NULL,	NULL,	3780,	NULL,	NULL,	NULL,	NULL,	NULL,	NULL,	NULL,	NULL,	NULL,	NULL,	NULL,	NULL,	NULL,	NULL,	NULL,	NULL,	NULL),
(195,	1601,	275,	176,	1,	1,	NULL,	NULL,	NULL,	NULL,	0,	NULL,	NULL,	NULL,	2100,	NULL,	NULL,	NULL,	NULL,	NULL,	NULL,	NULL,	NULL,	NULL,	NULL,	NULL,	NULL,	NULL,	NULL,	NULL,	NULL,	NULL),
(196,	1602,	275,	176,	1,	1,	NULL,	NULL,	NULL,	NULL,	0,	NULL,	NULL,	NULL,	598,	NULL,	NULL,	NULL,	NULL,	NULL,	NULL,	NULL,	NULL,	NULL,	NULL,	NULL,	NULL,	NULL,	NULL,	NULL,	NULL,	NULL),
(197,	1603,	275,	176,	1,	1,	NULL,	NULL,	NULL,	NULL,	0,	NULL,	NULL,	NULL,	1824,	NULL,	NULL,	NULL,	NULL,	NULL,	NULL,	NULL,	NULL,	NULL,	NULL,	NULL,	NULL,	NULL,	NULL,	NULL,	NULL,	NULL),
(198,	1604,	275,	176,	1,	1,	NULL,	NULL,	NULL,	NULL,	0,	NULL,	NULL,	NULL,	708,	NULL,	NULL,	NULL,	NULL,	NULL,	NULL,	NULL,	NULL,	NULL,	NULL,	NULL,	NULL,	NULL,	NULL,	NULL,	NULL,	NULL),
(199,	1605,	275,	176,	1,	1,	NULL,	NULL,	NULL,	NULL,	0,	NULL,	NULL,	NULL,	1297,	NULL,	NULL,	NULL,	NULL,	NULL,	NULL,	NULL,	NULL,	NULL,	NULL,	NULL,	NULL,	NULL,	NULL,	NULL,	NULL,	NULL),
(200,	1606,	275,	176,	1,	1,	NULL,	NULL,	NULL,	NULL,	0,	NULL,	NULL,	NULL,	269,	NULL,	NULL,	NULL,	NULL,	NULL,	NULL,	NULL,	NULL,	NULL,	NULL,	NULL,	NULL,	NULL,	NULL,	NULL,	NULL,	NULL),
(201,	1607,	275,	176,	1,	1,	NULL,	NULL,	NULL,	NULL,	0,	NULL,	NULL,	NULL,	1084,	NULL,	NULL,	NULL,	NULL,	NULL,	NULL,	NULL,	NULL,	NULL,	NULL,	NULL,	NULL,	NULL,	NULL,	NULL,	NULL,	NULL),
(202,	1608,	276,	176,	1,	1,	NULL,	NULL,	NULL,	NULL,	0,	NULL,	NULL,	NULL,	132,	NULL,	NULL,	NULL,	NULL,	NULL,	NULL,	NULL,	NULL,	NULL,	NULL,	NULL,	NULL,	NULL,	NULL,	NULL,	NULL,	NULL),
(203,	1609,	276,	176,	1,	1,	NULL,	NULL,	NULL,	NULL,	0,	NULL,	NULL,	NULL,	337,	NULL,	NULL,	NULL,	NULL,	NULL,	NULL,	NULL,	NULL,	NULL,	NULL,	NULL,	NULL,	NULL,	NULL,	NULL,	NULL,	NULL),
(204,	1610,	276,	176,	1,	1,	NULL,	NULL,	NULL,	NULL,	0,	NULL,	NULL,	NULL,	588,	NULL,	NULL,	NULL,	NULL,	NULL,	NULL,	NULL,	NULL,	NULL,	NULL,	NULL,	NULL,	NULL,	NULL,	NULL,	NULL,	NULL),
(205,	1611,	276,	176,	1,	1,	NULL,	NULL,	NULL,	NULL,	0,	NULL,	NULL,	NULL,	393,	NULL,	NULL,	NULL,	NULL,	NULL,	NULL,	NULL,	NULL,	NULL,	NULL,	NULL,	NULL,	NULL,	NULL,	NULL,	NULL,	NULL),
(206,	1612,	276,	176,	1,	1,	NULL,	NULL,	NULL,	NULL,	0,	NULL,	NULL,	NULL,	998,	NULL,	NULL,	NULL,	NULL,	NULL,	NULL,	NULL,	NULL,	NULL,	NULL,	NULL,	NULL,	NULL,	NULL,	NULL,	NULL,	NULL),
(207,	1613,	276,	176,	1,	1,	NULL,	NULL,	NULL,	NULL,	0,	NULL,	NULL,	NULL,	337,	NULL,	NULL,	NULL,	NULL,	NULL,	NULL,	NULL,	NULL,	NULL,	NULL,	NULL,	NULL,	NULL,	NULL,	NULL,	NULL,	NULL),
(208,	1614,	276,	176,	1,	1,	NULL,	NULL,	NULL,	NULL,	0,	NULL,	NULL,	NULL,	393,	NULL,	NULL,	NULL,	NULL,	NULL,	NULL,	NULL,	NULL,	NULL,	NULL,	NULL,	NULL,	NULL,	NULL,	NULL,	NULL,	NULL),
(209,	1615,	276,	176,	1,	1,	NULL,	NULL,	NULL,	NULL,	0,	NULL,	NULL,	NULL,	337,	NULL,	NULL,	NULL,	NULL,	NULL,	NULL,	NULL,	NULL,	NULL,	NULL,	NULL,	NULL,	NULL,	NULL,	NULL,	NULL,	NULL),
(210,	1616,	277,	178,	1,	1,	NULL,	NULL,	NULL,	NULL,	0,	NULL,	NULL,	NULL,	2600,	NULL,	NULL,	NULL,	NULL,	NULL,	NULL,	NULL,	NULL,	NULL,	NULL,	NULL,	NULL,	NULL,	NULL,	NULL,	NULL,	NULL),
(211,	1617,	277,	178,	1,	1,	NULL,	NULL,	NULL,	NULL,	0,	NULL,	NULL,	NULL,	3500,	NULL,	NULL,	NULL,	NULL,	NULL,	NULL,	NULL,	NULL,	NULL,	NULL,	NULL,	NULL,	NULL,	NULL,	NULL,	NULL,	NULL),
(212,	1618,	277,	178,	1,	1,	NULL,	NULL,	NULL,	NULL,	0,	NULL,	NULL,	NULL,	5000,	NULL,	NULL,	NULL,	NULL,	NULL,	NULL,	NULL,	NULL,	NULL,	NULL,	NULL,	NULL,	NULL,	NULL,	NULL,	NULL,	NULL),
(213,	1619,	277,	178,	1,	1,	NULL,	NULL,	NULL,	NULL,	0,	NULL,	NULL,	NULL,	2465,	NULL,	NULL,	NULL,	NULL,	NULL,	NULL,	NULL,	NULL,	NULL,	NULL,	NULL,	NULL,	NULL,	NULL,	NULL,	NULL,	NULL),
(214,	1620,	277,	178,	1,	1,	NULL,	NULL,	NULL,	NULL,	0,	NULL,	NULL,	NULL,	4562,	NULL,	NULL,	NULL,	NULL,	NULL,	NULL,	NULL,	NULL,	NULL,	NULL,	NULL,	NULL,	NULL,	NULL,	NULL,	NULL,	NULL),
(215,	1621,	277,	178,	1,	1,	NULL,	NULL,	NULL,	NULL,	0,	NULL,	NULL,	NULL,	2580,	NULL,	NULL,	NULL,	NULL,	NULL,	NULL,	NULL,	NULL,	NULL,	NULL,	NULL,	NULL,	NULL,	NULL,	NULL,	NULL,	NULL),
(216,	1622,	277,	178,	1,	1,	NULL,	NULL,	NULL,	NULL,	0,	NULL,	NULL,	NULL,	7500,	NULL,	NULL,	NULL,	NULL,	NULL,	NULL,	NULL,	NULL,	NULL,	NULL,	NULL,	NULL,	NULL,	NULL,	NULL,	NULL,	NULL),
(217,	1623,	277,	178,	1,	1,	NULL,	NULL,	NULL,	NULL,	0,	NULL,	NULL,	NULL,	9000,	NULL,	NULL,	NULL,	NULL,	NULL,	NULL,	NULL,	NULL,	NULL,	NULL,	NULL,	NULL,	NULL,	NULL,	NULL,	NULL,	NULL),
(218,	1624,	246,	180,	1,	1,	'Yedoo',	NULL,	NULL,	NULL,	0,	NULL,	NULL,	NULL,	10000,	NULL,	NULL,	NULL,	NULL,	NULL,	NULL,	NULL,	NULL,	NULL,	NULL,	NULL,	NULL,	NULL,	NULL,	NULL,	NULL,	NULL),
(219,	1625,	246,	180,	1,	1,	'Trolo Raptor',	NULL,	NULL,	NULL,	0,	NULL,	NULL,	NULL,	12500,	NULL,	NULL,	NULL,	NULL,	NULL,	NULL,	NULL,	NULL,	NULL,	NULL,	NULL,	NULL,	NULL,	NULL,	NULL,	NULL,	NULL),
(220,	1626,	246,	180,	1,	1,	'MICRO SPEED',	NULL,	NULL,	NULL,	0,	NULL,	NULL,	NULL,	7860,	NULL,	NULL,	NULL,	NULL,	NULL,	NULL,	NULL,	NULL,	NULL,	NULL,	NULL,	NULL,	NULL,	NULL,	NULL,	NULL,	NULL),
(221,	1627,	246,	180,	1,	1,	'Micro Suspension',	NULL,	NULL,	NULL,	0,	NULL,	NULL,	NULL,	8999,	NULL,	NULL,	NULL,	NULL,	NULL,	NULL,	NULL,	NULL,	NULL,	NULL,	NULL,	NULL,	NULL,	NULL,	NULL,	NULL,	NULL),
(222,	1628,	246,	180,	1,	1,	'Razor',	NULL,	NULL,	NULL,	0,	NULL,	NULL,	NULL,	15000,	NULL,	NULL,	NULL,	NULL,	NULL,	NULL,	NULL,	NULL,	NULL,	NULL,	NULL,	NULL,	NULL,	NULL,	NULL,	NULL,	NULL),
(223,	1629,	246,	180,	1,	1,	'Weelz Rock',	NULL,	NULL,	NULL,	0,	NULL,	NULL,	NULL,	9800,	NULL,	NULL,	NULL,	NULL,	NULL,	NULL,	NULL,	NULL,	NULL,	NULL,	NULL,	NULL,	NULL,	NULL,	NULL,	NULL,	NULL),
(224,	1630,	246,	180,	1,	1,	'HUDORA',	NULL,	NULL,	NULL,	0,	NULL,	NULL,	NULL,	17900,	NULL,	NULL,	NULL,	NULL,	NULL,	NULL,	NULL,	NULL,	NULL,	NULL,	NULL,	NULL,	NULL,	NULL,	NULL,	NULL,	NULL),
(225,	1631,	246,	180,	1,	1,	'Xootr',	NULL,	NULL,	NULL,	0,	NULL,	NULL,	NULL,	11800,	NULL,	NULL,	NULL,	NULL,	NULL,	NULL,	NULL,	NULL,	NULL,	NULL,	NULL,	NULL,	NULL,	NULL,	NULL,	NULL,	NULL),
(235,	1641,	234,	87,	1,	1,	NULL,	NULL,	NULL,	NULL,	0,	NULL,	NULL,	NULL,	780,	NULL,	NULL,	NULL,	NULL,	NULL,	NULL,	NULL,	NULL,	NULL,	NULL,	NULL,	NULL,	NULL,	NULL,	NULL,	NULL,	NULL),
(236,	1642,	234,	87,	1,	1,	NULL,	NULL,	NULL,	NULL,	0,	NULL,	NULL,	NULL,	410,	NULL,	NULL,	NULL,	NULL,	NULL,	NULL,	NULL,	NULL,	NULL,	NULL,	NULL,	NULL,	NULL,	NULL,	NULL,	NULL,	NULL),
(237,	1643,	234,	87,	1,	1,	NULL,	NULL,	NULL,	NULL,	0,	NULL,	NULL,	NULL,	2200,	NULL,	NULL,	NULL,	NULL,	NULL,	NULL,	NULL,	NULL,	NULL,	NULL,	NULL,	NULL,	NULL,	NULL,	NULL,	NULL,	NULL),
(241,	1647,	240,	87,	1,	1,	NULL,	NULL,	NULL,	NULL,	0,	NULL,	NULL,	NULL,	740,	NULL,	NULL,	NULL,	NULL,	NULL,	NULL,	NULL,	NULL,	NULL,	NULL,	NULL,	NULL,	NULL,	NULL,	NULL,	NULL,	NULL),
(242,	1648,	240,	87,	1,	1,	NULL,	NULL,	NULL,	NULL,	0,	NULL,	NULL,	NULL,	1200,	NULL,	NULL,	NULL,	NULL,	NULL,	NULL,	NULL,	NULL,	NULL,	NULL,	NULL,	NULL,	NULL,	NULL,	NULL,	NULL,	NULL),
(243,	1649,	240,	87,	1,	1,	NULL,	NULL,	NULL,	NULL,	0,	NULL,	NULL,	NULL,	2100,	NULL,	NULL,	NULL,	NULL,	NULL,	NULL,	NULL,	NULL,	NULL,	NULL,	NULL,	NULL,	NULL,	NULL,	NULL,	NULL,	NULL),
(244,	1650,	240,	87,	1,	1,	NULL,	NULL,	NULL,	NULL,	0,	NULL,	NULL,	NULL,	2700,	NULL,	NULL,	NULL,	NULL,	NULL,	NULL,	NULL,	NULL,	NULL,	NULL,	NULL,	NULL,	NULL,	NULL,	NULL,	NULL,	NULL),
(245,	1651,	240,	87,	1,	1,	NULL,	NULL,	NULL,	NULL,	0,	NULL,	NULL,	NULL,	3300,	NULL,	NULL,	NULL,	NULL,	NULL,	NULL,	NULL,	NULL,	NULL,	NULL,	NULL,	NULL,	NULL,	NULL,	NULL,	NULL,	NULL),
(249,	1655,	248,	87,	1,	1,	NULL,	NULL,	NULL,	NULL,	0,	NULL,	NULL,	NULL,	29200,	NULL,	NULL,	NULL,	NULL,	NULL,	NULL,	NULL,	NULL,	NULL,	NULL,	NULL,	NULL,	NULL,	NULL,	NULL,	NULL,	NULL),
(250,	1656,	248,	87,	1,	1,	NULL,	NULL,	NULL,	NULL,	0,	NULL,	NULL,	NULL,	47900,	NULL,	NULL,	NULL,	NULL,	NULL,	NULL,	NULL,	NULL,	NULL,	NULL,	NULL,	NULL,	NULL,	NULL,	NULL,	NULL,	NULL),
(251,	1657,	248,	87,	1,	1,	NULL,	NULL,	NULL,	NULL,	0,	NULL,	NULL,	NULL,	18000,	NULL,	NULL,	NULL,	NULL,	NULL,	NULL,	NULL,	NULL,	NULL,	NULL,	NULL,	NULL,	NULL,	NULL,	NULL,	NULL,	NULL),
(252,	1658,	248,	87,	1,	1,	NULL,	NULL,	NULL,	NULL,	0,	NULL,	NULL,	NULL,	17900,	NULL,	NULL,	NULL,	NULL,	NULL,	NULL,	NULL,	NULL,	NULL,	NULL,	NULL,	NULL,	NULL,	NULL,	NULL,	NULL,	NULL),
(254,	1660,	253,	87,	1,	1,	NULL,	NULL,	NULL,	NULL,	0,	NULL,	NULL,	NULL,	18000,	NULL,	NULL,	NULL,	NULL,	NULL,	NULL,	NULL,	NULL,	NULL,	NULL,	NULL,	NULL,	NULL,	NULL,	NULL,	NULL,	NULL),
(262,	1668,	261,	87,	1,	1,	NULL,	NULL,	NULL,	NULL,	0,	NULL,	NULL,	NULL,	1210,	NULL,	NULL,	NULL,	NULL,	NULL,	NULL,	NULL,	NULL,	NULL,	NULL,	NULL,	NULL,	NULL,	NULL,	NULL,	NULL,	NULL),
(263,	1669,	261,	87,	1,	1,	NULL,	NULL,	NULL,	NULL,	0,	NULL,	NULL,	NULL,	1750,	NULL,	NULL,	NULL,	NULL,	NULL,	NULL,	NULL,	NULL,	NULL,	NULL,	NULL,	NULL,	NULL,	NULL,	NULL,	NULL,	NULL),
(264,	1670,	261,	87,	1,	1,	NULL,	NULL,	NULL,	NULL,	0,	NULL,	NULL,	NULL,	2610,	NULL,	NULL,	NULL,	NULL,	NULL,	NULL,	NULL,	NULL,	NULL,	NULL,	NULL,	NULL,	NULL,	NULL,	NULL,	NULL,	NULL);

DROP TABLE IF EXISTS `cms3_filter_index_56_pages_4`;
CREATE TABLE `cms3_filter_index_56_pages_4` (
  `id` int(10) unsigned NOT NULL,
  `obj_id` int(10) unsigned NOT NULL,
  `parent_id` int(10) unsigned NOT NULL,
  `type_id` int(10) unsigned NOT NULL,
  `lang_id` int(10) unsigned NOT NULL,
  `domain_id` int(10) unsigned NOT NULL,
  `cvet` varchar(255) DEFAULT NULL,
  `diagonal` varchar(255) DEFAULT NULL,
  `diametr_sm` bigint(20) DEFAULT NULL,
  `ekran` varchar(255) DEFAULT NULL,
  `glubina` bigint(20) DEFAULT NULL,
  `kolichestvo_podklyuchenij` bigint(20) DEFAULT NULL,
  `nositeli` mediumtext DEFAULT NULL,
  `operacionnaya_sistema` varchar(255) DEFAULT NULL,
  `price` double DEFAULT 0,
  `shirina` bigint(20) DEFAULT NULL,
  `udachno_sochetaetsya_s` mediumtext DEFAULT NULL,
  `vozmozhnost_zapisi` tinyint(1) DEFAULT 0,
  `vremya_dejstviya_ot_akb` bigint(20) DEFAULT NULL,
  `vysota` bigint(20) DEFAULT NULL,
  `weight` double DEFAULT NULL,
  `yarkost` varchar(255) DEFAULT NULL,
  `zawita_ot_detej` tinyint(1) DEFAULT 0,
  `zvuk` varchar(255) DEFAULT NULL,
  PRIMARY KEY (`id`),
  KEY `obj_id` (`obj_id`),
  KEY `parent_id` (`parent_id`),
  KEY `type_id` (`type_id`),
  KEY `lang_id` (`lang_id`),
  KEY `domain_id` (`domain_id`),
  KEY `cvet` (`cvet`),
  KEY `diagonal` (`diagonal`),
  KEY `diametr_sm` (`diametr_sm`),
  KEY `ekran` (`ekran`),
  KEY `glubina` (`glubina`),
  KEY `kolichestvo_podklyuchenij` (`kolichestvo_podklyuchenij`),
  KEY `operacionnaya_sistema` (`operacionnaya_sistema`),
  KEY `price` (`price`),
  KEY `shirina` (`shirina`),
  KEY `vremya_dejstviya_ot_akb` (`vremya_dejstviya_ot_akb`),
  KEY `vysota` (`vysota`),
  KEY `weight` (`weight`),
  KEY `yarkost` (`yarkost`),
  KEY `zvuk` (`zvuk`)
) ENGINE=InnoDB DEFAULT CHARSET=utf8;

INSERT INTO `cms3_filter_index_56_pages_4` (`id`, `obj_id`, `parent_id`, `type_id`, `lang_id`, `domain_id`, `cvet`, `diagonal`, `diametr_sm`, `ekran`, `glubina`, `kolichestvo_podklyuchenij`, `nositeli`, `operacionnaya_sistema`, `price`, `shirina`, `udachno_sochetaetsya_s`, `vozmozhnost_zapisi`, `vremya_dejstviya_ot_akb`, `vysota`, `weight`, `yarkost`, `zawita_ot_detej`, `zvuk`) VALUES
(1,	628,	2,	140,	1,	1,	'Синий',	NULL,	NULL,	'Мини',	NULL,	NULL,	NULL,	'SMB',	236,	NULL,	NULL,	0,	31,	NULL,	500,	NULL,	0,	NULL),
(52,	699,	47,	130,	1,	1,	'Красный',	NULL,	NULL,	NULL,	25,	NULL,	NULL,	NULL,	89,	50,	NULL,	0,	NULL,	90,	500,	NULL,	0,	'Моно'),
(53,	702,	47,	130,	1,	1,	'Серебристый',	NULL,	NULL,	NULL,	200,	NULL,	NULL,	NULL,	45,	250,	NULL,	0,	NULL,	46,	500,	NULL,	0,	'Моно'),
(54,	704,	49,	130,	1,	1,	'Черный',	NULL,	NULL,	NULL,	340,	NULL,	NULL,	NULL,	580,	350,	NULL,	0,	NULL,	190,	500,	NULL,	0,	'Стерео'),
(55,	708,	39,	132,	1,	1,	'Черный',	NULL,	NULL,	NULL,	NULL,	5,	';DVD;',	NULL,	168,	NULL,	';Player A4;plaer T2;Teac GF-650;',	0,	NULL,	NULL,	500,	NULL,	0,	NULL),
(56,	710,	47,	130,	1,	1,	'Красный',	NULL,	NULL,	NULL,	30,	NULL,	NULL,	NULL,	88,	200,	NULL,	0,	NULL,	100,	500,	NULL,	0,	'Моно'),
(57,	711,	49,	130,	1,	1,	'Черный',	NULL,	NULL,	NULL,	300,	NULL,	NULL,	NULL,	650,	400,	NULL,	0,	NULL,	150,	500,	NULL,	0,	'Стерео'),
(58,	712,	39,	132,	1,	1,	'Серебристый',	NULL,	NULL,	NULL,	NULL,	3,	';DVD;Винил;',	NULL,	289,	NULL,	';plaer T2;plaer T3;Teac LP-R400;',	0,	NULL,	NULL,	500,	NULL,	0,	NULL),
(59,	713,	48,	130,	1,	1,	'Черный',	NULL,	NULL,	NULL,	230,	NULL,	NULL,	NULL,	210,	200,	NULL,	0,	NULL,	380,	500,	NULL,	0,	'Стерео'),
(60,	714,	39,	132,	1,	1,	'Черный',	NULL,	NULL,	NULL,	NULL,	4,	';DVD;',	NULL,	310,	NULL,	';Teac GF-650;Coral CX-7;',	0,	NULL,	NULL,	500,	NULL,	0,	NULL),
(61,	716,	39,	132,	1,	1,	'Бордовый',	NULL,	NULL,	NULL,	NULL,	4,	';Винил;',	NULL,	428,	NULL,	';Toshiba SR-Q660;',	1,	NULL,	NULL,	500,	NULL,	0,	NULL),
(62,	718,	41,	133,	1,	1,	'Серебристый',	NULL,	20,	NULL,	NULL,	NULL,	NULL,	NULL,	15,	NULL,	NULL,	0,	NULL,	NULL,	500,	NULL,	0,	NULL),
(63,	719,	39,	132,	1,	1,	'Черный',	NULL,	NULL,	NULL,	NULL,	1,	';DVD;Винил;',	NULL,	235,	NULL,	';dvd 01;',	0,	NULL,	NULL,	500,	NULL,	0,	NULL),
(64,	726,	45,	138,	1,	1,	'Очень прозрачный',	'120 см',	NULL,	'Большой',	NULL,	NULL,	NULL,	NULL,	800,	NULL,	NULL,	0,	NULL,	NULL,	500,	'Очень ярко',	1,	NULL),
(65,	727,	39,	132,	1,	1,	'Не особо прозрачный',	NULL,	NULL,	NULL,	NULL,	2,	';CD;DVD;Винил;',	NULL,	643,	NULL,	';Телевизор «LG»;',	1,	NULL,	NULL,	500,	NULL,	0,	NULL),
(66,	728,	39,	132,	1,	1,	'Синий',	NULL,	NULL,	NULL,	NULL,	NULL,	';Винил;',	NULL,	332,	NULL,	';Akai TF-000;',	0,	NULL,	NULL,	500,	NULL,	0,	NULL),
(67,	730,	39,	132,	1,	1,	'Коричневый',	NULL,	NULL,	NULL,	NULL,	3,	';CD;DVD;',	NULL,	123,	NULL,	NULL,	1,	NULL,	NULL,	500,	NULL,	0,	NULL),
(68,	731,	41,	133,	1,	1,	'Черный',	NULL,	22,	NULL,	NULL,	NULL,	NULL,	NULL,	15,	NULL,	NULL,	0,	NULL,	NULL,	500,	NULL,	0,	NULL),
(69,	732,	39,	132,	1,	1,	'Очень прозрачный',	NULL,	NULL,	NULL,	NULL,	2,	';CD;DVD;Винил;',	NULL,	67,	NULL,	';dvd 03;',	1,	NULL,	NULL,	500,	NULL,	0,	NULL),
(70,	733,	45,	138,	1,	1,	'Очень прозрачный',	'120 см',	NULL,	'Большой',	NULL,	NULL,	NULL,	NULL,	1500,	NULL,	NULL,	0,	NULL,	NULL,	500,	'Очень ярко',	1,	NULL),
(71,	734,	39,	132,	1,	1,	'Бордовый',	NULL,	NULL,	NULL,	NULL,	1,	';DVD;Винил;',	NULL,	787,	NULL,	';Телевизор «Philips»;',	0,	NULL,	NULL,	500,	NULL,	0,	NULL),
(72,	735,	40,	132,	1,	1,	'Коричневый',	NULL,	NULL,	NULL,	NULL,	8,	';DVD;CD;',	NULL,	546,	NULL,	NULL,	1,	NULL,	NULL,	500,	NULL,	0,	NULL),
(73,	736,	40,	132,	1,	1,	'Серебристый',	NULL,	NULL,	NULL,	NULL,	7,	';DVD;',	NULL,	680,	NULL,	NULL,	1,	NULL,	NULL,	500,	NULL,	0,	NULL),
(74,	737,	40,	132,	1,	1,	'Черный',	NULL,	NULL,	NULL,	NULL,	9,	';DVD;',	NULL,	888,	NULL,	NULL,	1,	NULL,	NULL,	500,	NULL,	0,	NULL),
(75,	739,	40,	132,	1,	1,	'Зеленый',	NULL,	NULL,	NULL,	NULL,	2,	';DVD;CD;',	NULL,	523,	NULL,	NULL,	1,	NULL,	NULL,	500,	NULL,	0,	NULL),
(76,	740,	45,	138,	1,	1,	'Очень прозрачный',	'120 см',	NULL,	'Большой',	NULL,	NULL,	NULL,	NULL,	2900,	NULL,	NULL,	0,	NULL,	NULL,	500,	'Очень ярко',	1,	NULL),
(77,	741,	40,	132,	1,	1,	'Очень прозрачный',	NULL,	NULL,	NULL,	NULL,	8,	';CD;Винил;',	NULL,	886,	NULL,	';Телевизор «Panasonic»;',	1,	NULL,	NULL,	500,	NULL,	0,	NULL),
(78,	742,	40,	132,	1,	1,	'Черный',	NULL,	NULL,	NULL,	NULL,	9,	';DVD;CD;Винил;',	NULL,	347,	NULL,	NULL,	1,	NULL,	NULL,	500,	NULL,	0,	NULL),
(79,	744,	40,	132,	1,	1,	'Серебристый',	NULL,	NULL,	NULL,	NULL,	14,	';DVD;CD;Винил;',	NULL,	2305,	NULL,	';Sony PS-6750;',	1,	NULL,	NULL,	500,	NULL,	0,	NULL),
(80,	746,	40,	132,	1,	1,	'Прозрачный',	NULL,	NULL,	NULL,	NULL,	7,	';CD;',	NULL,	421,	NULL,	';Toshiba X-555;',	1,	NULL,	NULL,	500,	NULL,	0,	NULL),
(81,	747,	40,	132,	1,	1,	'Черный',	NULL,	NULL,	NULL,	NULL,	9,	';DVD;',	NULL,	888,	NULL,	NULL,	1,	NULL,	NULL,	500,	NULL,	0,	NULL),
(82,	748,	40,	132,	1,	1,	'Зеленый',	NULL,	NULL,	NULL,	NULL,	3,	';DVD;CD;',	NULL,	764,	NULL,	NULL,	1,	NULL,	NULL,	500,	NULL,	0,	NULL),
(83,	753,	42,	138,	1,	1,	'Бордовый',	'20 см',	NULL,	'Глянцевый',	NULL,	NULL,	NULL,	NULL,	111,	NULL,	NULL,	0,	NULL,	NULL,	500,	'200:1',	0,	NULL),
(84,	756,	42,	138,	1,	1,	'Синий',	'15 см',	NULL,	'Мини',	NULL,	NULL,	NULL,	NULL,	321,	NULL,	NULL,	0,	NULL,	NULL,	500,	'100:1',	0,	NULL),
(85,	759,	44,	138,	1,	1,	'Коричневый',	'60 см',	NULL,	'Насыщенный',	NULL,	NULL,	NULL,	NULL,	325,	NULL,	NULL,	0,	NULL,	NULL,	500,	'200:1',	0,	NULL),
(86,	762,	44,	138,	1,	1,	'Серебристый',	'65 см',	NULL,	'Глянцевый',	NULL,	NULL,	NULL,	NULL,	210,	NULL,	NULL,	0,	NULL,	NULL,	500,	'300:1',	0,	NULL),
(87,	765,	42,	138,	1,	1,	'Синий',	'8 см',	NULL,	'Мини',	NULL,	NULL,	NULL,	NULL,	157,	NULL,	NULL,	0,	NULL,	NULL,	500,	'Не очень ярко',	1,	NULL),
(88,	766,	45,	138,	1,	1,	'Очень прозрачный',	'120 см',	NULL,	'Большой',	NULL,	NULL,	NULL,	NULL,	4700,	NULL,	NULL,	0,	NULL,	NULL,	500,	'Очень ярко',	1,	NULL),
(89,	767,	45,	138,	1,	1,	'Не особо прозрачный',	'120 см',	NULL,	'Большой',	NULL,	NULL,	NULL,	NULL,	7500,	NULL,	NULL,	0,	NULL,	NULL,	500,	'Не очень ярко',	1,	NULL),
(90,	769,	42,	138,	1,	1,	'Серебристый',	'15 см',	NULL,	'Мини',	NULL,	NULL,	NULL,	NULL,	546,	NULL,	NULL,	0,	NULL,	NULL,	500,	'50:1',	0,	NULL),
(91,	771,	42,	138,	1,	1,	'Прозрачный',	'45 см',	NULL,	'Насыщенный',	NULL,	NULL,	NULL,	NULL,	653,	NULL,	NULL,	0,	NULL,	NULL,	500,	'100:1',	0,	NULL),
(92,	772,	43,	138,	1,	1,	'Коричневый',	'8 см',	NULL,	'Мини',	NULL,	NULL,	NULL,	NULL,	256,	NULL,	NULL,	0,	NULL,	NULL,	500,	'50:1',	0,	NULL),
(93,	774,	43,	138,	1,	1,	'Коричневый',	'15 см',	NULL,	'Матовый',	NULL,	NULL,	NULL,	NULL,	125,	NULL,	NULL,	0,	NULL,	NULL,	500,	'100:1',	0,	NULL),
(94,	775,	43,	138,	1,	1,	'Коричневый',	'15 см',	NULL,	'Матовый',	NULL,	NULL,	NULL,	NULL,	114,	NULL,	NULL,	0,	NULL,	NULL,	500,	'100:1',	0,	NULL),
(95,	776,	43,	138,	1,	1,	'Коричневый',	'15 см',	NULL,	'Матовый',	NULL,	NULL,	NULL,	NULL,	113,	NULL,	NULL,	0,	NULL,	NULL,	500,	'100:1',	0,	NULL),
(96,	777,	43,	138,	1,	1,	'Синий',	'20 см',	NULL,	'Матовый',	NULL,	NULL,	NULL,	NULL,	905,	NULL,	NULL,	0,	NULL,	NULL,	500,	'Не очень ярко',	1,	NULL),
(97,	778,	44,	138,	1,	1,	'Коричневый',	'45 см',	NULL,	'Матовый',	NULL,	NULL,	NULL,	NULL,	200,	NULL,	NULL,	0,	NULL,	NULL,	500,	'100:1',	0,	NULL),
(98,	779,	44,	138,	1,	1,	'Красный',	'20 см',	NULL,	'Большой',	NULL,	NULL,	NULL,	NULL,	235,	NULL,	NULL,	0,	NULL,	NULL,	500,	'100:1',	1,	NULL),
(99,	780,	44,	138,	1,	1,	'Зеленый',	'45 см',	NULL,	'Матовый',	NULL,	NULL,	NULL,	NULL,	456,	NULL,	NULL,	0,	NULL,	NULL,	500,	'Не очень ярко',	0,	NULL),
(100,	782,	46,	130,	1,	1,	'Серебристый',	NULL,	NULL,	NULL,	145,	NULL,	NULL,	NULL,	200,	500,	NULL,	0,	NULL,	250,	500,	NULL,	0,	'Объемный'),
(101,	783,	46,	130,	1,	1,	'Черный',	NULL,	NULL,	NULL,	200,	NULL,	NULL,	NULL,	320,	500,	NULL,	0,	NULL,	450,	500,	NULL,	0,	'Стерео'),
(102,	784,	46,	130,	1,	1,	'Черный',	NULL,	NULL,	NULL,	135,	NULL,	NULL,	NULL,	199,	400,	NULL,	0,	NULL,	250,	500,	NULL,	0,	'Стерео'),
(103,	786,	46,	130,	1,	1,	'Серый',	NULL,	NULL,	NULL,	166,	NULL,	NULL,	NULL,	213,	235,	NULL,	0,	NULL,	432,	500,	NULL,	0,	'Моно'),
(104,	787,	46,	130,	1,	1,	'Зеленый',	NULL,	NULL,	NULL,	234,	NULL,	NULL,	NULL,	2764,	526,	NULL,	0,	NULL,	214,	500,	NULL,	0,	'Стерео'),
(105,	788,	47,	130,	1,	1,	'Коричневый',	NULL,	NULL,	NULL,	22,	NULL,	NULL,	NULL,	523,	45,	NULL,	0,	NULL,	25,	500,	NULL,	0,	'Объемный'),
(106,	789,	47,	130,	1,	1,	'Бордовый',	NULL,	NULL,	NULL,	45,	NULL,	NULL,	NULL,	34,	266,	NULL,	0,	NULL,	14,	500,	NULL,	0,	'Стерео'),
(107,	790,	48,	130,	1,	1,	'Коричневый',	NULL,	NULL,	NULL,	220,	NULL,	NULL,	NULL,	200,	190,	NULL,	0,	NULL,	350,	500,	NULL,	0,	'Стерео'),
(108,	791,	48,	130,	1,	1,	'Коричневый',	NULL,	NULL,	NULL,	280,	NULL,	NULL,	NULL,	190,	260,	NULL,	0,	NULL,	400,	500,	NULL,	0,	'Стерео'),
(109,	792,	48,	130,	1,	1,	NULL,	NULL,	NULL,	NULL,	111,	NULL,	NULL,	NULL,	345,	325,	NULL,	0,	NULL,	14,	500,	NULL,	0,	NULL),
(110,	793,	48,	130,	1,	1,	'Черный',	NULL,	NULL,	NULL,	241,	NULL,	NULL,	NULL,	77,	24,	NULL,	0,	NULL,	352,	500,	NULL,	0,	'Стерео'),
(111,	794,	49,	130,	1,	1,	'Красный',	NULL,	NULL,	NULL,	357,	NULL,	NULL,	NULL,	756,	500,	NULL,	0,	NULL,	252,	500,	NULL,	0,	'Объемный'),
(112,	795,	49,	130,	1,	1,	'Бордовый',	NULL,	NULL,	NULL,	456,	NULL,	NULL,	NULL,	234,	665,	NULL,	0,	NULL,	352,	500,	NULL,	0,	'Моно'),
(113,	796,	49,	130,	1,	1,	'Черный',	NULL,	NULL,	NULL,	52,	NULL,	NULL,	NULL,	409,	421,	NULL,	0,	NULL,	432,	500,	NULL,	0,	'Стерео'),
(114,	798,	50,	140,	1,	1,	'Черный',	NULL,	NULL,	'Мини',	NULL,	NULL,	NULL,	'gsm',	123,	NULL,	NULL,	0,	8,	NULL,	500,	NULL,	0,	NULL),
(115,	799,	50,	140,	1,	1,	'Не особо прозрачный',	NULL,	NULL,	'Матовый',	NULL,	NULL,	NULL,	'gsm',	125,	NULL,	NULL,	0,	9,	NULL,	500,	NULL,	0,	NULL),
(116,	800,	50,	140,	1,	1,	'Очень прозрачный',	NULL,	NULL,	'Матовый',	NULL,	NULL,	NULL,	'gsm',	325,	NULL,	NULL,	0,	66,	NULL,	500,	NULL,	0,	NULL),
(117,	802,	50,	140,	1,	1,	'Красный',	NULL,	NULL,	'Насыщенный',	NULL,	NULL,	NULL,	'TXT',	362,	NULL,	NULL,	0,	888,	NULL,	500,	NULL,	0,	NULL),
(118,	803,	50,	140,	1,	1,	'Красный',	NULL,	NULL,	'Глянцевый',	NULL,	NULL,	NULL,	'SMB',	425,	NULL,	NULL,	0,	2,	NULL,	500,	NULL,	0,	NULL),
(119,	804,	2,	140,	1,	1,	'Зеленый',	NULL,	NULL,	'Мини',	NULL,	NULL,	NULL,	'SMB',	188,	NULL,	NULL,	0,	19,	NULL,	500,	NULL,	0,	NULL),
(120,	805,	2,	140,	1,	1,	'Синий',	NULL,	NULL,	'Глянцевый',	NULL,	NULL,	NULL,	'TXT',	124,	NULL,	NULL,	0,	44,	NULL,	500,	NULL,	0,	NULL),
(121,	806,	2,	140,	1,	1,	'Коричневый',	NULL,	NULL,	'Насыщенный',	NULL,	NULL,	NULL,	'TXT',	88,	NULL,	NULL,	0,	45,	NULL,	500,	NULL,	0,	NULL),
(122,	808,	2,	140,	1,	1,	'Прозрачный',	NULL,	NULL,	'Мини',	NULL,	NULL,	NULL,	'Windows M',	875,	NULL,	NULL,	0,	244,	NULL,	500,	NULL,	0,	NULL),
(123,	809,	51,	140,	1,	1,	'Серебристый',	NULL,	NULL,	'Мини',	NULL,	NULL,	NULL,	'TXT',	123,	NULL,	NULL,	0,	9999999,	NULL,	500,	NULL,	0,	NULL),
(124,	810,	51,	140,	1,	1,	'Серый',	NULL,	NULL,	'Матовый',	NULL,	NULL,	NULL,	'Windows M',	562,	NULL,	NULL,	0,	20,	NULL,	500,	NULL,	0,	NULL),
(125,	811,	51,	140,	1,	1,	'Серый',	NULL,	NULL,	'Глянцевый',	NULL,	NULL,	NULL,	'Windows M',	456,	NULL,	NULL,	0,	22,	NULL,	500,	NULL,	0,	NULL),
(126,	812,	51,	140,	1,	1,	'Коричневый',	NULL,	NULL,	'Мини',	NULL,	NULL,	NULL,	'SMB',	453,	NULL,	NULL,	0,	52,	NULL,	500,	NULL,	0,	NULL),
(127,	813,	51,	140,	1,	1,	'Красный',	NULL,	NULL,	'Большой',	NULL,	NULL,	NULL,	'gsm',	443,	NULL,	NULL,	0,	23,	NULL,	500,	NULL,	0,	NULL),
(133,	819,	41,	133,	1,	1,	'Прозрачный',	NULL,	14,	NULL,	NULL,	NULL,	NULL,	NULL,	55,	NULL,	';Akai TF-000;',	0,	NULL,	NULL,	500,	NULL,	0,	NULL),
(134,	820,	41,	133,	1,	1,	'Зеленый',	NULL,	66,	NULL,	NULL,	NULL,	NULL,	NULL,	33,	NULL,	';dvd 01;dvd 03;',	0,	NULL,	NULL,	500,	NULL,	0,	NULL),
(135,	821,	41,	133,	1,	1,	'Синий',	NULL,	4,	NULL,	NULL,	NULL,	NULL,	NULL,	25,	NULL,	';Akai TF-000;Телевизор «Panasonic»;',	0,	NULL,	NULL,	500,	NULL,	0,	NULL),
(136,	822,	41,	133,	1,	1,	'Черный',	NULL,	22,	NULL,	NULL,	NULL,	NULL,	NULL,	15,	NULL,	NULL,	0,	NULL,	NULL,	500,	NULL,	0,	NULL),
(137,	823,	41,	133,	1,	1,	'Серебристый',	NULL,	10,	NULL,	NULL,	NULL,	NULL,	NULL,	32,	NULL,	NULL,	0,	NULL,	NULL,	500,	NULL,	0,	NULL),
(138,	824,	41,	133,	1,	1,	'Не особо прозрачный',	NULL,	15,	NULL,	NULL,	NULL,	NULL,	NULL,	15,	NULL,	NULL,	0,	NULL,	NULL,	500,	NULL,	0,	NULL),
(139,	825,	41,	133,	1,	1,	'Коричневый',	NULL,	25,	NULL,	NULL,	NULL,	NULL,	NULL,	10,	NULL,	';Akai VN-87;Sony BF-5534;',	0,	NULL,	NULL,	500,	NULL,	0,	NULL),
(140,	826,	41,	133,	1,	1,	'Серый',	NULL,	16,	NULL,	NULL,	NULL,	NULL,	NULL,	6,	NULL,	';dvd 12;Телевизор «Vityas»;',	0,	NULL,	NULL,	500,	NULL,	0,	NULL);

DROP TABLE IF EXISTS `cms3_hierarchy`;
CREATE TABLE `cms3_hierarchy` (
  `id` int(10) unsigned NOT NULL AUTO_INCREMENT,
  `rel` int(10) unsigned NOT NULL,
  `type_id` int(10) unsigned NOT NULL,
  `lang_id` int(10) unsigned NOT NULL,
  `domain_id` int(10) unsigned NOT NULL,
  `obj_id` int(10) unsigned NOT NULL,
  `ord` int(11) DEFAULT 0,
  `tpl_id` int(10) unsigned DEFAULT NULL,
  `alt_name` varchar(128) DEFAULT NULL,
  `is_active` tinyint(1) DEFAULT NULL,
  `is_deleted` tinyint(1) DEFAULT NULL,
  `is_visible` tinyint(1) DEFAULT NULL,
  `updatetime` int(11) DEFAULT NULL,
  `is_default` tinyint(1) DEFAULT 0,
  PRIMARY KEY (`id`),
  KEY `types rels_FK` (`type_id`),
  KEY `Prefix from lang_id_FK` (`lang_id`),
  KEY `Domain from domain_id relation_FK` (`domain_id`),
  KEY `hierarchy to plain object image_FK` (`obj_id`),
  KEY `Getting template data_FK` (`tpl_id`),
  KEY `is_default` (`is_default`),
  KEY `alt_name` (`alt_name`),
  KEY `is_deleted` (`is_deleted`),
  KEY `is_active` (`is_active`),
  KEY `ord` (`ord`),
  KEY `rel` (`rel`),
  KEY `updatetime` (`updatetime`),
  KEY `is_visible` (`is_visible`),
  CONSTRAINT `FK_Domain from domain_id relation` FOREIGN KEY (`domain_id`) REFERENCES `cms3_domains` (`id`) ON DELETE CASCADE ON UPDATE CASCADE,
  CONSTRAINT `FK_Getting template data` FOREIGN KEY (`tpl_id`) REFERENCES `cms3_templates` (`id`) ON DELETE CASCADE ON UPDATE CASCADE,
  CONSTRAINT `FK_Prefix from lang_id` FOREIGN KEY (`lang_id`) REFERENCES `cms3_langs` (`id`) ON DELETE CASCADE ON UPDATE CASCADE,
  CONSTRAINT `FK_hierarchy to plain object image` FOREIGN KEY (`obj_id`) REFERENCES `cms3_objects` (`id`) ON DELETE CASCADE ON UPDATE CASCADE,
  CONSTRAINT `FK_types rels` FOREIGN KEY (`type_id`) REFERENCES `cms3_hierarchy_types` (`id`) ON DELETE CASCADE ON UPDATE CASCADE
) ENGINE=InnoDB DEFAULT CHARSET=utf8;

INSERT INTO `cms3_hierarchy` (`id`, `rel`, `type_id`, `lang_id`, `domain_id`, `obj_id`, `ord`, `tpl_id`, `alt_name`, `is_active`, `is_deleted`, `is_visible`, `updatetime`, `is_default`) VALUES
(1,	2,	56,	1,	1,	638,	6,	4,	'homyachok_neobyknovennyj',	1,	0,	0,	1566306048,	0),
(2,	11,	55,	1,	1,	639,	1,	5,	'hamsters',	1,	0,	0,	1566306048,	0),
(3,	0,	30,	1,	1,	644,	1,	2,	'_',	1,	0,	1,	1566306048,	1),
(4,	0,	30,	1,	1,	645,	2,	3,	'talks',	1,	0,	1,	1566306048,	0),
(5,	0,	1,	1,	1,	646,	3,	5,	'vse_novosti',	1,	0,	0,	1566306048,	0),
(6,	0,	30,	1,	1,	647,	6,	3,	'contacts',	1,	0,	1,	1566306039,	0),
(7,	0,	48,	1,	1,	648,	7,	5,	'umicms',	1,	0,	1,	1566306039,	0),
(8,	0,	46,	1,	1,	649,	8,	5,	'fotogalereya',	1,	0,	1,	1566306039,	0),
(9,	0,	41,	1,	1,	654,	9,	5,	'lyubimyj_cvet',	1,	0,	0,	1566306044,	0),
(10,	0,	30,	1,	1,	655,	10,	3,	'downloads',	1,	0,	1,	1566306039,	0),
(11,	0,	55,	1,	1,	656,	13,	4,	'market',	1,	0,	1,	1566306049,	0),
(12,	0,	32,	1,	1,	657,	13,	5,	'ewe_blog1',	1,	0,	0,	1566306048,	0),
(13,	0,	1,	1,	1,	658,	5,	5,	'akcii',	1,	0,	0,	1566306048,	0),
(14,	0,	30,	1,	1,	659,	12,	3,	'obychnaya_stranica',	1,	0,	1,	1566306048,	0),
(15,	0,	30,	1,	1,	660,	16,	3,	'video',	1,	0,	1,	1566306048,	0),
(16,	17,	38,	1,	1,	662,	1,	5,	'kto_ya_i_zachem',	1,	0,	0,	1566306048,	0),
(17,	18,	37,	1,	1,	663,	1,	5,	'kto_ya_i_zachem1',	1,	0,	0,	1566306048,	0),
(18,	4,	36,	1,	1,	664,	14,	5,	'obwij',	1,	0,	0,	1566306048,	0),
(19,	20,	38,	1,	1,	665,	1,	5,	'gde_vzyat_deneg',	1,	0,	0,	1566306048,	0),
(20,	21,	37,	1,	1,	666,	1,	5,	'gde_vzyat_deneg1',	1,	0,	0,	1566306048,	0),
(21,	4,	36,	1,	1,	667,	15,	5,	'gde_vzyat',	1,	0,	0,	1566306048,	0),
(22,	5,	29,	1,	1,	668,	1,	3,	'novosti_iz_mira_homyachkov',	1,	0,	0,	1566306040,	0),
(23,	5,	1,	1,	1,	669,	2,	5,	'novosti_ekonomiki',	1,	0,	1,	1566306040,	0),
(24,	5,	29,	1,	1,	670,	3,	5,	'novosti_saita',	1,	0,	0,	1566306040,	0),
(25,	22,	29,	1,	1,	671,	1,	3,	'inzheneram_udalos_izvlech_energiyu_iz_bega_homyaka',	1,	0,	0,	1566306040,	0),
(26,	25,	39,	1,	1,	672,	1,	3,	're_inzheneram_udalos_izvlech_e_nergiyu_iz_bega_homyaka',	1,	0,	0,	1566306044,	0),
(27,	23,	29,	1,	1,	673,	1,	3,	'oniwenko_predlagaet_pugat',	1,	0,	0,	1566306040,	0),
(28,	23,	29,	1,	1,	674,	2,	3,	'belorussiya_otmenit_kvoty_na_sigarety',	1,	0,	0,	1566306040,	0),
(29,	23,	29,	1,	1,	675,	3,	3,	'rossiya_i_belorussiya_otkazalis',	1,	0,	1,	1566306041,	0),
(30,	24,	29,	1,	1,	676,	1,	3,	'fotokonkurs',	1,	0,	0,	1566306041,	0),
(31,	7,	49,	1,	1,	677,	1,	5,	'obwie_voprosy_po_umicms',	1,	0,	0,	1566306041,	0),
(32,	31,	50,	1,	1,	678,	1,	5,	'whyphp5',	1,	0,	0,	1566306041,	0),
(33,	31,	50,	1,	1,	679,	2,	5,	'hosting',	1,	0,	0,	1566306041,	0),
(34,	31,	50,	1,	1,	680,	3,	5,	'chem_umicms_luchshe',	0,	0,	0,	1566306041,	0),
(35,	31,	50,	1,	1,	681,	4,	5,	'slozhno_li_ustanovit_umicms',	0,	0,	0,	1566306041,	0),
(36,	8,	47,	1,	1,	682,	1,	5,	'osen',	1,	0,	1,	1566306041,	0),
(37,	8,	47,	1,	1,	683,	2,	5,	'ptica',	1,	0,	1,	1566306041,	0),
(38,	8,	47,	1,	1,	684,	3,	5,	'derevo',	1,	0,	1,	1566306041,	0),
(39,	8,	47,	1,	1,	685,	4,	5,	'pustynya',	1,	0,	1,	1566306041,	0),
(40,	8,	47,	1,	1,	686,	5,	5,	'vodopad',	1,	0,	0,	1566306041,	0),
(41,	10,	63,	1,	1,	687,	1,	5,	'php_manual',	1,	0,	1,	1566306041,	0),
(42,	11,	55,	1,	1,	688,	2,	5,	'aksessuary_dlya_homyachkov',	1,	0,	0,	1566306048,	0),
(43,	44,	56,	1,	1,	695,	1,	4,	'koleso_dlya_samok',	1,	0,	0,	1566306048,	0),
(44,	42,	55,	1,	1,	696,	1,	5,	'kolesa',	1,	0,	0,	1566306042,	0),
(45,	2,	56,	1,	1,	700,	3,	4,	'homyachok_na_kolesah',	1,	0,	0,	1566306048,	0),
(46,	2,	56,	1,	1,	705,	5,	4,	'homyachok_smile',	1,	0,	0,	1566306048,	0),
(47,	2,	56,	1,	1,	709,	7,	4,	'homyak_ofigennyj',	1,	0,	0,	1566306048,	0),
(48,	2,	56,	1,	1,	713,	9,	4,	'testovyj_homyak',	1,	0,	0,	1566306048,	0),
(49,	50,	56,	1,	1,	714,	1,	4,	'povodok_leopardovyj',	1,	0,	0,	1566306048,	0),
(50,	42,	55,	1,	1,	715,	2,	5,	'povodki',	1,	0,	0,	1566306042,	0),
(51,	2,	56,	1,	1,	716,	1,	4,	'homyachok_pushistyj',	1,	0,	0,	1566306048,	0),
(52,	2,	56,	1,	1,	719,	2,	4,	'homyachok_obychnyj',	1,	0,	0,	1566306048,	0),
(53,	2,	56,	1,	1,	723,	4,	4,	'homyak',	1,	0,	0,	1566306048,	0),
(54,	2,	56,	1,	1,	726,	8,	4,	'homyachok_prekrasnyj',	1,	0,	0,	1566306045,	0),
(55,	51,	39,	1,	1,	727,	1,	4,	're_homyachok_pushistyj',	1,	0,	0,	1566306045,	0),
(56,	46,	39,	1,	1,	728,	1,	5,	're_homyachok_s_ulybkoj',	1,	0,	0,	1566306045,	0),
(57,	1,	39,	1,	1,	729,	1,	5,	're_homyachok_neobyknovennyj',	1,	0,	0,	1566306045,	0),
(58,	42,	55,	1,	1,	730,	3,	5,	'plyotochka',	0,	0,	0,	1566306043,	0),
(59,	50,	56,	1,	1,	732,	2,	4,	'povodok_korotkij',	1,	0,	0,	1566306048,	0),
(60,	12,	35,	1,	1,	733,	1,	5,	'post_bloga',	1,	0,	0,	1566306043,	0),
(61,	62,	38,	1,	1,	734,	3,	5,	're_novye_idei1',	1,	0,	0,	1566306048,	0),
(62,	18,	37,	1,	1,	735,	2,	5,	'novye_idei',	1,	0,	0,	1566306048,	0),
(63,	17,	38,	1,	1,	736,	2,	5,	're_kto_ya_i_zachem',	1,	0,	0,	1566306048,	0),
(64,	62,	38,	1,	1,	737,	1,	5,	'primery',	1,	0,	0,	1566306045,	0),
(65,	62,	38,	1,	1,	738,	2,	5,	're_novye_idei',	1,	0,	0,	1566306045,	0),
(66,	13,	29,	1,	1,	739,	3,	3,	'primery_vnedreniya',	1,	0,	1,	1566306048,	0),
(67,	13,	30,	1,	1,	740,	2,	3,	'rozygrysh_prizov',	1,	0,	0,	1566306043,	0);

DROP TABLE IF EXISTS `cms3_hierarchy_relations`;
CREATE TABLE `cms3_hierarchy_relations` (
  `id` int(10) unsigned NOT NULL AUTO_INCREMENT,
  `rel_id` int(10) unsigned DEFAULT NULL,
  `child_id` int(10) unsigned DEFAULT NULL,
  `level` int(10) unsigned DEFAULT NULL,
  PRIMARY KEY (`id`),
  KEY `rel_id` (`rel_id`),
  KEY `child_id` (`child_id`),
  KEY `level` (`level`),
  CONSTRAINT `Hierarchy relation by child_id` FOREIGN KEY (`child_id`) REFERENCES `cms3_hierarchy` (`id`) ON DELETE CASCADE ON UPDATE CASCADE,
  CONSTRAINT `Hierarchy relation by rel_id` FOREIGN KEY (`rel_id`) REFERENCES `cms3_hierarchy` (`id`) ON DELETE CASCADE ON UPDATE CASCADE
) ENGINE=InnoDB DEFAULT CHARSET=utf8;

INSERT INTO `cms3_hierarchy_relations` (`id`, `rel_id`, `child_id`, `level`) VALUES
(3,	NULL,	3,	0),
(4,	NULL,	4,	0),
(5,	NULL,	5,	0),
(6,	NULL,	6,	0),
(7,	NULL,	7,	0),
(8,	NULL,	8,	0),
(9,	NULL,	9,	0),
(10,	NULL,	10,	0),
(12,	NULL,	12,	0),
(13,	NULL,	13,	0),
(14,	NULL,	14,	0),
(15,	NULL,	15,	0),
(24,	NULL,	22,	1),
(25,	5,	22,	1),
(26,	NULL,	23,	1),
(27,	5,	23,	1),
(28,	NULL,	24,	1),
(29,	5,	24,	1),
(30,	NULL,	25,	2),
(31,	5,	25,	2),
(33,	22,	25,	2),
(34,	NULL,	26,	3),
(35,	5,	26,	3),
(36,	22,	26,	3),
(37,	25,	26,	3),
(38,	NULL,	27,	2),
(39,	5,	27,	2),
(41,	23,	27,	2),
(42,	NULL,	28,	2),
(43,	5,	28,	2),
(45,	23,	28,	2),
(46,	NULL,	29,	2),
(47,	5,	29,	2),
(49,	23,	29,	2),
(50,	NULL,	30,	2),
(51,	5,	30,	2),
(53,	24,	30,	2),
(54,	NULL,	31,	1),
(55,	7,	31,	1),
(56,	NULL,	32,	2),
(57,	7,	32,	2),
(59,	31,	32,	2),
(60,	NULL,	33,	2),
(61,	7,	33,	2),
(63,	31,	33,	2),
(64,	NULL,	34,	2),
(65,	7,	34,	2),
(67,	31,	34,	2),
(68,	NULL,	35,	2),
(69,	7,	35,	2),
(71,	31,	35,	2),
(72,	NULL,	36,	1),
(73,	8,	36,	1),
(74,	NULL,	37,	1),
(75,	8,	37,	1),
(76,	NULL,	38,	1),
(77,	8,	38,	1),
(78,	NULL,	39,	1),
(79,	8,	39,	1),
(80,	NULL,	40,	1),
(81,	8,	40,	1),
(82,	NULL,	41,	1),
(83,	10,	41,	1),
(130,	NULL,	60,	1),
(131,	12,	60,	1),
(147,	NULL,	66,	1),
(148,	13,	66,	1),
(149,	NULL,	67,	1),
(150,	13,	67,	1),
(201,	NULL,	11,	0),
(202,	NULL,	2,	1),
(203,	11,	2,	1),
(204,	NULL,	1,	2),
(205,	11,	1,	2),
(207,	2,	1,	2),
(208,	NULL,	57,	3),
(209,	11,	57,	3),
(210,	2,	57,	3),
(211,	1,	57,	3),
(212,	NULL,	45,	2),
(213,	11,	45,	2),
(215,	2,	45,	2),
(216,	NULL,	46,	2),
(217,	11,	46,	2),
(219,	2,	46,	2),
(220,	NULL,	56,	3),
(221,	11,	56,	3),
(222,	2,	56,	3),
(223,	46,	56,	3),
(224,	NULL,	47,	2),
(225,	11,	47,	2),
(227,	2,	47,	2),
(228,	NULL,	48,	2),
(229,	11,	48,	2),
(231,	2,	48,	2),
(232,	NULL,	51,	2),
(233,	11,	51,	2),
(235,	2,	51,	2),
(236,	NULL,	55,	3),
(237,	11,	55,	3),
(238,	2,	55,	3),
(239,	51,	55,	3),
(240,	NULL,	52,	2),
(241,	11,	52,	2),
(243,	2,	52,	2),
(244,	NULL,	53,	2),
(245,	11,	53,	2),
(247,	2,	53,	2),
(248,	NULL,	54,	2),
(249,	11,	54,	2),
(251,	2,	54,	2),
(252,	NULL,	42,	1),
(253,	11,	42,	1),
(274,	NULL,	58,	2),
(275,	11,	58,	2),
(277,	42,	58,	2),
(290,	NULL,	18,	1),
(291,	4,	18,	1),
(292,	NULL,	17,	2),
(293,	4,	17,	2),
(295,	18,	17,	2),
(296,	NULL,	16,	3),
(297,	4,	16,	3),
(298,	18,	16,	3),
(299,	17,	16,	3),
(300,	NULL,	63,	3),
(301,	4,	63,	3),
(302,	18,	63,	3),
(303,	17,	63,	3),
(328,	NULL,	21,	1),
(329,	4,	21,	1),
(330,	NULL,	20,	2),
(331,	4,	20,	2),
(333,	21,	20,	2),
(334,	NULL,	19,	3),
(335,	4,	19,	3),
(336,	21,	19,	3),
(337,	20,	19,	3),
(338,	NULL,	44,	2),
(339,	11,	44,	2),
(341,	42,	44,	2),
(342,	NULL,	43,	3),
(343,	11,	43,	3),
(344,	42,	43,	3),
(345,	44,	43,	3),
(346,	NULL,	50,	2),
(347,	11,	50,	2),
(349,	42,	50,	2),
(350,	NULL,	49,	3),
(351,	11,	49,	3),
(352,	42,	49,	3),
(353,	50,	49,	3),
(354,	NULL,	59,	3),
(355,	11,	59,	3),
(356,	42,	59,	3),
(357,	50,	59,	3),
(358,	NULL,	62,	2),
(359,	4,	62,	2),
(361,	18,	62,	2),
(362,	NULL,	61,	3),
(363,	4,	61,	3),
(364,	18,	61,	3),
(365,	62,	61,	3),
(366,	NULL,	64,	3),
(367,	4,	64,	3),
(368,	18,	64,	3),
(369,	62,	64,	3),
(370,	NULL,	65,	3),
(371,	4,	65,	3),
(372,	18,	65,	3),
(373,	62,	65,	3);

DROP TABLE IF EXISTS `cms3_hierarchy_types`;
CREATE TABLE `cms3_hierarchy_types` (
  `id` int(10) unsigned NOT NULL AUTO_INCREMENT,
  `name` varchar(48) NOT NULL,
  `title` varchar(255) DEFAULT NULL,
  `ext` varchar(48) DEFAULT NULL,
  PRIMARY KEY (`id`),
  KEY `name` (`name`,`ext`),
  KEY `title` (`title`),
  KEY `ext` (`ext`)
) ENGINE=InnoDB DEFAULT CHARSET=utf8;

INSERT INTO `cms3_hierarchy_types` (`id`, `name`, `title`, `ext`) VALUES
(1,	'news',	'i18n::hierarchy-type-news-rubric',	'rubric'),
(2,	'emarket',	'i18n::hierarchy-type-emarket-currency',	'currency'),
(3,	'emarket',	'i18n::hierarchy-type-emarket-discount_type',	'discount_type'),
(4,	'emarket',	'i18n::hierarchy-type-emarket-discount_modificator_type',	'discount_modificator_type'),
(5,	'emarket',	'i18n::hierarchy-type-emarket-discount_rule_type',	'discount_rule_type'),
(6,	'social_networks',	'i18n::hierarchy-type-social_networks-networks',	'network'),
(7,	'social_networks',	'i18n::hierarchy-type-social_networks-vkontakte',	'vkontakte'),
(8,	'users',	'i18n::hierarchy-type-users-users',	'users'),
(9,	'emarket',	'i18n::hierarchy-type-eshop-address',	'delivery_address'),
(10,	'emarket',	'i18n::hierarchy-type-emarket-item_type',	'item_type'),
(11,	'emarket',	'i18n::hierarchy-type-emarket-discount',	'discount'),
(12,	'emarket',	'i18n::hierarchy-type-emarket-item_option',	'item_option'),
(13,	'emarket',	'i18n::hierarchy-type-emarket-order_item',	'order_item'),
(14,	'emarket',	'i18n::hierarchy-type-emarket-order_status',	'order_status'),
(15,	'emarket',	'i18n::hierarchy-type-emarket-payment_type',	'payment_type'),
(16,	'emarket',	'i18n::hierarchy-type-emarket-payment',	'payment'),
(17,	'emarket',	'i18n::hierarchy-type-emarket-payment_status',	'order_payment_status'),
(18,	'emarket',	'i18n::hierarchy-type-emarket-legal_person',	'legal_person'),
(19,	'emarket',	'i18n::hierarchy-type-emarket-delivery_type',	'delivery_type'),
(20,	'emarket',	'i18n::hierarchy-type-emarket-delivery',	'delivery'),
(21,	'emarket',	'i18n::hierarchy-type-emarket-delivery_status',	'order_delivery_status'),
(22,	'emarket',	'i18n::hierarchy-type-emarket-order',	'order'),
(23,	'users',	'i18n::hierarchy-type-users-user',	'user'),
(24,	'emarket',	'i18n::hierarchy-type-emarket-store',	'store'),
(25,	'emarket',	'i18n::hierarchy-type-emarket-discount_modificator',	'discount_modificator'),
(26,	'emarket',	'i18n::hierarchy-type-emarket-discount_rule',	'discount_rule'),
(27,	'menu',	'i18n::hierarchy-type-menu-item_element',	'item_element'),
(28,	'news',	'i18n::hierarchy-type-news-subject',	'subject'),
(29,	'news',	'i18n::hierarchy-type-news-item',	'item'),
(30,	'content',	'i18n::hierarchy-type-content-page',	''),
(31,	'content',	'i18n::hierarchy-type-content-ticket',	'ticket'),
(32,	'blogs20',	'i18n::hierarchy-type-blogs-blog',	'blog'),
(33,	'users',	'i18n::hierarchy-type-users-author',	'author'),
(34,	'blogs20',	'i18n::hierarchy-type-blogs20-comment',	'comment'),
(35,	'blogs20',	'i18n::hierarchy-type-blogs20-post',	'post'),
(36,	'forum',	'i18n::hierarchy-type-forum-conf',	'conf'),
(37,	'forum',	'i18n::hierarchy-type-forum-topic',	'topic'),
(38,	'forum',	'i18n::hierarchy-type-forum-message',	'message'),
(39,	'comments',	'i18n::hierarchy-type-comments-comment',	'comment'),
(40,	'vote',	'i18n::hierarchy-type-vote-poll_item',	'poll_item'),
(41,	'vote',	'i18n::hierarchy-type-vote-poll',	'poll'),
(42,	'webforms',	'i18n::hierarchy-type-webforms-page',	'page'),
(43,	'webforms',	'i18n::hierarchy-type-webforms-form',	'form'),
(44,	'webforms',	'i18n::hierarchy-type-webforms-template',	'template'),
(45,	'webforms',	'i18n::hierarchy-type-webforms-address',	'address'),
(46,	'photoalbum',	'i18n::hierarchy-type-photoalbum-album',	'album'),
(47,	'photoalbum',	'i18n::hierarchy-type-photoalbum-photo',	'photo'),
(48,	'faq',	'i18n::hierarchy-type-faq-project',	'project'),
(49,	'faq',	'i18n::hierarchy-type-faq-category',	'category'),
(50,	'faq',	'i18n::hierarchy-type-faq-question',	'question'),
(51,	'dispatches',	'i18n::hierarchy-type-dispatches-dispatch',	'dispatch'),
(52,	'dispatches',	'i18n::hierarchy-type-dispatches-release',	'release'),
(53,	'dispatches',	'i18n::hierarchy-type-dispatches-message',	'message'),
(54,	'dispatches',	'i18n::hierarchy-type-dispatches-subscriber',	'subscriber'),
(55,	'catalog',	'i18n::hierarchy-type-catalog-category',	'category'),
(56,	'catalog',	'i18n::hierarchy-type-catalog-object',	'object'),
(57,	'emarket',	'i18n::hierarchy-type-emarket-unregistered_customer',	'customer'),
(58,	'banners',	'i18n::hierarchy-type-banners-place',	'place'),
(59,	'banners',	'i18n::hierarchy-type-banners-banner',	'banner'),
(60,	'users',	'i18n::hierarchy-type-users-avatar',	'avatar'),
(61,	'exchange',	'i18n::hierarchy-type-exchange-data_exchange_export',	'export'),
(62,	'exchange',	'i18n::hierarchy-type-exchange-data_exchange_import',	'import'),
(63,	'filemanager',	'i18n::hierarchy-type-filemanager-shared_file',	'shared_file'),
(64,	'umiSettings',	'i18n::hierarchy-type-umiSettings-setting',	'settings'),
(65,	'umiStub',	'i18n::hierarchy-type-umiStub-ip-blacklist',	'ip-blacklist'),
(66,	'umiStub',	'i18n::hierarchy-type-umiStub-ip-whitelist',	'ip-whitelist'),
(67,	'appointment',	'i18n::hierarchy-type-appointment-page',	'page');



DROP TABLE IF EXISTS `cms3_import_apiship_orders`;
CREATE TABLE `cms3_import_apiship_orders` (
  `external_id` int(10) unsigned NOT NULL,
  `internal_id` int(10) unsigned NOT NULL,
  `source_id` int(10) unsigned NOT NULL,
  KEY `external_id` (`external_id`,`source_id`),
  KEY `internal_id` (`internal_id`,`source_id`),
  KEY `source_id` (`source_id`),
  CONSTRAINT `cms3_import_apiship_orders_ibfk_1` FOREIGN KEY (`internal_id`) REFERENCES `cms3_apiship_orders` (`id`) ON DELETE CASCADE ON UPDATE CASCADE,
  CONSTRAINT `cms3_import_apiship_orders_ibfk_2` FOREIGN KEY (`source_id`) REFERENCES `cms3_import_sources` (`id`) ON DELETE CASCADE ON UPDATE CASCADE
) ENGINE=InnoDB DEFAULT CHARSET=utf8;


DROP TABLE IF EXISTS `cms3_import_appointment_employees`;
CREATE TABLE `cms3_import_appointment_employees` (
  `external_id` int(11) NOT NULL,
  `internal_id` int(11) NOT NULL,
  `source_id` int(10) unsigned NOT NULL,
  KEY `external_id` (`external_id`,`source_id`),
  KEY `internal_id` (`internal_id`,`source_id`),
  KEY `source_id` (`source_id`),
  CONSTRAINT `cms3_import_appointment_employees_ibfk_1` FOREIGN KEY (`internal_id`) REFERENCES `cms3_appointment_employees` (`id`) ON DELETE CASCADE ON UPDATE CASCADE,
  CONSTRAINT `cms3_import_appointment_employees_ibfk_2` FOREIGN KEY (`source_id`) REFERENCES `cms3_import_sources` (`id`) ON DELETE CASCADE ON UPDATE CASCADE
) ENGINE=InnoDB DEFAULT CHARSET=utf8;


DROP TABLE IF EXISTS `cms3_import_appointment_employees_services`;
CREATE TABLE `cms3_import_appointment_employees_services` (
  `external_id` int(11) NOT NULL,
  `internal_id` int(11) NOT NULL,
  `source_id` int(10) unsigned NOT NULL,
  KEY `external_id` (`external_id`,`source_id`),
  KEY `internal_id` (`internal_id`,`source_id`),
  KEY `source_id` (`source_id`),
  CONSTRAINT `cms3_import_appointment_employees_services_ibfk_1` FOREIGN KEY (`internal_id`) REFERENCES `cms3_appointment_employees_services` (`id`) ON DELETE CASCADE ON UPDATE CASCADE,
  CONSTRAINT `cms3_import_appointment_employees_services_ibfk_2` FOREIGN KEY (`source_id`) REFERENCES `cms3_import_sources` (`id`) ON DELETE CASCADE ON UPDATE CASCADE
) ENGINE=InnoDB DEFAULT CHARSET=utf8;


DROP TABLE IF EXISTS `cms3_import_appointment_employee_schedule`;
CREATE TABLE `cms3_import_appointment_employee_schedule` (
  `external_id` int(11) NOT NULL,
  `internal_id` int(11) NOT NULL,
  `source_id` int(10) unsigned NOT NULL,
  KEY `external_id` (`external_id`,`source_id`),
  KEY `internal_id` (`internal_id`,`source_id`),
  KEY `source_id` (`source_id`),
  CONSTRAINT `cms3_import_appointment_employee_schedule_ibfk_1` FOREIGN KEY (`internal_id`) REFERENCES `cms3_appointment_employee_schedule` (`id`) ON DELETE CASCADE ON UPDATE CASCADE,
  CONSTRAINT `cms3_import_appointment_employee_schedule_ibfk_2` FOREIGN KEY (`source_id`) REFERENCES `cms3_import_sources` (`id`) ON DELETE CASCADE ON UPDATE CASCADE
) ENGINE=InnoDB DEFAULT CHARSET=utf8;


DROP TABLE IF EXISTS `cms3_import_appointment_orders`;
CREATE TABLE `cms3_import_appointment_orders` (
  `external_id` int(11) NOT NULL,
  `internal_id` int(11) NOT NULL,
  `source_id` int(10) unsigned NOT NULL,
  KEY `external_id` (`external_id`,`source_id`),
  KEY `internal_id` (`internal_id`,`source_id`),
  KEY `source_id` (`source_id`),
  CONSTRAINT `cms3_import_appointment_orders_ibfk_1` FOREIGN KEY (`internal_id`) REFERENCES `cms3_appointment_orders` (`id`) ON DELETE CASCADE ON UPDATE CASCADE,
  CONSTRAINT `cms3_import_appointment_orders_ibfk_2` FOREIGN KEY (`source_id`) REFERENCES `cms3_import_sources` (`id`) ON DELETE CASCADE ON UPDATE CASCADE
) ENGINE=InnoDB DEFAULT CHARSET=utf8;


DROP TABLE IF EXISTS `cms3_import_appointment_services`;
CREATE TABLE `cms3_import_appointment_services` (
  `external_id` int(11) NOT NULL,
  `internal_id` int(11) NOT NULL,
  `source_id` int(10) unsigned NOT NULL,
  KEY `external_id` (`external_id`,`source_id`),
  KEY `internal_id` (`internal_id`,`source_id`),
  KEY `source_id` (`source_id`),
  CONSTRAINT `cms3_import_appointment_services_ibfk_1` FOREIGN KEY (`internal_id`) REFERENCES `cms3_appointment_services` (`id`) ON DELETE CASCADE ON UPDATE CASCADE,
  CONSTRAINT `cms3_import_appointment_services_ibfk_2` FOREIGN KEY (`source_id`) REFERENCES `cms3_import_sources` (`id`) ON DELETE CASCADE ON UPDATE CASCADE
) ENGINE=InnoDB DEFAULT CHARSET=utf8;


DROP TABLE IF EXISTS `cms3_import_appointment_service_groups`;
CREATE TABLE `cms3_import_appointment_service_groups` (
  `external_id` int(11) NOT NULL,
  `internal_id` int(11) NOT NULL,
  `source_id` int(10) unsigned NOT NULL,
  KEY `external_id` (`external_id`,`source_id`),
  KEY `internal_id` (`internal_id`,`source_id`),
  KEY `source_id` (`source_id`),
  CONSTRAINT `cms3_import_appointment_service_groups_ibfk_1` FOREIGN KEY (`internal_id`) REFERENCES `cms3_appointment_service_groups` (`id`) ON DELETE CASCADE ON UPDATE CASCADE,
  CONSTRAINT `cms3_import_appointment_service_groups_ibfk_2` FOREIGN KEY (`source_id`) REFERENCES `cms3_import_sources` (`id`) ON DELETE CASCADE ON UPDATE CASCADE
) ENGINE=InnoDB DEFAULT CHARSET=utf8;


DROP TABLE IF EXISTS `cms3_import_domains`;
CREATE TABLE `cms3_import_domains` (
  `source_id` int(10) unsigned NOT NULL,
  `old_id` varchar(255) NOT NULL,
  `new_id` int(10) unsigned NOT NULL,
  KEY `source_id` (`source_id`,`old_id`,`new_id`),
  KEY `old_id` (`old_id`,`new_id`),
  KEY `new_id` (`new_id`),
  CONSTRAINT `FK_DomainSourceId_To_Source` FOREIGN KEY (`source_id`) REFERENCES `cms3_import_sources` (`id`) ON DELETE CASCADE ON UPDATE CASCADE,
  CONSTRAINT `FK_NewId_To_DomainId` FOREIGN KEY (`new_id`) REFERENCES `cms3_domains` (`id`) ON DELETE CASCADE ON UPDATE CASCADE
) ENGINE=InnoDB DEFAULT CHARSET=utf8;

INSERT INTO `cms3_import_domains` (`source_id`, `old_id`, `new_id`) VALUES
(1,	'1',	1),
(2,	'1',	1);

DROP TABLE IF EXISTS `cms3_import_domain_mirrors`;
CREATE TABLE `cms3_import_domain_mirrors` (
  `source_id` int(10) unsigned NOT NULL,
  `old_id` varchar(255) NOT NULL,
  `new_id` int(10) unsigned NOT NULL,
  KEY `source_id` (`source_id`,`old_id`,`new_id`),
  KEY `old_id` (`old_id`,`new_id`),
  KEY `new_id` (`new_id`),
  CONSTRAINT `FK_DomainMirrorSourceId_To_Source` FOREIGN KEY (`source_id`) REFERENCES `cms3_import_sources` (`id`) ON DELETE CASCADE ON UPDATE CASCADE,
  CONSTRAINT `FK_NewId_To_DomainMirrorId` FOREIGN KEY (`new_id`) REFERENCES `cms3_domain_mirrows` (`id`) ON DELETE CASCADE ON UPDATE CASCADE
) ENGINE=InnoDB DEFAULT CHARSET=utf8;


DROP TABLE IF EXISTS `cms3_import_fields`;
CREATE TABLE `cms3_import_fields` (
  `source_id` int(10) unsigned NOT NULL,
  `field_name` varchar(64) NOT NULL,
  `type_id` int(10) unsigned NOT NULL,
  `new_id` int(10) unsigned NOT NULL,
  KEY `source_id` (`source_id`),
  KEY `type_id` (`type_id`),
  KEY `field_name` (`field_name`),
  KEY `new_id` (`new_id`),
  CONSTRAINT `FK_FieldSourceId_To_Source` FOREIGN KEY (`source_id`) REFERENCES `cms3_import_sources` (`id`) ON DELETE CASCADE ON UPDATE CASCADE,
  CONSTRAINT `FK_NewFieldId_To_ObjectTypeId` FOREIGN KEY (`type_id`) REFERENCES `cms3_import_types` (`new_id`) ON DELETE CASCADE ON UPDATE CASCADE,
  CONSTRAINT `FK_NewId_To_ObjectTypeFieldId` FOREIGN KEY (`new_id`) REFERENCES `cms3_object_fields` (`id`) ON DELETE CASCADE ON UPDATE CASCADE
) ENGINE=InnoDB DEFAULT CHARSET=utf8;

INSERT INTO `cms3_import_fields` (`source_id`, `field_name`, `type_id`, `new_id`) VALUES
(1,	'publish_status_id',	2,	1),
(1,	'title',	3,	2),
(1,	'h1',	3,	3),
(1,	'content',	3,	4),
(1,	'meta_descriptions',	3,	5),
(1,	'meta_keywords',	3,	6),
(1,	'tags',	3,	7),
(1,	'menu_pic_ua',	3,	8),
(1,	'menu_pic_a',	3,	9),
(1,	'header_pic',	3,	10),
(1,	'robots_deny',	3,	11),
(1,	'show_submenu',	3,	12),
(1,	'is_expanded',	3,	13),
(1,	'is_unindexed',	3,	14),
(1,	'rate_voters',	3,	15),
(1,	'rate_sum',	3,	16),
(1,	'expiration_date',	3,	17),
(1,	'notification_date',	3,	18),
(1,	'publish_comments',	3,	19),
(1,	'publish_status',	3,	20),
(1,	'locktime',	3,	21),
(1,	'lockuser',	3,	22),
(1,	'charset',	6,	23),
(1,	'title',	7,	2),
(1,	'h1',	7,	3),
(1,	'meta_keywords',	7,	6),
(1,	'meta_descriptions',	7,	5),
(1,	'tags',	7,	7),
(1,	'readme',	7,	24),
(1,	'menu_pic_ua',	7,	8),
(1,	'menu_pic_a',	7,	9),
(1,	'header_pic',	7,	10),
(1,	'robots_deny',	7,	11),
(1,	'show_submenu',	7,	12),
(1,	'is_expanded',	7,	13),
(1,	'is_unindexed',	7,	14),
(1,	'rate_voters',	7,	15),
(1,	'rate_sum',	7,	16),
(1,	'expiration_date',	7,	17),
(1,	'notification_date',	7,	18),
(1,	'publish_comments',	7,	19),
(1,	'publish_status',	7,	20),
(1,	'locktime',	7,	21),
(1,	'lockuser',	7,	22),
(1,	'rss_type',	8,	25),
(1,	'url',	8,	26),
(1,	'charset_id',	8,	27),
(1,	'news_rubric',	8,	28),
(1,	'quality_value',	9,	29),
(1,	'country_iso_code',	10,	30),
(1,	'identifier',	14,	31),
(1,	'identifier',	15,	31),
(1,	'number',	16,	32),
(1,	'number',	17,	32),
(1,	'social_id',	19,	33),
(1,	'codename',	20,	34),
(1,	'codename',	21,	35),
(1,	'nominal',	21,	36),
(1,	'rate',	21,	37),
(1,	'prefix',	21,	38),
(1,	'suffix',	21,	39),
(1,	'codename',	22,	40),
(1,	'platform_identificator',	23,	41),
(1,	'active',	24,	42),
(1,	'domain_id',	24,	43),
(1,	'token',	24,	44),
(1,	'platform',	24,	45),
(1,	'lname',	25,	46),
(1,	'fname',	25,	47),
(1,	'father_name',	25,	48),
(1,	'email',	25,	49),
(1,	'phone',	25,	50),
(1,	'yandex_id',	27,	51),
(1,	'payonline_id',	27,	52),
(1,	'robokassa_id',	27,	53),
(1,	'payanyway_id',	27,	54),
(1,	'sberbank_id',	27,	55),
(1,	'tax',	27,	56),
(1,	'yandex_id',	28,	57),
(1,	'robokassa_id',	28,	53),
(1,	'payanyway_id',	28,	58),
(1,	'payonline_id',	28,	59),
(1,	'sberbank_id',	28,	55),
(1,	'yandex_id',	29,	57),
(1,	'robokassa_id',	29,	53),
(1,	'payanyway_id',	29,	58),
(1,	'payonline_id',	29,	59),
(1,	'sberbank_id',	29,	55),
(1,	'codename',	30,	34),
(1,	'description',	30,	60),
(1,	'modificator_codename',	31,	61),
(1,	'modificator_type_id',	31,	62),
(1,	'modificator_discount_types',	31,	63),
(1,	'modificator_type_guid',	31,	64),
(1,	'modificator_type_id',	32,	65),
(1,	'rule_codename',	33,	66),
(1,	'rule_type_id',	33,	67),
(1,	'rule_discount_types',	33,	68),
(1,	'rule_type_guid',	33,	69),
(1,	'rule_type_id',	34,	70),
(1,	'sid',	35,	71),
(1,	'sid',	36,	72),
(1,	'social_id',	37,	73),
(1,	'template_id',	37,	74),
(1,	'domain_id',	37,	75),
(1,	'nazvanie_sajta',	38,	76),
(1,	'is_iframe_enabled',	38,	77),
(1,	'iframe_pages',	38,	78),
(1,	'social_id',	38,	73),
(1,	'template_id',	38,	74),
(1,	'domain_id',	38,	75),
(1,	'nazvanie',	39,	79),
(1,	'country',	40,	80),
(1,	'index',	40,	81),
(1,	'region',	40,	82),
(1,	'city',	40,	83),
(1,	'street',	40,	84),
(1,	'house',	40,	85),
(1,	'flat',	40,	86),
(1,	'class_name',	41,	87),
(1,	'discount_type_id',	42,	88),
(1,	'discount_modificator_id',	42,	89),
(1,	'discount_rules_id',	42,	90),
(1,	'is_active',	42,	91),
(1,	'description',	42,	92),
(1,	'item_amount',	44,	93),
(1,	'item_price',	44,	94),
(1,	'item_total_original_price',	44,	95),
(1,	'item_actual_price',	44,	96),
(1,	'item_total_price',	44,	97),
(1,	'item_type_id',	44,	98),
(1,	'item_link',	44,	99),
(1,	'item_discount_id',	44,	100),
(1,	'item_discount_value',	44,	101),
(1,	'weight',	44,	102),
(1,	'width',	44,	103),
(1,	'height',	44,	104),
(1,	'length',	44,	105),
(1,	'tax_rate_id',	44,	106),
(1,	'payment_mode',	44,	107),
(1,	'payment_subject',	44,	108),
(1,	'options',	44,	109),
(1,	'trade_offer',	44,	110),
(1,	'codename',	45,	40),
(1,	'priority',	45,	111),
(1,	'class_name',	46,	112),
(1,	'payment_type_id',	46,	113),
(1,	'payment_type_guid',	46,	114),
(1,	'payment_type_id',	47,	115),
(1,	'disabled',	47,	116),
(1,	'domain_id_list',	47,	117),
(1,	'codename',	48,	40),
(1,	'priority',	48,	111),
(1,	'contact_person',	49,	118),
(1,	'phone_number',	49,	119),
(1,	'fax',	49,	120),
(1,	'email',	49,	49),
(1,	'name',	49,	121),
(1,	'legal_address',	49,	122),
(1,	'defacto_address',	49,	123),
(1,	'post_address',	49,	124),
(1,	'inn',	49,	125),
(1,	'account',	49,	126),
(1,	'bank',	49,	127),
(1,	'bank_account',	49,	128),
(1,	'bik',	49,	129),
(1,	'ogrn',	49,	130),
(1,	'kpp',	49,	131),
(1,	'class_name',	50,	132),
(1,	'delivery_type_id',	50,	133),
(1,	'delivery_type_guid',	50,	134),
(1,	'description',	51,	135),
(1,	'delivery_type_id',	51,	136),
(1,	'price',	51,	137),
(1,	'tax_rate_id',	51,	138),
(1,	'disabled',	51,	139),
(1,	'domain_id_list',	51,	140),
(1,	'payment_mode',	51,	141),
(1,	'payment_subject',	51,	142),
(1,	'disabled_types_of_payment',	51,	143),
(1,	'codename',	52,	40),
(1,	'priority',	52,	111),
(1,	'order_items',	53,	144),
(1,	'number',	53,	145),
(1,	'social_order_id',	53,	146),
(1,	'yandex_order_id',	53,	147),
(1,	'customer_id',	53,	148),
(1,	'domain_id',	53,	149),
(1,	'manager_id',	53,	150),
(1,	'status_id',	53,	151),
(1,	'total_original_price',	53,	152),
(1,	'total_price',	53,	153),
(1,	'total_amount',	53,	154),
(1,	'status_change_date',	53,	155),
(1,	'order_date',	53,	156),
(1,	'order_discount_value',	53,	157),
(1,	'is_reserved',	53,	158),
(1,	'service_info',	53,	159),
(1,	'credit-status',	53,	160),
(1,	'contractsigningdeadline',	53,	161),
(1,	'contractdeliverydeadline',	53,	162),
(1,	'banksigningappointmenttime',	53,	163),
(1,	'isconfirmed',	53,	164),
(1,	'signingtype',	53,	165),
(1,	'beingprocessed',	53,	166),
(1,	'http_referer',	53,	167),
(1,	'http_target',	53,	168),
(1,	'source_domain',	53,	169),
(1,	'utm_medium',	53,	170),
(1,	'utm_term',	53,	171),
(1,	'utm_campaign',	53,	172),
(1,	'utm_content',	53,	173),
(1,	'order_create_date',	53,	174),
(1,	'payment_id',	53,	175),
(1,	'payment_name',	53,	176),
(1,	'payment_status_id',	53,	177),
(1,	'payment_date',	53,	178),
(1,	'payment_document_num',	53,	179),
(1,	'legal_person',	53,	180),
(1,	'delivery_id',	53,	181),
(1,	'delivery_name',	53,	182),
(1,	'delivery_status_id',	53,	183),
(1,	'delivery_address',	53,	184),
(1,	'delivery_date',	53,	185),
(1,	'pickup_date',	53,	186),
(1,	'delivery_provider',	53,	187),
(1,	'delivery_tariff',	53,	188),
(1,	'delivery_type',	53,	189),
(1,	'pickup_type',	53,	190),
(1,	'delivery_price',	53,	191),
(1,	'delivery_point_in',	53,	192),
(1,	'delivery_point_out',	53,	193),
(1,	'total_weight',	53,	194),
(1,	'total_width',	53,	195),
(1,	'total_height',	53,	196),
(1,	'total_length',	53,	197),
(1,	'delivery_allow_date',	53,	198),
(1,	'order_discount_id',	53,	199),
(1,	'bonus',	53,	200),
(1,	'need_export',	53,	201),
(1,	'purchaser_one_click',	53,	202),
(1,	'login',	54,	203),
(1,	'password',	54,	204),
(1,	'e-mail',	54,	205),
(1,	'groups',	54,	206),
(1,	'activate_code',	54,	207),
(1,	'loginza',	54,	208),
(1,	'is_activated',	54,	209),
(1,	'last_request_time',	54,	210),
(1,	'subscribed_pages',	54,	211),
(1,	'rated_pages',	54,	212),
(1,	'is_online',	54,	213),
(1,	'messages_count',	54,	214),
(1,	'orders_refs',	54,	215),
(1,	'delivery_addresses',	54,	216),
(1,	'user_dock',	54,	217),
(1,	'preffered_currency',	54,	218),
(1,	'user_settings_data',	54,	219),
(1,	'last_order',	54,	220),
(1,	'bonus',	54,	221),
(1,	'legal_persons',	54,	222),
(1,	'spent_bonus',	54,	223),
(1,	'filemanager_directory',	54,	224),
(1,	'appended_file_extensions',	54,	225),
(1,	'register_date',	54,	226),
(1,	'tickets_color',	54,	227),
(1,	'favorite_domain_list',	54,	228),
(1,	'lname',	54,	229),
(1,	'fname',	54,	230),
(1,	'father_name',	54,	231),
(1,	'phone',	54,	232),
(1,	'referer',	54,	233),
(1,	'target',	54,	234),
(1,	'primary',	55,	235),
(1,	'proc',	56,	236),
(1,	'modificator_type_id',	56,	65),
(1,	'rule_type_id',	57,	70),
(1,	'users',	57,	237),
(1,	'menu_id',	58,	238),
(1,	'menuhierarchy',	58,	239),
(1,	'title',	60,	2),
(1,	'h1',	60,	3),
(1,	'meta_keywords',	60,	6),
(1,	'meta_descriptions',	60,	5),
(1,	'tags',	60,	7),
(1,	'anons',	60,	240),
(1,	'content',	60,	4),
(1,	'source',	60,	241),
(1,	'source_url',	60,	242),
(1,	'publish_time',	60,	243),
(1,	'begin_time',	60,	244),
(1,	'end_time',	60,	245),
(1,	'menu_pic_ua',	60,	8),
(1,	'menu_pic_a',	60,	9),
(1,	'header_pic',	60,	10),
(1,	'robots_deny',	60,	11),
(1,	'show_submenu',	60,	12),
(1,	'is_expanded',	60,	13),
(1,	'is_unindexed',	60,	14),
(1,	'anons_pic',	60,	246),
(1,	'publish_pic',	60,	247),
(1,	'subjects',	60,	248),
(1,	'rate_voters',	60,	15),
(1,	'rate_sum',	60,	16),
(1,	'expiration_date',	60,	17),
(1,	'notification_date',	60,	18),
(1,	'publish_comments',	60,	19),
(1,	'publish_status',	60,	20),
(1,	'locktime',	60,	21),
(1,	'lockuser',	60,	22),
(1,	'title',	61,	2),
(1,	'h1',	61,	3),
(1,	'meta_keywords',	61,	6),
(1,	'meta_descriptions',	61,	5),
(1,	'tags',	61,	7),
(1,	'content',	61,	4),
(1,	'menu_pic_ua',	61,	8),
(1,	'menu_pic_a',	61,	9),
(1,	'header_pic',	61,	10),
(1,	'robots_deny',	61,	11),
(1,	'show_submenu',	61,	12),
(1,	'is_expanded',	61,	13),
(1,	'is_unindexed',	61,	14),
(1,	'rate_voters',	61,	15),
(1,	'rate_sum',	61,	16),
(1,	'expiration_date',	61,	17),
(1,	'notification_date',	61,	18),
(1,	'publish_comments',	61,	19),
(1,	'publish_status',	61,	20),
(1,	'locktime',	61,	21),
(1,	'lockuser',	61,	22),
(1,	'user_id',	62,	249),
(1,	'message',	62,	250),
(1,	'x',	62,	251),
(1,	'y',	62,	252),
(1,	'width',	62,	253),
(1,	'height',	62,	254),
(1,	'create_time',	62,	255),
(1,	'url',	62,	256),
(1,	'title',	63,	2),
(1,	'h1',	63,	3),
(1,	'description',	63,	257),
(1,	'meta_descriptions',	63,	5),
(1,	'meta_keywords',	63,	6),
(1,	'tags',	63,	7),
(1,	'friendlist',	63,	258),
(1,	'menu_pic_ua',	63,	8),
(1,	'menu_pic_a',	63,	9),
(1,	'header_pic',	63,	10),
(1,	'robots_deny',	63,	11),
(1,	'show_submenu',	63,	12),
(1,	'is_expanded',	63,	13),
(1,	'is_unindexed',	63,	14),
(1,	'rate_voters',	63,	15),
(1,	'rate_sum',	63,	16),
(1,	'is_registrated',	64,	259),
(1,	'user_id',	64,	260),
(1,	'nickname',	64,	261),
(1,	'email',	64,	262),
(1,	'ip',	64,	263),
(1,	'content',	65,	4),
(1,	'author_id',	65,	264),
(1,	'publish_time',	65,	243),
(1,	'rate_voters',	65,	15),
(1,	'rate_sum',	65,	16),
(1,	'is_spam',	65,	265),
(1,	'title',	66,	2),
(1,	'h1',	66,	3),
(1,	'content',	66,	4),
(1,	'meta_descriptions',	66,	5),
(1,	'meta_keywords',	66,	6),
(1,	'tags',	66,	7),
(1,	'publish_time',	66,	243),
(1,	'menu_pic_ua',	66,	8),
(1,	'menu_pic_a',	66,	9),
(1,	'header_pic',	66,	10),
(1,	'robots_deny',	66,	11),
(1,	'show_submenu',	66,	12),
(1,	'is_expanded',	66,	13),
(1,	'is_unindexed',	66,	14),
(1,	'rate_voters',	66,	15),
(1,	'rate_sum',	66,	16),
(1,	'expiration_date',	66,	17),
(1,	'notification_date',	66,	18),
(1,	'publish_comments',	66,	19),
(1,	'publish_status',	66,	20),
(1,	'locktime',	66,	21),
(1,	'lockuser',	66,	22),
(1,	'only_for_friends',	66,	266),
(1,	'is_spam',	66,	265),
(1,	'title',	67,	2),
(1,	'h1',	67,	3),
(1,	'meta_keywords',	67,	6),
(1,	'meta_descriptions',	67,	5),
(1,	'tags',	67,	7),
(1,	'descr',	67,	267),
(1,	'topics_count',	67,	268),
(1,	'messages_count',	67,	269),
(1,	'last_message',	67,	270),
(1,	'menu_pic_ua',	67,	8),
(1,	'menu_pic_a',	67,	9),
(1,	'header_pic',	67,	10),
(1,	'robots_deny',	67,	11),
(1,	'show_submenu',	67,	12),
(1,	'is_expanded',	67,	13),
(1,	'is_unindexed',	67,	14),
(1,	'rate_voters',	67,	15),
(1,	'rate_sum',	67,	16),
(1,	'expiration_date',	67,	17),
(1,	'notification_date',	67,	18),
(1,	'publish_comments',	67,	19),
(1,	'publish_status',	67,	20),
(1,	'locktime',	67,	21),
(1,	'lockuser',	67,	22),
(1,	'title',	68,	2),
(1,	'h1',	68,	3),
(1,	'meta_keywords',	68,	6),
(1,	'tags',	68,	7),
(1,	'meta_descriptions',	68,	5),
(1,	'messages_count',	68,	269),
(1,	'last_message',	68,	270),
(1,	'menu_pic_ua',	68,	8),
(1,	'menu_pic_a',	68,	9),
(1,	'header_pic',	68,	10),
(1,	'robots_deny',	68,	11),
(1,	'show_submenu',	68,	12),
(1,	'is_expanded',	68,	13),
(1,	'is_unindexed',	68,	14),
(1,	'publish_time',	68,	243),
(1,	'author_id',	68,	264),
(1,	'last_post_time',	68,	271),
(1,	'rate_voters',	68,	15),
(1,	'rate_sum',	68,	16),
(1,	'expiration_date',	68,	17),
(1,	'notification_date',	68,	18),
(1,	'publish_comments',	68,	19),
(1,	'publish_status',	68,	20),
(1,	'locktime',	68,	21),
(1,	'lockuser',	68,	22),
(1,	'title',	69,	2),
(1,	'h1',	69,	3),
(1,	'meta_keywords',	69,	6),
(1,	'meta_descriptions',	69,	5),
(1,	'tags',	69,	7),
(1,	'menu_pic_ua',	69,	8),
(1,	'menu_pic_a',	69,	9),
(1,	'header_pic',	69,	10),
(1,	'robots_deny',	69,	11),
(1,	'show_submenu',	69,	12),
(1,	'is_expanded',	69,	13),
(1,	'is_unindexed',	69,	14),
(1,	'message',	69,	272),
(1,	'author_id',	69,	264),
(1,	'rate_voters',	69,	15),
(1,	'rate_sum',	69,	16),
(1,	'expiration_date',	69,	17),
(1,	'notification_date',	69,	18),
(1,	'publish_comments',	69,	19),
(1,	'publish_status',	69,	20),
(1,	'locktime',	69,	21),
(1,	'lockuser',	69,	22),
(1,	'title',	70,	2),
(1,	'h1',	70,	3),
(1,	'meta_keywords',	70,	6),
(1,	'meta_descriptions',	70,	5),
(1,	'tags',	70,	7),
(1,	'menu_pic_ua',	70,	8),
(1,	'menu_pic_a',	70,	9),
(1,	'header_pic',	70,	10),
(1,	'robots_deny',	70,	11),
(1,	'show_submenu',	70,	12),
(1,	'is_expanded',	70,	13),
(1,	'is_unindexed',	70,	14),
(1,	'message',	70,	272),
(1,	'publish_time',	70,	243),
(1,	'author_id',	70,	264),
(1,	'rate_voters',	70,	15),
(1,	'rate_sum',	70,	16),
(1,	'expiration_date',	70,	17),
(1,	'notification_date',	70,	18),
(1,	'publish_comments',	70,	19),
(1,	'publish_status',	70,	20),
(1,	'locktime',	70,	21),
(1,	'lockuser',	70,	22),
(1,	'is_spam',	70,	265),
(1,	'count',	71,	273),
(1,	'poll_rel',	71,	274),
(1,	'title',	72,	2),
(1,	'h1',	72,	3),
(1,	'meta_keywords',	72,	6),
(1,	'meta_descriptions',	72,	5),
(1,	'tags',	72,	7),
(1,	'menu_pic_ua',	72,	8),
(1,	'menu_pic_a',	72,	9),
(1,	'header_pic',	72,	10),
(1,	'robots_deny',	72,	11),
(1,	'show_submenu',	72,	12),
(1,	'is_expanded',	72,	13),
(1,	'is_unindexed',	72,	14),
(1,	'is_closed',	72,	275),
(1,	'question',	72,	276),
(1,	'publish_time',	72,	243),
(1,	'answers',	72,	277),
(1,	'total_count',	72,	278),
(1,	'rate_voters',	72,	15),
(1,	'rate_sum',	72,	16),
(1,	'expiration_date',	72,	17),
(1,	'notification_date',	72,	18),
(1,	'publish_comments',	72,	19),
(1,	'publish_status',	72,	20),
(1,	'locktime',	72,	21),
(1,	'lockuser',	72,	22),
(1,	'title',	73,	2),
(1,	'h1',	73,	3),
(1,	'content',	73,	4),
(1,	'meta_descriptions',	73,	5),
(1,	'meta_keywords',	73,	6),
(1,	'tags',	73,	7),
(1,	'menu_pic_ua',	73,	8),
(1,	'menu_pic_a',	73,	9),
(1,	'header_pic',	73,	10),
(1,	'robots_deny',	73,	11),
(1,	'show_submenu',	73,	12),
(1,	'is_expanded',	73,	13),
(1,	'is_unindexed',	73,	14),
(1,	'rate_voters',	73,	15),
(1,	'rate_sum',	73,	16),
(1,	'expiration_date',	73,	17),
(1,	'notification_date',	73,	18),
(1,	'publish_comments',	73,	19),
(1,	'publish_status',	73,	20),
(1,	'locktime',	73,	21),
(1,	'lockuser',	73,	22),
(1,	'form_id',	73,	279),
(1,	'destination_address',	74,	280),
(1,	'sender_ip',	74,	281),
(1,	'sending_time',	74,	282),
(1,	'wf_message',	74,	283),
(1,	'from_email_template',	75,	284),
(1,	'from_template',	75,	285),
(1,	'subject_template',	75,	286),
(1,	'master_template',	75,	287),
(1,	'autoreply_from_email_template',	75,	288),
(1,	'autoreply_from_template',	75,	289),
(1,	'autoreply_subject_template',	75,	290),
(1,	'autoreply_email_recipient',	75,	291),
(1,	'autoreply_template',	75,	292),
(1,	'posted_message',	75,	293),
(1,	'form_id',	75,	294),
(1,	'address_description',	76,	295),
(1,	'address_list',	76,	296),
(1,	'form_id',	76,	297),
(1,	'title',	77,	2),
(1,	'h1',	77,	3),
(1,	'meta_descriptions',	77,	5),
(1,	'meta_keywords',	77,	6),
(1,	'tags',	77,	7),
(1,	'menu_pic_ua',	77,	8),
(1,	'menu_pic_a',	77,	9),
(1,	'header_pic',	77,	10),
(1,	'robots_deny',	77,	11),
(1,	'show_submenu',	77,	12),
(1,	'is_expanded',	77,	13),
(1,	'is_unindexed',	77,	14),
(1,	'descr',	77,	267),
(1,	'create_time',	77,	298),
(1,	'user_id',	77,	299),
(1,	'rate_voters',	77,	15),
(1,	'rate_sum',	77,	16),
(1,	'expiration_date',	77,	17),
(1,	'notification_date',	77,	18),
(1,	'publish_comments',	77,	19),
(1,	'publish_status',	77,	20),
(1,	'locktime',	77,	21),
(1,	'lockuser',	77,	22),
(1,	'title',	78,	2),
(1,	'h1',	78,	3),
(1,	'meta_descriptions',	78,	5),
(1,	'meta_keywords',	78,	6),
(1,	'tags',	78,	7),
(1,	'menu_pic_ua',	78,	8),
(1,	'menu_pic_a',	78,	9),
(1,	'header_pic',	78,	10),
(1,	'robots_deny',	78,	11),
(1,	'show_submenu',	78,	12),
(1,	'is_expanded',	78,	13),
(1,	'is_unindexed',	78,	14),
(1,	'photo',	78,	300),
(1,	'descr',	78,	267),
(1,	'create_time',	78,	298),
(1,	'user_id',	78,	299),
(1,	'rate_voters',	78,	15),
(1,	'rate_sum',	78,	16),
(1,	'expiration_date',	78,	17),
(1,	'notification_date',	78,	18),
(1,	'publish_comments',	78,	19),
(1,	'publish_status',	78,	20),
(1,	'locktime',	78,	21),
(1,	'lockuser',	78,	22),
(1,	'title',	79,	2),
(1,	'h1',	79,	3),
(1,	'content',	79,	4),
(1,	'meta_descriptions',	79,	5),
(1,	'meta_keywords',	79,	6),
(1,	'tags',	79,	7),
(1,	'menu_pic_ua',	79,	8),
(1,	'menu_pic_a',	79,	9),
(1,	'header_pic',	79,	10),
(1,	'robots_deny',	79,	11),
(1,	'show_submenu',	79,	12),
(1,	'is_expanded',	79,	13),
(1,	'is_unindexed',	79,	14),
(1,	'rate_voters',	79,	15),
(1,	'rate_sum',	79,	16),
(1,	'expiration_date',	79,	17),
(1,	'notification_date',	79,	18),
(1,	'publish_comments',	79,	19),
(1,	'publish_status',	79,	20),
(1,	'locktime',	79,	21),
(1,	'lockuser',	79,	22),
(1,	'title',	80,	2),
(1,	'h1',	80,	3),
(1,	'content',	80,	4),
(1,	'meta_descriptions',	80,	5),
(1,	'meta_keywords',	80,	6),
(1,	'tags',	80,	7),
(1,	'menu_pic_ua',	80,	8),
(1,	'menu_pic_a',	80,	9),
(1,	'header_pic',	80,	10),
(1,	'robots_deny',	80,	11),
(1,	'show_submenu',	80,	12),
(1,	'is_expanded',	80,	13),
(1,	'is_unindexed',	80,	14),
(1,	'rate_voters',	80,	15),
(1,	'rate_sum',	80,	16),
(1,	'expiration_date',	80,	17),
(1,	'notification_date',	80,	18),
(1,	'publish_comments',	80,	19),
(1,	'publish_status',	80,	20),
(1,	'locktime',	80,	21),
(1,	'lockuser',	80,	22),
(1,	'title',	81,	2),
(1,	'h1',	81,	3),
(1,	'meta_descriptions',	81,	5),
(1,	'meta_keywords',	81,	6),
(1,	'tags',	81,	7),
(1,	'question',	81,	276),
(1,	'answer',	81,	301),
(1,	'author_id',	81,	264),
(1,	'publish_time',	81,	243),
(1,	'menu_pic_ua',	81,	8),
(1,	'menu_pic_a',	81,	9),
(1,	'header_pic',	81,	10),
(1,	'robots_deny',	81,	11),
(1,	'show_submenu',	81,	12),
(1,	'is_expanded',	81,	13),
(1,	'is_unindexed',	81,	14),
(1,	'expiration_date',	81,	17),
(1,	'notification_date',	81,	18),
(1,	'publish_comments',	81,	19),
(1,	'publish_status',	81,	20),
(1,	'locktime',	81,	21),
(1,	'lockuser',	81,	22),
(1,	'is_spam',	81,	265),
(1,	'disp_last_release',	82,	302),
(1,	'disp_description',	82,	303),
(1,	'forced_subscribers',	82,	304),
(1,	'news_relation',	82,	305),
(1,	'is_active',	82,	306),
(1,	'load_from_forum',	82,	307),
(1,	'days',	82,	308),
(1,	'hours',	82,	309),
(1,	'status',	83,	310),
(1,	'date',	83,	311),
(1,	'disp_reference',	83,	312),
(1,	'header',	84,	313),
(1,	'body',	84,	314),
(1,	'release_reference',	84,	315),
(1,	'attach_file',	84,	316),
(1,	'msg_date',	84,	317),
(1,	'short_body',	84,	318),
(1,	'new_relation',	84,	319),
(1,	'lname',	85,	320),
(1,	'fname',	85,	321),
(1,	'father_name',	85,	322),
(1,	'gender',	85,	323),
(1,	'uid',	85,	324),
(1,	'subscriber_dispatches',	85,	325),
(1,	'sent_release_list',	85,	326),
(1,	'subscribe_date',	85,	327),
(1,	'title',	86,	2),
(1,	'h1',	86,	3),
(1,	'meta_keywords',	86,	6),
(1,	'meta_descriptions',	86,	5),
(1,	'tags',	86,	7),
(1,	'menu_pic_ua',	86,	8),
(1,	'menu_pic_a',	86,	9),
(1,	'header_pic',	86,	10),
(1,	'robots_deny',	86,	11),
(1,	'show_submenu',	86,	12),
(1,	'is_expanded',	86,	13),
(1,	'is_unindexed',	86,	14),
(1,	'descr',	86,	267),
(1,	'social_category_vkontakte',	86,	328),
(1,	'rate_voters',	86,	15),
(1,	'rate_sum',	86,	16),
(1,	'expiration_date',	86,	17),
(1,	'notification_date',	86,	18),
(1,	'publish_comments',	86,	19),
(1,	'publish_status',	86,	20),
(1,	'locktime',	86,	21),
(1,	'lockuser',	86,	22),
(1,	'index_source',	86,	329),
(1,	'index_state',	86,	330),
(1,	'index_date',	86,	331),
(1,	'index_choose',	86,	332),
(1,	'index_level',	86,	333),
(1,	'title',	87,	2),
(1,	'h1',	87,	3),
(1,	'meta_keywords',	87,	6),
(1,	'meta_descriptions',	87,	5),
(1,	'tags',	87,	7),
(1,	'date_create_object',	87,	334),
(1,	'menu_pic_ua',	87,	8),
(1,	'menu_pic_a',	87,	9),
(1,	'header_pic',	87,	10),
(1,	'robots_deny',	87,	11),
(1,	'is_unindexed',	87,	14),
(1,	'tax_rate_id',	87,	335),
(1,	'price',	87,	336),
(1,	'payment_mode',	87,	337),
(1,	'payment_subject',	87,	338),
(1,	'stores_state',	87,	339),
(1,	'reserved',	87,	340),
(1,	'common_quantity',	87,	341),
(1,	'trade_offer_image',	87,	342),
(1,	'trade_offer_list',	87,	343),
(1,	'rate_voters',	87,	15),
(1,	'rate_sum',	87,	16),
(1,	'expiration_date',	87,	17),
(1,	'notification_date',	87,	18),
(1,	'publish_comments',	87,	19),
(1,	'publish_status',	87,	20),
(1,	'locktime',	87,	21),
(1,	'lockuser',	87,	22),
(1,	'fname',	88,	47),
(1,	'lname',	88,	46),
(1,	'father_name',	88,	48),
(1,	'preffered_currency',	88,	344),
(1,	'last_order',	88,	345),
(1,	'bonus',	88,	346),
(1,	'spent_bonus',	88,	347),
(1,	'email',	88,	49),
(1,	'phone',	88,	50),
(1,	'ip',	88,	348),
(1,	'delivery_addresses',	88,	349),
(1,	'legal_persons',	88,	350),
(1,	'modificator_type_id',	89,	65),
(1,	'size',	89,	351),
(1,	'rule_type_id',	90,	70),
(1,	'catalog_items',	90,	352),
(1,	'rule_type_id',	91,	70),
(1,	'start_date',	91,	353),
(1,	'end_date',	91,	354),
(1,	'rule_type_id',	92,	70),
(1,	'minimum',	92,	355),
(1,	'maximum',	92,	356),
(1,	'rule_type_id',	93,	70),
(1,	'minimal',	93,	357),
(1,	'maximum',	93,	358),
(1,	'rule_type_id',	94,	70),
(1,	'user_groups',	94,	359),
(1,	'rule_type_id',	95,	70),
(1,	'related_items',	95,	360),
(1,	'description',	96,	135),
(1,	'delivery_type_id',	96,	136),
(1,	'price',	96,	137),
(1,	'tax_rate_id',	96,	138),
(1,	'disabled',	96,	139),
(1,	'domain_id_list',	96,	140),
(1,	'payment_mode',	96,	141),
(1,	'payment_subject',	96,	142),
(1,	'disabled_types_of_payment',	96,	143),
(1,	'description',	97,	135),
(1,	'delivery_type_id',	97,	136),
(1,	'tax_rate_id',	97,	138),
(1,	'disabled',	97,	139),
(1,	'domain_id_list',	97,	140),
(1,	'payment_mode',	97,	141),
(1,	'payment_subject',	97,	142),
(1,	'disabled_types_of_payment',	97,	143),
(1,	'order_min_price',	97,	361),
(1,	'price',	97,	137),
(1,	'description',	98,	135),
(1,	'delivery_type_id',	98,	136),
(1,	'tax_rate_id',	98,	138),
(1,	'disabled',	98,	139),
(1,	'domain_id_list',	98,	140),
(1,	'payment_mode',	98,	141),
(1,	'payment_subject',	98,	142),
(1,	'disabled_types_of_payment',	98,	143),
(1,	'viewpost',	98,	362),
(1,	'zip_code',	98,	363),
(1,	'description',	99,	135),
(1,	'delivery_type_id',	99,	136),
(1,	'tax_rate_id',	99,	138),
(1,	'payment_mode',	99,	141),
(1,	'payment_subject',	99,	142),
(1,	'disabled_types_of_payment',	99,	143),
(1,	'login',	99,	364),
(1,	'password',	99,	365),
(1,	'dev_mode',	99,	366),
(1,	'keep_log',	99,	367),
(1,	'providers',	99,	368),
(1,	'delivery_types',	99,	369),
(1,	'pickup_types',	99,	370),
(1,	'settings',	99,	371),
(1,	'disabled',	99,	139),
(1,	'domain_id_list',	99,	140),
(1,	'payment_type_id',	100,	115),
(1,	'disabled',	100,	116),
(1,	'domain_id_list',	100,	117),
(1,	'reciever',	100,	372),
(1,	'reciever_inn',	100,	373),
(1,	'reciever_account',	100,	374),
(1,	'reciever_bank',	100,	375),
(1,	'bik',	100,	376),
(1,	'reciever_bank_account',	100,	377),
(1,	'payment_type_id',	101,	115),
(1,	'disabled',	101,	116),
(1,	'domain_id_list',	101,	117),
(1,	'merchant_id',	101,	378),
(1,	'private_key',	101,	379),
(1,	'receipt_data_send_enable',	101,	380),
(1,	'keep_log',	101,	381),
(1,	'payment_type_id',	102,	115),
(1,	'disabled',	102,	116),
(1,	'domain_id_list',	102,	117),
(1,	'payment_type_id',	103,	115),
(1,	'disabled',	103,	116),
(1,	'domain_id_list',	103,	117),
(1,	'login',	103,	382),
(1,	'password1',	103,	383),
(1,	'password2',	103,	384),
(1,	'test_mode',	103,	385),
(1,	'receipt_data_send_enable',	103,	380),
(1,	'payment_type_id',	104,	115),
(1,	'disabled',	104,	116),
(1,	'domain_id_list',	104,	117),
(1,	'eshopid',	104,	386),
(1,	'secretkey',	104,	387),
(1,	'payment_type_id',	105,	115),
(1,	'disabled',	105,	116),
(1,	'domain_id_list',	105,	117),
(1,	'name',	105,	388),
(1,	'legal_address',	105,	389),
(1,	'phone_number',	105,	390),
(1,	'inn',	105,	391),
(1,	'kpp',	105,	392),
(1,	'account',	105,	393),
(1,	'bank',	105,	394),
(1,	'bank_account',	105,	395),
(1,	'bik',	105,	376),
(1,	'sign_image',	105,	396),
(1,	'payment_type_id',	106,	115),
(1,	'disabled',	106,	116),
(1,	'domain_id_list',	106,	117),
(1,	'mnt_system_url',	106,	397),
(1,	'mnt_id',	106,	398),
(1,	'mnt_success_url',	106,	399),
(1,	'mnt_fail_url',	106,	400),
(1,	'mnt_data_integrity_code',	106,	401),
(1,	'mnt_test_mode',	106,	402),
(1,	'receipt_data_send_enable',	106,	380),
(1,	'payment_type_id',	107,	115),
(1,	'disabled',	107,	116),
(1,	'domain_id_list',	107,	117),
(1,	'project',	107,	403),
(1,	'key',	107,	404),
(1,	'source',	107,	405),
(1,	'payment_type_id',	108,	115),
(1,	'partnerId',	108,	406),
(1,	'apiKey',	108,	407),
(1,	'secretKey',	108,	387),
(1,	'demo_mode',	108,	408),
(1,	'disabled',	108,	116),
(1,	'domain_id_list',	108,	117),
(1,	'payment_type_id',	109,	115),
(1,	'disabled',	109,	116),
(1,	'domain_id_list',	109,	117),
(1,	'merchant_id',	109,	409),
(1,	'product_id',	109,	410),
(1,	'ok_url',	109,	411),
(1,	'secret_word',	109,	412),
(1,	'ko_url',	109,	413),
(1,	'payment_type_id',	110,	115),
(1,	'disabled',	110,	116),
(1,	'domain_id_list',	110,	117),
(1,	'shop_id',	110,	414),
(1,	'scid',	110,	415),
(1,	'bank_id',	110,	416),
(1,	'shop_password',	110,	417),
(1,	'demo_mode',	110,	408),
(1,	'receipt_data_send_enable',	110,	380),
(1,	'payment_type_id',	111,	115),
(1,	'disabled',	111,	116),
(1,	'domain_id_list',	111,	117),
(1,	'test_mode',	111,	385),
(1,	'paypalemail',	111,	418),
(1,	'return_success',	111,	419),
(1,	'cancel_return',	111,	420),
(1,	'payment_type_id',	112,	115),
(1,	'disabled',	112,	116),
(1,	'domain_id_list',	112,	117),
(1,	'shop_id',	112,	421),
(1,	'secret_key',	112,	422),
(1,	'receipt_data_send_enable',	112,	380),
(1,	'keep_log',	112,	381),
(1,	'id',	113,	423),
(1,	'descr',	113,	424),
(1,	'is_show_rand_banner',	113,	425),
(1,	'is_active',	114,	426),
(1,	'tags',	114,	427),
(1,	'url',	114,	428),
(1,	'open_in_new_window',	114,	429),
(1,	'views_count',	114,	430),
(1,	'clicks_count',	114,	431),
(1,	'max_views',	114,	432),
(1,	'show_start_date',	114,	433),
(1,	'show_till_date',	114,	434),
(1,	'user_tags',	114,	435),
(1,	'view_pages',	114,	436),
(1,	'place',	114,	437),
(1,	'not_view_pages',	114,	438),
(1,	'time_targeting_by_month_days',	114,	439),
(1,	'time_targeting_by_month',	114,	440),
(1,	'time_targeting_by_week_days',	114,	441),
(1,	'time_targeting_by_hours',	114,	442),
(1,	'time_targeting_is_active',	114,	443),
(1,	'city_targeting_city',	114,	444),
(1,	'city_targeting_is_active',	114,	445),
(1,	'priority',	114,	446),
(1,	'is_active',	115,	426),
(1,	'tags',	115,	427),
(1,	'image',	115,	447),
(1,	'width',	115,	448),
(1,	'height',	115,	449),
(1,	'alt',	115,	450),
(1,	'url',	115,	428),
(1,	'open_in_new_window',	115,	429),
(1,	'views_count',	115,	430),
(1,	'clicks_count',	115,	431),
(1,	'max_views',	115,	432),
(1,	'show_start_date',	115,	433),
(1,	'show_till_date',	115,	434),
(1,	'user_tags',	115,	435),
(1,	'view_pages',	115,	436),
(1,	'place',	115,	437),
(1,	'not_view_pages',	115,	438),
(1,	'time_targeting_by_month_days',	115,	439),
(1,	'time_targeting_by_month',	115,	440),
(1,	'time_targeting_by_week_days',	115,	441),
(1,	'time_targeting_by_hours',	115,	442),
(1,	'time_targeting_is_active',	115,	443),
(1,	'city_targeting_city',	115,	444),
(1,	'city_targeting_is_active',	115,	445),
(1,	'priority',	115,	446),
(1,	'is_active',	116,	426),
(1,	'tags',	116,	427),
(1,	'swf',	116,	451),
(1,	'width',	116,	448),
(1,	'height',	116,	449),
(1,	'swf_quality',	116,	452),
(1,	'url',	116,	428),
(1,	'open_in_new_window',	116,	429),
(1,	'views_count',	116,	430),
(1,	'clicks_count',	116,	431),
(1,	'max_views',	116,	432),
(1,	'show_start_date',	116,	433),
(1,	'show_till_date',	116,	434),
(1,	'user_tags',	116,	435),
(1,	'view_pages',	116,	436),
(1,	'place',	116,	437),
(1,	'not_view_pages',	116,	438),
(1,	'time_targeting_by_month_days',	116,	439),
(1,	'time_targeting_by_month',	116,	440),
(1,	'time_targeting_by_week_days',	116,	441),
(1,	'time_targeting_by_hours',	116,	442),
(1,	'time_targeting_is_active',	116,	443),
(1,	'city_targeting_city',	116,	444),
(1,	'city_targeting_is_active',	116,	445),
(1,	'priority',	116,	446),
(1,	'is_active',	117,	426),
(1,	'tags',	117,	427),
(1,	'html_content',	117,	453),
(1,	'url',	117,	428),
(1,	'open_in_new_window',	117,	429),
(1,	'views_count',	117,	430),
(1,	'clicks_count',	117,	431),
(1,	'max_views',	117,	432),
(1,	'show_start_date',	117,	433),
(1,	'show_till_date',	117,	434),
(1,	'user_tags',	117,	435),
(1,	'view_pages',	117,	436),
(1,	'place',	117,	437),
(1,	'not_view_pages',	117,	438),
(1,	'time_targeting_by_month_days',	117,	439),
(1,	'time_targeting_by_month',	117,	440),
(1,	'time_targeting_by_week_days',	117,	441),
(1,	'time_targeting_by_hours',	117,	442),
(1,	'time_targeting_is_active',	117,	443),
(1,	'city_targeting_city',	117,	444),
(1,	'city_targeting_is_active',	117,	445),
(1,	'priority',	117,	446),
(1,	'picture',	118,	454),
(1,	'is_hidden',	118,	455),
(1,	'format',	119,	456),
(1,	'elements',	119,	457),
(1,	'excluded_elements',	119,	458),
(1,	'cache_time',	119,	459),
(1,	'source_name',	119,	460),
(1,	'encoding_export',	119,	461),
(1,	'format',	120,	462),
(1,	'file',	120,	463),
(1,	'elements',	120,	464),
(1,	'encoding_import',	120,	465),
(1,	'source_name',	120,	466),
(1,	'title',	121,	2),
(1,	'h1',	121,	3),
(1,	'meta_descriptions',	121,	5),
(1,	'meta_keywords',	121,	6),
(1,	'tags',	121,	7),
(1,	'content',	121,	4),
(1,	'menu_pic_ua',	121,	8),
(1,	'menu_pic_a',	121,	9),
(1,	'header_pic',	121,	10),
(1,	'robots_deny',	121,	11),
(1,	'show_submenu',	121,	12),
(1,	'is_expanded',	121,	13),
(1,	'is_unindexed',	121,	14),
(1,	'fs_file',	121,	467),
(1,	'downloads_counter',	121,	468),
(1,	'rate_voters',	121,	15),
(1,	'rate_sum',	121,	16),
(1,	'expiration_date',	121,	17),
(1,	'notification_date',	121,	18),
(1,	'publish_comments',	121,	19),
(1,	'publish_status',	121,	20),
(1,	'locktime',	121,	21),
(1,	'lockuser',	121,	22),
(1,	'custom_id',	122,	469),
(1,	'lang_id',	122,	470),
(1,	'domain_id',	122,	471),
(1,	'domain_id',	123,	43),
(1,	'domain_id',	124,	43),
(1,	'title',	125,	2),
(1,	'h1',	125,	3),
(1,	'content',	125,	4),
(1,	'meta_descriptions',	125,	5),
(1,	'meta_keywords',	125,	6),
(1,	'tags',	125,	7),
(1,	'menu_pic_ua',	125,	8),
(1,	'menu_pic_a',	125,	9),
(1,	'header_pic',	125,	10),
(1,	'robots_deny',	125,	11),
(1,	'show_submenu',	125,	12),
(1,	'is_expanded',	125,	13),
(1,	'is_unindexed',	125,	14),
(1,	'rate_voters',	125,	15),
(1,	'rate_sum',	125,	16),
(1,	'expiration_date',	125,	17),
(1,	'notification_date',	125,	18),
(1,	'publish_comments',	125,	19),
(1,	'publish_status',	125,	20),
(1,	'locktime',	125,	21),
(1,	'lockuser',	125,	22),
(1,	'appoint_service_choice_title',	125,	472),
(1,	'appoint_hint_step_text',	125,	473),
(1,	'appoint_personal_step_title',	125,	474),
(1,	'appoint_personal_choice_title',	125,	475),
(1,	'appoint_dont_care_button',	125,	476),
(1,	'appoint_dont_care_hint',	125,	477),
(1,	'appoint_date_step_title',	125,	478),
(1,	'appoint_date_choice_title',	125,	479),
(1,	'appoint_confirm_step_title',	125,	480),
(1,	'appoint_book_time_button',	125,	481),
(1,	'appoint_book_time_hint',	125,	482),
(2,	'publish_status_id',	2,	1),
(2,	'title',	3,	2),
(2,	'h1',	3,	3),
(2,	'content',	3,	4),
(2,	'meta_descriptions',	3,	5),
(2,	'meta_keywords',	3,	6),
(2,	'tags',	3,	7),
(2,	'menu_pic_ua',	3,	8),
(2,	'menu_pic_a',	3,	9),
(2,	'header_pic',	3,	10),
(2,	'robots_deny',	3,	11),
(2,	'show_submenu',	3,	12),
(2,	'is_expanded',	3,	13),
(2,	'is_unindexed',	3,	14),
(2,	'rate_voters',	3,	15),
(2,	'rate_sum',	3,	16),
(2,	'expiration_date',	3,	17),
(2,	'notification_date',	3,	18),
(2,	'publish_comments',	3,	19),
(2,	'publish_status',	3,	20),
(2,	'locktime',	3,	21),
(2,	'lockuser',	3,	22),
(2,	'nazvanie',	39,	79),
(2,	'country_iso_code',	10,	30),
(2,	'country',	40,	80),
(2,	'index',	40,	81),
(2,	'region',	40,	82),
(2,	'city',	40,	83),
(2,	'street',	40,	84),
(2,	'house',	40,	85),
(2,	'flat',	40,	86),
(2,	'order_comments',	40,	483),
(2,	'codename',	21,	35),
(2,	'nominal',	21,	36),
(2,	'rate',	21,	37),
(2,	'prefix',	21,	38),
(2,	'suffix',	21,	39),
(2,	'class_name',	41,	87),
(2,	'codename',	30,	34),
(2,	'description',	30,	60),
(2,	'discount_type_id',	42,	88),
(2,	'discount_modificator_id',	42,	89),
(2,	'discount_rules_id',	42,	90),
(2,	'is_active',	42,	91),
(2,	'description',	42,	92),
(2,	'item_amount',	44,	93),
(2,	'item_price',	44,	94),
(2,	'item_total_original_price',	44,	95),
(2,	'item_total_price',	44,	97),
(2,	'item_type_id',	44,	98),
(2,	'item_link',	44,	99),
(2,	'item_discount_id',	44,	100),
(2,	'options',	44,	109),
(2,	'codename',	45,	40),
(2,	'class_name',	46,	112),
(2,	'payment_type_id',	46,	113),
(2,	'payment_type_guid',	46,	114),
(2,	'payment_type_id',	47,	115),
(2,	'codename',	48,	40),
(2,	'contact_person',	49,	118),
(2,	'phone_number',	49,	119),
(2,	'fax',	49,	120),
(2,	'email',	49,	49),
(2,	'name',	49,	121),
(2,	'legal_address',	49,	122),
(2,	'defacto_address',	49,	123),
(2,	'post_address',	49,	124),
(2,	'inn',	49,	125),
(2,	'account',	49,	126),
(2,	'bank',	49,	127),
(2,	'bank_account',	49,	128),
(2,	'bik',	49,	129),
(2,	'ogrn',	49,	130),
(2,	'kpp',	49,	131),
(2,	'class_name',	50,	132),
(2,	'delivery_type_id',	50,	133),
(2,	'delivery_type_guid',	50,	134),
(2,	'description',	51,	135),
(2,	'delivery_type_id',	51,	136),
(2,	'codename',	52,	40),
(2,	'order_items',	53,	144),
(2,	'number',	53,	145),
(2,	'customer_id',	53,	148),
(2,	'domain_id',	53,	149),
(2,	'manager_id',	53,	150),
(2,	'status_id',	53,	151),
(2,	'total_original_price',	53,	152),
(2,	'total_price',	53,	153),
(2,	'total_amount',	53,	154),
(2,	'status_change_date',	53,	155),
(2,	'order_date',	53,	156),
(2,	'is_reserved',	53,	158),
(2,	'social_order_id',	53,	146),
(2,	'payment_id',	53,	175),
(2,	'payment_status_id',	53,	177),
(2,	'payment_date',	53,	178),
(2,	'payment_document_num',	53,	179),
(2,	'legal_person',	53,	180),
(2,	'delivery_id',	53,	181),
(2,	'delivery_status_id',	53,	183),
(2,	'delivery_address',	53,	184),
(2,	'delivery_allow_date',	53,	198),
(2,	'delivery_price',	53,	191),
(2,	'order_discount_id',	53,	199),
(2,	'bonus',	53,	200),
(2,	'need_export',	53,	201),
(2,	'http_referer',	53,	167),
(2,	'http_target',	53,	168),
(2,	'fm_prefix',	126,	484),
(2,	'login',	54,	203),
(2,	'password',	54,	204),
(2,	'groups',	54,	206),
(2,	'e-mail',	54,	205),
(2,	'activate_code',	54,	207),
(2,	'is_activated',	54,	209),
(2,	'last_request_time',	54,	210),
(2,	'subscribed_pages',	54,	211),
(2,	'rated_pages',	54,	212),
(2,	'is_online',	54,	213),
(2,	'messages_count',	54,	214),
(2,	'loginza',	54,	208),
(2,	'orders_refs',	54,	215),
(2,	'delivery_addresses',	54,	216),
(2,	'user_dock',	54,	217),
(2,	'preffered_currency',	54,	218),
(2,	'user_settings_data',	54,	219),
(2,	'last_order',	54,	220),
(2,	'bonus',	54,	221),
(2,	'legal_persons',	54,	222),
(2,	'spent_bonus',	54,	223),
(2,	'filemanager',	54,	485),
(2,	'filemanager_directory',	54,	224),
(2,	'register_date',	54,	226),
(2,	'lname',	54,	229),
(2,	'fname',	54,	230),
(2,	'father_name',	54,	231),
(2,	'referer',	54,	233),
(2,	'target',	54,	234),
(2,	'id',	113,	423),
(2,	'descr',	113,	424),
(2,	'is_show_rand_banner',	113,	425),
(2,	'is_active',	114,	426),
(2,	'tags',	114,	427),
(2,	'url',	114,	428),
(2,	'open_in_new_window',	114,	429),
(2,	'views_count',	114,	430),
(2,	'clicks_count',	114,	431),
(2,	'max_views',	114,	432),
(2,	'show_start_date',	114,	433),
(2,	'show_till_date',	114,	434),
(2,	'user_tags',	114,	435),
(2,	'view_pages',	114,	436),
(2,	'place',	114,	437),
(2,	'not_view_pages',	114,	438),
(2,	'time_targeting_by_month_days',	114,	439),
(2,	'time_targeting_by_month',	114,	440),
(2,	'time_targeting_by_week_days',	114,	441),
(2,	'time_targeting_by_hours',	114,	442),
(2,	'time_targeting_is_active',	114,	443),
(2,	'city_targeting_city',	114,	444),
(2,	'city_targeting_is_active',	114,	445),
(2,	'social_id',	19,	33),
(2,	'title',	86,	2),
(2,	'h1',	86,	3),
(2,	'meta_keywords',	86,	6),
(2,	'meta_descriptions',	86,	5),
(2,	'tags',	86,	7),
(2,	'menu_pic_ua',	86,	8),
(2,	'menu_pic_a',	86,	9),
(2,	'header_pic',	86,	10),
(2,	'robots_deny',	86,	11),
(2,	'show_submenu',	86,	12),
(2,	'is_expanded',	86,	13),
(2,	'is_unindexed',	86,	14),
(2,	'descr',	86,	267),
(2,	'social_category_vkontakte',	86,	328),
(2,	'rate_voters',	86,	15),
(2,	'rate_sum',	86,	16),
(2,	'expiration_date',	86,	17),
(2,	'notification_date',	86,	18),
(2,	'publish_comments',	86,	19),
(2,	'publish_status',	86,	20),
(2,	'locktime',	86,	21),
(2,	'lockuser',	86,	22),
(2,	'title',	61,	2),
(2,	'h1',	61,	3),
(2,	'meta_keywords',	61,	6),
(2,	'meta_descriptions',	61,	5),
(2,	'tags',	61,	7),
(2,	'content',	61,	4),
(2,	'menu_pic_ua',	61,	8),
(2,	'menu_pic_a',	61,	9),
(2,	'header_pic',	61,	10),
(2,	'robots_deny',	61,	11),
(2,	'show_submenu',	61,	12),
(2,	'is_expanded',	61,	13),
(2,	'is_unindexed',	61,	14),
(2,	'rate_voters',	61,	15),
(2,	'rate_sum',	61,	16),
(2,	'expiration_date',	61,	17),
(2,	'notification_date',	61,	18),
(2,	'publish_comments',	61,	19),
(2,	'publish_status',	61,	20),
(2,	'locktime',	61,	21),
(2,	'lockuser',	61,	22),
(2,	'primary',	55,	235),
(2,	'title',	87,	2),
(2,	'h1',	87,	3),
(2,	'meta_keywords',	87,	6),
(2,	'meta_descriptions',	87,	5),
(2,	'tags',	87,	7),
(2,	'date_create_object',	87,	334),
(2,	'menu_pic_ua',	87,	8),
(2,	'menu_pic_a',	87,	9),
(2,	'header_pic',	87,	10),
(2,	'robots_deny',	87,	11),
(2,	'is_unindexed',	87,	14),
(2,	'price',	87,	336),
(2,	'stores_state',	87,	339),
(2,	'reserved',	87,	340),
(2,	'common_quantity',	87,	341),
(2,	'rate_voters',	87,	15),
(2,	'rate_sum',	87,	16),
(2,	'expiration_date',	87,	17),
(2,	'notification_date',	87,	18),
(2,	'publish_comments',	87,	19),
(2,	'publish_status',	87,	20),
(2,	'locktime',	87,	21),
(2,	'lockuser',	87,	22),
(2,	'title',	7,	2),
(2,	'h1',	7,	3),
(2,	'meta_keywords',	7,	6),
(2,	'meta_descriptions',	7,	5),
(2,	'tags',	7,	7),
(2,	'readme',	7,	24),
(2,	'menu_pic_ua',	7,	8),
(2,	'menu_pic_a',	7,	9),
(2,	'header_pic',	7,	10),
(2,	'robots_deny',	7,	11),
(2,	'show_submenu',	7,	12),
(2,	'is_expanded',	7,	13),
(2,	'is_unindexed',	7,	14),
(2,	'rate_voters',	7,	15),
(2,	'rate_sum',	7,	16),
(2,	'expiration_date',	7,	17),
(2,	'notification_date',	7,	18),
(2,	'publish_comments',	7,	19),
(2,	'publish_status',	7,	20),
(2,	'locktime',	7,	21),
(2,	'lockuser',	7,	22),
(2,	'title',	60,	2),
(2,	'h1',	60,	3),
(2,	'meta_keywords',	60,	6),
(2,	'meta_descriptions',	60,	5),
(2,	'tags',	60,	7),
(2,	'anons',	60,	240),
(2,	'content',	60,	4),
(2,	'source',	60,	241),
(2,	'source_url',	60,	242),
(2,	'publish_time',	60,	243),
(2,	'begin_time',	60,	244),
(2,	'end_time',	60,	245),
(2,	'menu_pic_ua',	60,	8),
(2,	'menu_pic_a',	60,	9),
(2,	'header_pic',	60,	10),
(2,	'robots_deny',	60,	11),
(2,	'show_submenu',	60,	12),
(2,	'is_expanded',	60,	13),
(2,	'is_unindexed',	60,	14),
(2,	'anons_pic',	60,	246),
(2,	'publish_pic',	60,	247),
(2,	'subjects',	60,	248),
(2,	'rate_voters',	60,	15),
(2,	'rate_sum',	60,	16),
(2,	'expiration_date',	60,	17),
(2,	'notification_date',	60,	18),
(2,	'publish_comments',	60,	19),
(2,	'publish_status',	60,	20),
(2,	'locktime',	60,	21),
(2,	'lockuser',	60,	22),
(2,	'title',	72,	2),
(2,	'h1',	72,	3),
(2,	'meta_keywords',	72,	6),
(2,	'meta_descriptions',	72,	5),
(2,	'tags',	72,	7),
(2,	'menu_pic_ua',	72,	8),
(2,	'menu_pic_a',	72,	9),
(2,	'header_pic',	72,	10),
(2,	'robots_deny',	72,	11),
(2,	'show_submenu',	72,	12),
(2,	'is_expanded',	72,	13),
(2,	'is_unindexed',	72,	14),
(2,	'is_closed',	72,	275),
(2,	'question',	72,	276),
(2,	'publish_time',	72,	243),
(2,	'answers',	72,	277),
(2,	'total_count',	72,	278),
(2,	'rate_voters',	72,	15),
(2,	'rate_sum',	72,	16),
(2,	'expiration_date',	72,	17),
(2,	'notification_date',	72,	18),
(2,	'publish_comments',	72,	19),
(2,	'publish_status',	72,	20),
(2,	'locktime',	72,	21),
(2,	'lockuser',	72,	22),
(2,	'count',	71,	273),
(2,	'poll_rel',	71,	274),
(2,	'title',	67,	2),
(2,	'h1',	67,	3),
(2,	'meta_keywords',	67,	6),
(2,	'meta_descriptions',	67,	5),
(2,	'tags',	67,	7),
(2,	'descr',	67,	267),
(2,	'topics_count',	67,	268),
(2,	'messages_count',	67,	269),
(2,	'last_message',	67,	270),
(2,	'menu_pic_ua',	67,	8),
(2,	'menu_pic_a',	67,	9),
(2,	'header_pic',	67,	10),
(2,	'robots_deny',	67,	11),
(2,	'show_submenu',	67,	12),
(2,	'is_expanded',	67,	13),
(2,	'is_unindexed',	67,	14),
(2,	'rate_voters',	67,	15),
(2,	'rate_sum',	67,	16),
(2,	'expiration_date',	67,	17),
(2,	'notification_date',	67,	18),
(2,	'publish_comments',	67,	19),
(2,	'publish_status',	67,	20),
(2,	'locktime',	67,	21),
(2,	'lockuser',	67,	22),
(2,	'is_registrated',	64,	259),
(2,	'user_id',	64,	260),
(2,	'nickname',	64,	261),
(2,	'email',	64,	262),
(2,	'ip',	64,	263),
(2,	'title',	68,	2),
(2,	'h1',	68,	3),
(2,	'meta_keywords',	68,	6),
(2,	'tags',	68,	7),
(2,	'meta_descriptions',	68,	5),
(2,	'messages_count',	68,	269),
(2,	'last_message',	68,	270),
(2,	'menu_pic_ua',	68,	8),
(2,	'menu_pic_a',	68,	9),
(2,	'header_pic',	68,	10),
(2,	'robots_deny',	68,	11),
(2,	'show_submenu',	68,	12),
(2,	'is_expanded',	68,	13),
(2,	'is_unindexed',	68,	14),
(2,	'publish_time',	68,	243),
(2,	'author_id',	68,	264),
(2,	'last_post_time',	68,	271),
(2,	'rate_voters',	68,	15),
(2,	'rate_sum',	68,	16),
(2,	'expiration_date',	68,	17),
(2,	'notification_date',	68,	18),
(2,	'publish_comments',	68,	19),
(2,	'publish_status',	68,	20),
(2,	'locktime',	68,	21),
(2,	'lockuser',	68,	22),
(2,	'title',	69,	2),
(2,	'h1',	69,	3),
(2,	'meta_keywords',	69,	6),
(2,	'meta_descriptions',	69,	5),
(2,	'tags',	69,	7),
(2,	'menu_pic_ua',	69,	8),
(2,	'menu_pic_a',	69,	9),
(2,	'header_pic',	69,	10),
(2,	'robots_deny',	69,	11),
(2,	'show_submenu',	69,	12),
(2,	'is_expanded',	69,	13),
(2,	'is_unindexed',	69,	14),
(2,	'message',	69,	272),
(2,	'publish_time',	69,	243),
(2,	'author_id',	69,	264),
(2,	'rate_voters',	69,	15),
(2,	'rate_sum',	69,	16),
(2,	'expiration_date',	69,	17),
(2,	'notification_date',	69,	18),
(2,	'publish_comments',	69,	19),
(2,	'publish_status',	69,	20),
(2,	'locktime',	69,	21),
(2,	'lockuser',	69,	22),
(2,	'title',	70,	2),
(2,	'h1',	70,	3),
(2,	'meta_keywords',	70,	6),
(2,	'meta_descriptions',	70,	5),
(2,	'tags',	70,	7),
(2,	'menu_pic_ua',	70,	8),
(2,	'menu_pic_a',	70,	9),
(2,	'header_pic',	70,	10),
(2,	'robots_deny',	70,	11),
(2,	'show_submenu',	70,	12),
(2,	'is_expanded',	70,	13),
(2,	'is_unindexed',	70,	14),
(2,	'message',	70,	272),
(2,	'publish_time',	70,	243),
(2,	'author_id',	70,	264),
(2,	'rate_voters',	70,	15),
(2,	'rate_sum',	70,	16),
(2,	'expiration_date',	70,	17),
(2,	'notification_date',	70,	18),
(2,	'publish_comments',	70,	19),
(2,	'publish_status',	70,	20),
(2,	'locktime',	70,	21),
(2,	'lockuser',	70,	22),
(2,	'is_spam',	70,	265),
(2,	'is_active',	115,	426),
(2,	'tags',	115,	427),
(2,	'image',	115,	447),
(2,	'width',	115,	448),
(2,	'height',	115,	449),
(2,	'alt',	115,	450),
(2,	'url',	115,	428),
(2,	'open_in_new_window',	115,	429),
(2,	'views_count',	115,	430),
(2,	'clicks_count',	115,	431),
(2,	'max_views',	115,	432),
(2,	'show_start_date',	115,	433),
(2,	'show_till_date',	115,	434),
(2,	'user_tags',	115,	435),
(2,	'view_pages',	115,	436),
(2,	'place',	115,	437),
(2,	'not_view_pages',	115,	438),
(2,	'time_targeting_by_month_days',	115,	439),
(2,	'time_targeting_by_month',	115,	440),
(2,	'time_targeting_by_week_days',	115,	441),
(2,	'time_targeting_by_hours',	115,	442),
(2,	'time_targeting_is_active',	115,	443),
(2,	'city_targeting_city',	115,	444),
(2,	'city_targeting_is_active',	115,	445),
(2,	'quality_value',	9,	29),
(2,	'is_active',	116,	426),
(2,	'tags',	116,	427),
(2,	'swf',	116,	451),
(2,	'width',	116,	448),
(2,	'height',	116,	449),
(2,	'swf_quality',	116,	452),
(2,	'url',	116,	428),
(2,	'open_in_new_window',	116,	429),
(2,	'views_count',	116,	430),
(2,	'clicks_count',	116,	431),
(2,	'max_views',	116,	432),
(2,	'show_start_date',	116,	433),
(2,	'show_till_date',	116,	434),
(2,	'user_tags',	116,	435),
(2,	'view_pages',	116,	436),
(2,	'place',	116,	437),
(2,	'not_view_pages',	116,	438),
(2,	'time_targeting_by_month_days',	116,	439),
(2,	'time_targeting_by_month',	116,	440),
(2,	'time_targeting_by_week_days',	116,	441),
(2,	'time_targeting_by_hours',	116,	442),
(2,	'time_targeting_is_active',	116,	443),
(2,	'city_targeting_city',	116,	444),
(2,	'city_targeting_is_active',	116,	445),
(2,	'is_active',	117,	426),
(2,	'tags',	117,	427),
(2,	'html_content',	117,	453),
(2,	'url',	117,	428),
(2,	'open_in_new_window',	117,	429),
(2,	'views_count',	117,	430),
(2,	'clicks_count',	117,	431),
(2,	'max_views',	117,	432),
(2,	'show_start_date',	117,	433),
(2,	'show_till_date',	117,	434),
(2,	'user_tags',	117,	435),
(2,	'view_pages',	117,	436),
(2,	'place',	117,	437),
(2,	'not_view_pages',	117,	438),
(2,	'time_targeting_by_month_days',	117,	439),
(2,	'time_targeting_by_month',	117,	440),
(2,	'time_targeting_by_week_days',	117,	441),
(2,	'time_targeting_by_hours',	117,	442),
(2,	'time_targeting_is_active',	117,	443),
(2,	'city_targeting_city',	117,	444),
(2,	'city_targeting_is_active',	117,	445),
(2,	'number',	17,	32),
(2,	'number',	16,	32),
(2,	'disp_last_release',	82,	302),
(2,	'disp_description',	82,	303),
(2,	'forced_subscribers',	82,	304),
(2,	'news_relation',	82,	305),
(2,	'is_active',	82,	306),
(2,	'days',	82,	308),
(2,	'hours',	82,	309),
(2,	'status',	83,	310),
(2,	'date',	83,	311),
(2,	'disp_reference',	83,	312),
(2,	'header',	84,	313),
(2,	'body',	84,	314),
(2,	'release_reference',	84,	315),
(2,	'attach_file',	84,	316),
(2,	'msg_date',	84,	317),
(2,	'short_body',	84,	318),
(2,	'new_relation',	84,	319),
(2,	'lname',	85,	320),
(2,	'fname',	85,	321),
(2,	'father_name',	85,	322),
(2,	'gender',	85,	323),
(2,	'uid',	85,	324),
(2,	'subscriber_dispatches',	85,	325),
(2,	'subscribe_date',	85,	327),
(2,	'user_id',	62,	249),
(2,	'message',	62,	250),
(2,	'x',	62,	251),
(2,	'y',	62,	252),
(2,	'width',	62,	253),
(2,	'height',	62,	254),
(2,	'url',	62,	256),
(2,	'title',	77,	2),
(2,	'h1',	77,	3),
(2,	'meta_descriptions',	77,	5),
(2,	'meta_keywords',	77,	6),
(2,	'tags',	77,	7),
(2,	'menu_pic_ua',	77,	8),
(2,	'menu_pic_a',	77,	9),
(2,	'header_pic',	77,	10),
(2,	'robots_deny',	77,	11),
(2,	'show_submenu',	77,	12),
(2,	'is_expanded',	77,	13),
(2,	'is_unindexed',	77,	14),
(2,	'descr',	77,	267),
(2,	'create_time',	77,	298),
(2,	'user_id',	77,	299),
(2,	'rate_voters',	77,	15),
(2,	'rate_sum',	77,	16),
(2,	'expiration_date',	77,	17),
(2,	'notification_date',	77,	18),
(2,	'publish_comments',	77,	19),
(2,	'publish_status',	77,	20),
(2,	'locktime',	77,	21),
(2,	'lockuser',	77,	22),
(2,	'title',	78,	2),
(2,	'h1',	78,	3),
(2,	'meta_descriptions',	78,	5),
(2,	'meta_keywords',	78,	6),
(2,	'tags',	78,	7),
(2,	'menu_pic_ua',	78,	8),
(2,	'menu_pic_a',	78,	9),
(2,	'header_pic',	78,	10),
(2,	'robots_deny',	78,	11),
(2,	'show_submenu',	78,	12),
(2,	'is_expanded',	78,	13),
(2,	'is_unindexed',	78,	14),
(2,	'photo',	78,	300),
(2,	'descr',	78,	267),
(2,	'create_time',	78,	298),
(2,	'user_id',	78,	299),
(2,	'rate_voters',	78,	15),
(2,	'rate_sum',	78,	16),
(2,	'expiration_date',	78,	17),
(2,	'notification_date',	78,	18),
(2,	'publish_comments',	78,	19),
(2,	'publish_status',	78,	20),
(2,	'locktime',	78,	21),
(2,	'lockuser',	78,	22),
(2,	'title',	81,	2),
(2,	'h1',	81,	3),
(2,	'meta_descriptions',	81,	5),
(2,	'meta_keywords',	81,	6),
(2,	'tags',	81,	7),
(2,	'question',	81,	276),
(2,	'answer',	81,	301),
(2,	'author_id',	81,	264),
(2,	'publish_time',	81,	243),
(2,	'menu_pic_ua',	81,	8),
(2,	'menu_pic_a',	81,	9),
(2,	'header_pic',	81,	10),
(2,	'robots_deny',	81,	11),
(2,	'show_submenu',	81,	12),
(2,	'is_expanded',	81,	13),
(2,	'is_unindexed',	81,	14),
(2,	'expiration_date',	81,	17),
(2,	'notification_date',	81,	18),
(2,	'publish_comments',	81,	19),
(2,	'publish_status',	81,	20),
(2,	'locktime',	81,	21),
(2,	'lockuser',	81,	22),
(2,	'is_spam',	81,	265),
(2,	'title',	121,	2),
(2,	'h1',	121,	3),
(2,	'content',	121,	4),
(2,	'meta_descriptions',	121,	5),
(2,	'meta_keywords',	121,	6),
(2,	'tags',	121,	7),
(2,	'menu_pic_ua',	121,	8),
(2,	'menu_pic_a',	121,	9),
(2,	'header_pic',	121,	10),
(2,	'robots_deny',	121,	11),
(2,	'show_submenu',	121,	12),
(2,	'is_expanded',	121,	13),
(2,	'is_unindexed',	121,	14),
(2,	'fs_file',	121,	467),
(2,	'downloads_counter',	121,	468),
(2,	'rate_voters',	121,	15),
(2,	'rate_sum',	121,	16),
(2,	'expiration_date',	121,	17),
(2,	'notification_date',	121,	18),
(2,	'publish_comments',	121,	19),
(2,	'publish_status',	121,	20),
(2,	'locktime',	121,	21),
(2,	'lockuser',	121,	22),
(2,	'destination_address',	74,	280),
(2,	'sender_ip',	74,	281),
(2,	'sending_time',	74,	282),
(2,	'from_email_template',	75,	284),
(2,	'from_template',	75,	285),
(2,	'subject_template',	75,	286),
(2,	'master_template',	75,	287),
(2,	'autoreply_from_email_template',	75,	288),
(2,	'autoreply_from_template',	75,	289),
(2,	'autoreply_subject_template',	75,	290),
(2,	'autoreply_template',	75,	292),
(2,	'form_id',	75,	294),
(2,	'posted_message',	75,	293),
(2,	'address_description',	76,	295),
(2,	'address_list',	76,	296),
(2,	'form_id',	76,	297),
(2,	'title',	63,	2),
(2,	'description',	63,	257),
(2,	'meta_descriptions',	63,	5),
(2,	'meta_keywords',	63,	6),
(2,	'tags',	63,	7),
(2,	'friendlist',	63,	258),
(2,	'h1',	63,	3),
(2,	'menu_pic_ua',	63,	8),
(2,	'menu_pic_a',	63,	9),
(2,	'header_pic',	63,	10),
(2,	'robots_deny',	63,	11),
(2,	'show_submenu',	63,	12),
(2,	'is_expanded',	63,	13),
(2,	'is_unindexed',	63,	14),
(2,	'rate_voters',	63,	15),
(2,	'rate_sum',	63,	16),
(2,	'content',	65,	4),
(2,	'author_id',	65,	264),
(2,	'publish_time',	65,	243),
(2,	'rate_voters',	65,	15),
(2,	'rate_sum',	65,	16),
(2,	'is_spam',	65,	265),
(2,	'title',	66,	2),
(2,	'h1',	66,	3),
(2,	'content',	66,	4),
(2,	'meta_descriptions',	66,	5),
(2,	'meta_keywords',	66,	6),
(2,	'tags',	66,	7),
(2,	'publish_time',	66,	243),
(2,	'menu_pic_ua',	66,	8),
(2,	'menu_pic_a',	66,	9),
(2,	'header_pic',	66,	10),
(2,	'robots_deny',	66,	11),
(2,	'show_submenu',	66,	12),
(2,	'is_expanded',	66,	13),
(2,	'is_unindexed',	66,	14),
(2,	'rate_voters',	66,	15),
(2,	'rate_sum',	66,	16),
(2,	'expiration_date',	66,	17),
(2,	'notification_date',	66,	18),
(2,	'publish_comments',	66,	19),
(2,	'publish_status',	66,	20),
(2,	'locktime',	66,	21),
(2,	'lockuser',	66,	22),
(2,	'only_for_friends',	66,	266),
(2,	'is_spam',	66,	265),
(2,	'title',	73,	2),
(2,	'h1',	73,	3),
(2,	'content',	73,	4),
(2,	'meta_descriptions',	73,	5),
(2,	'meta_keywords',	73,	6),
(2,	'tags',	73,	7),
(2,	'menu_pic_ua',	73,	8),
(2,	'menu_pic_a',	73,	9),
(2,	'header_pic',	73,	10),
(2,	'robots_deny',	73,	11),
(2,	'show_submenu',	73,	12),
(2,	'is_expanded',	73,	13),
(2,	'is_unindexed',	73,	14),
(2,	'rate_voters',	73,	15),
(2,	'rate_sum',	73,	16),
(2,	'expiration_date',	73,	17),
(2,	'notification_date',	73,	18),
(2,	'publish_comments',	73,	19),
(2,	'publish_status',	73,	20),
(2,	'locktime',	73,	21),
(2,	'lockuser',	73,	22),
(2,	'form_id',	73,	279),
(2,	'modificator_codename',	31,	61),
(2,	'modificator_type_id',	31,	62),
(2,	'modificator_discount_types',	31,	63),
(2,	'modificator_type_guid',	31,	64),
(2,	'modificator_type_id',	32,	65),
(2,	'rule_codename',	33,	66),
(2,	'rule_type_id',	33,	67),
(2,	'rule_discount_types',	33,	68),
(2,	'rule_type_guid',	33,	69),
(2,	'rule_type_id',	34,	70),
(2,	'rule_type_id',	90,	70),
(2,	'catalog_items',	90,	352),
(2,	'description',	96,	135),
(2,	'delivery_type_id',	96,	136),
(2,	'description',	97,	135),
(2,	'delivery_type_id',	97,	136),
(2,	'order_min_price',	97,	361),
(2,	'price',	97,	137),
(2,	'rule_type_id',	91,	70),
(2,	'start_date',	91,	353),
(2,	'end_date',	91,	354),
(2,	'rule_type_id',	92,	70),
(2,	'minimum',	92,	355),
(2,	'maximum',	92,	356),
(2,	'rule_type_id',	93,	70),
(2,	'minimal',	93,	357),
(2,	'maximum',	93,	358),
(2,	'rule_type_id',	94,	70),
(2,	'user_groups',	94,	359),
(2,	'rule_type_id',	57,	70),
(2,	'users',	57,	237),
(2,	'rule_type_id',	95,	70),
(2,	'related_items',	95,	360),
(2,	'payment_type_id',	101,	115),
(2,	'merchant_id',	101,	378),
(2,	'private_key',	101,	379),
(2,	'payment_type_id',	102,	115),
(2,	'sid',	36,	72),
(2,	'format',	119,	456),
(2,	'elements',	119,	457),
(2,	'cache_time',	119,	459),
(2,	'source_name',	119,	460),
(2,	'sid',	35,	71),
(2,	'format',	120,	462),
(2,	'file',	120,	463),
(2,	'elements',	120,	464),
(2,	'destination_address',	127,	280),
(2,	'sender_ip',	127,	281),
(2,	'sending_time',	127,	282),
(2,	'name',	127,	486),
(2,	'email',	127,	487),
(2,	'opinion',	127,	488),
(2,	'payment_type_id',	127,	489),
(2,	'mnt_system_url',	127,	490),
(2,	'mnt_id',	127,	491),
(2,	'mnt_success_url',	127,	492),
(2,	'mnt_fail_url',	127,	493),
(2,	'mnt_data_integrity_code',	127,	494),
(2,	'mnt_test_mode',	127,	495),
(2,	'title',	137,	2),
(2,	'h1',	137,	3),
(2,	'meta_keywords',	137,	6),
(2,	'meta_descriptions',	137,	5),
(2,	'tags',	137,	7),
(2,	'modificator_type_id',	137,	496),
(2,	'size',	137,	497),
(2,	'date_create_object',	137,	334),
(2,	'menu_pic_ua',	137,	8),
(2,	'menu_pic_a',	137,	9),
(2,	'header_pic',	137,	10),
(2,	'robots_deny',	137,	11),
(2,	'is_unindexed',	137,	14),
(2,	'price',	137,	336),
(2,	'stores_state',	137,	339),
(2,	'reserved',	137,	340),
(2,	'rate_voters',	137,	15),
(2,	'rate_sum',	137,	16),
(2,	'expiration_date',	137,	17),
(2,	'notification_date',	137,	18),
(2,	'publish_comments',	137,	19),
(2,	'publish_status',	137,	20),
(2,	'locktime',	137,	21),
(2,	'lockuser',	137,	22),
(2,	'photo',	137,	498),
(2,	'opisanie',	137,	499),
(2,	'weight',	137,	500),
(2,	'color',	137,	501),
(2,	'vid',	137,	502),
(2,	'gender',	137,	503),
(2,	'tip_shersti',	137,	504),
(2,	'kolichestvo_lap',	137,	505),
(2,	'dlina_usov',	137,	506),
(2,	'maksimalnaya_skorost',	137,	507),
(2,	'obem_legkih',	137,	508),
(2,	'razmah_lap_v_bege',	137,	509),
(2,	'harakter',	137,	510),
(2,	'druzhelyubnost',	137,	511),
(2,	'kulinarnye_predpochteniya',	137,	512),
(2,	'integriruemost_v_koleso',	137,	513),
(2,	'recommend',	137,	514),
(2,	'title',	138,	2),
(2,	'h1',	138,	3),
(2,	'meta_keywords',	138,	6),
(2,	'meta_descriptions',	138,	5),
(2,	'tags',	138,	7),
(2,	'date_create_object',	138,	334),
(2,	'menu_pic_ua',	138,	8),
(2,	'menu_pic_a',	138,	9),
(2,	'header_pic',	138,	10),
(2,	'robots_deny',	138,	11),
(2,	'is_unindexed',	138,	14),
(2,	'price',	138,	336),
(2,	'stores_state',	138,	339),
(2,	'reserved',	138,	340),
(2,	'rate_voters',	138,	15),
(2,	'rate_sum',	138,	16),
(2,	'expiration_date',	138,	17),
(2,	'notification_date',	138,	18),
(2,	'publish_comments',	138,	19),
(2,	'publish_status',	138,	20),
(2,	'locktime',	138,	21),
(2,	'lockuser',	138,	22),
(2,	'photo',	138,	498),
(2,	'opisanie',	138,	499),
(2,	'diametr_kolesa',	138,	515),
(2,	'title',	140,	2),
(2,	'h1',	140,	3),
(2,	'meta_keywords',	140,	6),
(2,	'meta_descriptions',	140,	5),
(2,	'tags',	140,	7),
(2,	'date_create_object',	140,	334),
(2,	'menu_pic_ua',	140,	8),
(2,	'menu_pic_a',	140,	9),
(2,	'header_pic',	140,	10),
(2,	'robots_deny',	140,	11),
(2,	'is_unindexed',	140,	14),
(2,	'price',	140,	336),
(2,	'stores_state',	140,	339),
(2,	'reserved',	140,	340),
(2,	'rate_voters',	140,	15),
(2,	'rate_sum',	140,	16),
(2,	'expiration_date',	140,	17),
(2,	'notification_date',	140,	18),
(2,	'publish_comments',	140,	19),
(2,	'publish_status',	140,	20),
(2,	'locktime',	140,	21),
(2,	'lockuser',	140,	22),
(2,	'photo',	140,	498),
(2,	'opisanie',	140,	499),
(2,	'type',	140,	516),
(2,	'podhodit_dlya',	140,	517),
(2,	'identifier',	15,	31),
(2,	'identifier',	14,	31),
(2,	'payment_type_id',	100,	115),
(2,	'reciever',	100,	372),
(2,	'reciever_inn',	100,	373),
(2,	'reciever_account',	100,	374),
(2,	'reciever_bank',	100,	375),
(2,	'bik',	100,	376),
(2,	'reciever_bank_account',	100,	377),
(2,	'payment_type_id',	103,	115),
(2,	'login',	103,	382),
(2,	'password1',	103,	383),
(2,	'password2',	103,	384),
(2,	'test_mode',	103,	385),
(2,	'payment_type_id',	104,	115),
(2,	'eshopid',	104,	386),
(2,	'secretkey',	104,	387),
(2,	'description',	98,	135),
(2,	'delivery_type_id',	98,	136),
(2,	'viewpost',	98,	362),
(2,	'typepost',	98,	518),
(2,	'setpostvalue',	98,	519),
(2,	'departure_city',	98,	520),
(2,	'social_id',	37,	73),
(2,	'nazvanie_sajta',	38,	76),
(2,	'is_iframe_enabled',	38,	77),
(2,	'iframe_pages',	38,	78),
(2,	'social_id',	38,	73),
(2,	'payment_type_id',	105,	115),
(2,	'name',	105,	388),
(2,	'legal_address',	105,	389),
(2,	'phone_number',	105,	390),
(2,	'inn',	105,	391),
(2,	'kpp',	105,	392),
(2,	'account',	105,	393),
(2,	'bank',	105,	394),
(2,	'bank_account',	105,	395),
(2,	'bik',	105,	376),
(2,	'sign_image',	105,	396),
(2,	'payment_type_id',	107,	115),
(2,	'project',	107,	403),
(2,	'key',	107,	404),
(2,	'source',	107,	405),
(2,	'rss_type',	8,	25),
(2,	'url',	8,	26),
(2,	'news_rubric',	8,	28),
(2,	'title',	79,	2),
(2,	'h1',	79,	3),
(2,	'content',	79,	4),
(2,	'meta_descriptions',	79,	5),
(2,	'meta_keywords',	79,	6),
(2,	'tags',	79,	7),
(2,	'menu_pic_ua',	79,	8),
(2,	'menu_pic_a',	79,	9),
(2,	'header_pic',	79,	10),
(2,	'robots_deny',	79,	11),
(2,	'show_submenu',	79,	12),
(2,	'is_expanded',	79,	13),
(2,	'is_unindexed',	79,	14),
(2,	'rate_voters',	79,	15),
(2,	'rate_sum',	79,	16),
(2,	'expiration_date',	79,	17),
(2,	'notification_date',	79,	18),
(2,	'publish_comments',	79,	19),
(2,	'publish_status',	79,	20),
(2,	'locktime',	79,	21),
(2,	'lockuser',	79,	22),
(2,	'title',	80,	2),
(2,	'h1',	80,	3),
(2,	'content',	80,	4),
(2,	'meta_descriptions',	80,	5),
(2,	'meta_keywords',	80,	6),
(2,	'tags',	80,	7),
(2,	'menu_pic_ua',	80,	8),
(2,	'menu_pic_a',	80,	9),
(2,	'header_pic',	80,	10),
(2,	'robots_deny',	80,	11),
(2,	'show_submenu',	80,	12),
(2,	'is_expanded',	80,	13),
(2,	'is_unindexed',	80,	14),
(2,	'rate_voters',	80,	15),
(2,	'rate_sum',	80,	16),
(2,	'expiration_date',	80,	17),
(2,	'notification_date',	80,	18),
(2,	'publish_comments',	80,	19),
(2,	'publish_status',	80,	20),
(2,	'locktime',	80,	21),
(2,	'lockuser',	80,	22),
(2,	'picture',	118,	454),
(2,	'is_hidden',	118,	455),
(2,	'fname',	88,	47),
(2,	'lname',	88,	46),
(2,	'father_name',	88,	48),
(2,	'preffered_currency',	88,	344),
(2,	'last_order',	88,	345),
(2,	'bonus',	88,	346),
(2,	'spent_bonus',	88,	347),
(2,	'email',	88,	49),
(2,	'phone',	88,	50),
(2,	'ip',	88,	348),
(2,	'delivery_addresses',	88,	349),
(2,	'legal_persons',	88,	350),
(2,	'proc',	56,	236),
(2,	'modificator_type_id',	56,	65),
(2,	'class_name',	141,	87),
(2,	'modificator_type_id',	89,	65),
(2,	'size',	89,	351);

DROP TABLE IF EXISTS `cms3_import_groups`;
CREATE TABLE `cms3_import_groups` (
  `source_id` int(10) unsigned NOT NULL,
  `group_name` varchar(48) NOT NULL,
  `type_id` int(10) unsigned NOT NULL,
  `new_id` int(10) unsigned NOT NULL,
  KEY `source_id` (`source_id`),
  KEY `type_id` (`type_id`),
  KEY `group_name` (`group_name`),
  KEY `new_id` (`new_id`),
  CONSTRAINT `FK_GroupSourceId_To_Source` FOREIGN KEY (`source_id`) REFERENCES `cms3_import_sources` (`id`) ON DELETE CASCADE ON UPDATE CASCADE,
  CONSTRAINT `FK_NewGroupId_To_ObjectTypeId` FOREIGN KEY (`type_id`) REFERENCES `cms3_import_types` (`new_id`) ON DELETE CASCADE ON UPDATE CASCADE,
  CONSTRAINT `FK_NewId_To_ObjectTypeGroupId` FOREIGN KEY (`new_id`) REFERENCES `cms3_object_field_groups` (`id`) ON DELETE CASCADE ON UPDATE CASCADE
) ENGINE=InnoDB DEFAULT CHARSET=utf8;

INSERT INTO `cms3_import_groups` (`source_id`, `group_name`, `type_id`, `new_id`) VALUES
(1,	'svojstva_statusa_stranicy',	2,	1),
(1,	'common',	3,	2),
(1,	'menu_view',	3,	3),
(1,	'more_params',	3,	4),
(1,	'rate_props',	3,	5),
(1,	'svojstva_publikacii',	3,	6),
(1,	'locks',	3,	7),
(1,	'common',	6,	8),
(1,	'common',	7,	9),
(1,	'menu_view',	7,	10),
(1,	'more_params',	7,	11),
(1,	'rate_voters',	7,	12),
(1,	'svojstva_publikacii',	7,	13),
(1,	'locks',	7,	14),
(1,	'common',	8,	15),
(1,	'props',	9,	16),
(1,	'params_more',	10,	17),
(1,	'common',	14,	18),
(1,	'common',	15,	19),
(1,	'additional',	16,	20),
(1,	'additional',	17,	21),
(1,	'params',	19,	22),
(1,	'common',	20,	23),
(1,	'props_currency',	21,	24),
(1,	'credit_status_props',	22,	25),
(1,	'common',	23,	26),
(1,	'common',	24,	27),
(1,	'personal',	25,	28),
(1,	'common',	27,	29),
(1,	'common',	28,	30),
(1,	'common',	29,	31),
(1,	'discount_type_props',	30,	32),
(1,	'discount_modificator_type_props',	31,	33),
(1,	'discount_modificator_props',	32,	34),
(1,	'discount_rule_type_props',	33,	35),
(1,	'discount_rule_props',	34,	36),
(1,	'common',	35,	37),
(1,	'common',	36,	38),
(1,	'network_system_props',	37,	39),
(1,	'props',	38,	40),
(1,	'pages',	38,	41),
(1,	'network_system_props',	38,	42),
(1,	'svojstva_gruppy_polzovatelej',	39,	43),
(1,	'common',	40,	44),
(1,	'item_type_props',	41,	45),
(1,	'discount_props',	42,	46),
(1,	'item_props',	44,	47),
(1,	'item_optioned_props',	44,	48),
(1,	'trade_offers',	44,	49),
(1,	'order_status_props',	45,	50),
(1,	'payment_type_props',	46,	51),
(1,	'payment_props',	47,	52),
(1,	'order_status_props',	48,	53),
(1,	'general',	49,	54),
(1,	'addresses',	49,	55),
(1,	'payment',	49,	56),
(1,	'delivery_type_props',	50,	57),
(1,	'delivery_description_props',	51,	58),
(1,	'order_status_props',	52,	59),
(1,	'order_props',	53,	60),
(1,	'order_credit_props',	53,	61),
(1,	'statistic_info',	53,	62),
(1,	'order_payment_props',	53,	63),
(1,	'order_delivery_props',	53,	64),
(1,	'order_discount_props',	53,	65),
(1,	'integration_date',	53,	66),
(1,	'purchase_one_click',	53,	67),
(1,	'idetntify_data',	54,	68),
(1,	'more_info',	54,	69),
(1,	'short_info',	54,	70),
(1,	'delivery',	54,	71),
(1,	'statistic_info',	54,	72),
(1,	'store_props',	55,	73),
(1,	'discount_modificator_props',	56,	74),
(1,	'discount_rule_props',	57,	75),
(1,	'common',	58,	76),
(1,	'common',	60,	77),
(1,	'item_props',	60,	78),
(1,	'menu_view',	60,	79),
(1,	'more_params',	60,	80),
(1,	'news_images',	60,	81),
(1,	'subjects_block',	60,	82),
(1,	'rate_voters',	60,	83),
(1,	'svojstva_publikacii',	60,	84),
(1,	'locks',	60,	85),
(1,	'common',	61,	86),
(1,	'menu_view',	61,	87),
(1,	'more_params',	61,	88),
(1,	'rate_voters',	61,	89),
(1,	'svojstva_publikacii',	61,	90),
(1,	'locks',	61,	91),
(1,	'props',	62,	92),
(1,	'common',	63,	93),
(1,	'menu_view',	63,	94),
(1,	'more_params',	63,	95),
(1,	'rate_props',	63,	96),
(1,	'props',	64,	97),
(1,	'common',	65,	98),
(1,	'rate_props',	65,	99),
(1,	'antispam',	65,	100),
(1,	'common',	66,	101),
(1,	'menu_view',	66,	102),
(1,	'more_params',	66,	103),
(1,	'rate_props',	66,	104),
(1,	'svojstva_publikacii',	66,	105),
(1,	'locks',	66,	106),
(1,	'privacy',	66,	107),
(1,	'antispam',	66,	108),
(1,	'common',	67,	109),
(1,	'menu_view',	67,	110),
(1,	'more_params',	67,	111),
(1,	'rate_voters',	67,	112),
(1,	'svojstva_publikacii',	67,	113),
(1,	'locks',	67,	114),
(1,	'common',	68,	115),
(1,	'menu_view',	68,	116),
(1,	'more_params',	68,	117),
(1,	'topic_props',	68,	118),
(1,	'rate_voters',	68,	119),
(1,	'svojstva_publikacii',	68,	120),
(1,	'locks',	68,	121),
(1,	'common',	69,	122),
(1,	'menu_view',	69,	123),
(1,	'more_params',	69,	124),
(1,	'message_props',	69,	125),
(1,	'rate_voters',	69,	126),
(1,	'svojstva_publikacii',	69,	127),
(1,	'locks',	69,	128),
(1,	'common',	70,	129),
(1,	'menu_view',	70,	130),
(1,	'more_params',	70,	131),
(1,	'comment_props',	70,	132),
(1,	'rate_voters',	70,	133),
(1,	'svojstva_publikacii',	70,	134),
(1,	'locks',	70,	135),
(1,	'antispam',	70,	136),
(1,	'common_props',	71,	137),
(1,	'common',	72,	138),
(1,	'menu_view',	72,	139),
(1,	'more_params',	72,	140),
(1,	'poll_props',	72,	141),
(1,	'rate_voters',	72,	142),
(1,	'svojstva_publikacii',	72,	143),
(1,	'locks',	72,	144),
(1,	'common',	73,	145),
(1,	'menu_view',	73,	146),
(1,	'more_params',	73,	147),
(1,	'rate_props',	73,	148),
(1,	'svojstva_publikacii',	73,	149),
(1,	'locks',	73,	150),
(1,	'binding',	73,	151),
(1,	'sendingdata',	74,	152),
(1,	'templates',	75,	153),
(1,	'auto_reply',	75,	154),
(1,	'messages',	75,	155),
(1,	'binding',	75,	156),
(1,	'list',	76,	157),
(1,	'common',	77,	158),
(1,	'menu_view',	77,	159),
(1,	'more_params',	77,	160),
(1,	'album_props',	77,	161),
(1,	'rate_voters',	77,	162),
(1,	'svojstva_publikacii',	77,	163),
(1,	'locks',	77,	164),
(1,	'common',	78,	165),
(1,	'menu_view',	78,	166),
(1,	'more_params',	78,	167),
(1,	'photo_props',	78,	168),
(1,	'rate_voters',	78,	169),
(1,	'svojstva_publikacii',	78,	170),
(1,	'locks',	78,	171),
(1,	'common',	79,	172),
(1,	'menu_view',	79,	173),
(1,	'more_params',	79,	174),
(1,	'rate_voters',	79,	175),
(1,	'svojstva_publikacii',	79,	176),
(1,	'locks',	79,	177),
(1,	'common',	80,	178),
(1,	'menu_view',	80,	179),
(1,	'more_params',	80,	180),
(1,	'rate_voters',	80,	181),
(1,	'svojstva_publikacii',	80,	182),
(1,	'locks',	80,	183),
(1,	'common',	81,	184),
(1,	'menu_view',	81,	185),
(1,	'more_params',	81,	186),
(1,	'svojstva_publikacii',	81,	187),
(1,	'locks',	81,	188),
(1,	'antispam',	81,	189),
(1,	'grp_disp_props',	82,	190),
(1,	'auto_settings',	82,	191),
(1,	'grp_disp_release_props',	83,	192),
(1,	'grp_disp_msg_props',	84,	193),
(1,	'grp_disp_msg_extended',	84,	194),
(1,	'grp_sbs_props',	85,	195),
(1,	'grp_sbs_extended',	85,	196),
(1,	'common',	86,	197),
(1,	'menu_view',	86,	198),
(1,	'more_params',	86,	199),
(1,	'dopolnitelno',	86,	200),
(1,	'rate_voters',	86,	201),
(1,	'svojstva_publikacii',	86,	202),
(1,	'locks',	86,	203),
(1,	'filter_index',	86,	204),
(1,	'common',	87,	205),
(1,	'menu_view',	87,	206),
(1,	'more_params',	87,	207),
(1,	'cenovye_svojstva',	87,	208),
(1,	'catalog_option_props',	87,	209),
(1,	'catalog_stores_props',	87,	210),
(1,	'trade_offers',	87,	211),
(1,	'rate_voters',	87,	212),
(1,	'svojstva_publikacii',	87,	213),
(1,	'locks',	87,	214),
(1,	'personal_info',	88,	215),
(1,	'contact_props',	88,	216),
(1,	'delivery',	88,	217),
(1,	'yuridicheskie_dannye',	88,	218),
(1,	'discount_modificator_props',	89,	219),
(1,	'discount_rule_props',	90,	220),
(1,	'discount_rule_props',	91,	221),
(1,	'discount_rule_props',	92,	222),
(1,	'discount_rule_props',	93,	223),
(1,	'discount_rule_props',	94,	224),
(1,	'discount_rule_props',	95,	225),
(1,	'delivery_description_props',	96,	226),
(1,	'delivery_description_props',	97,	227),
(1,	'delivery_courier_props',	97,	228),
(1,	'delivery_description_props',	98,	229),
(1,	'settings',	98,	230),
(1,	'delivery_description_props',	99,	231),
(1,	'settings',	99,	232),
(1,	'payment_props',	100,	233),
(1,	'settings',	100,	234),
(1,	'payment_props',	101,	235),
(1,	'settings',	101,	236),
(1,	'payment_props',	102,	237),
(1,	'payment_props',	103,	238),
(1,	'settings',	103,	239),
(1,	'payment_props',	104,	240),
(1,	'settings',	104,	241),
(1,	'payment_props',	105,	242),
(1,	'organization',	105,	243),
(1,	'payment_props',	106,	244),
(1,	'settings',	106,	245),
(1,	'payment_props',	107,	246),
(1,	'settings',	107,	247),
(1,	'payment_props',	108,	248),
(1,	'payment_props',	109,	249),
(1,	'settings',	109,	250),
(1,	'payment_props',	110,	251),
(1,	'settings',	110,	252),
(1,	'payment_props',	111,	253),
(1,	'settings',	111,	254),
(1,	'payment_props',	112,	255),
(1,	'settings',	112,	256),
(1,	'common_props',	113,	257),
(1,	'common',	114,	258),
(1,	'redirect_props',	114,	259),
(1,	'view_params',	114,	260),
(1,	'view_pages',	114,	261),
(1,	'time_targeting',	114,	262),
(1,	'city_targeting',	114,	263),
(1,	'view_settings',	114,	264),
(1,	'common',	115,	265),
(1,	'banner_custom_props',	115,	266),
(1,	'redirect_props',	115,	267),
(1,	'view_params',	115,	268),
(1,	'view_pages',	115,	269),
(1,	'time_targeting',	115,	270),
(1,	'city_targeting',	115,	271),
(1,	'view_settings',	115,	272),
(1,	'common',	116,	273),
(1,	'banner_custom_props',	116,	274),
(1,	'redirect_props',	116,	275),
(1,	'view_params',	116,	276),
(1,	'view_pages',	116,	277),
(1,	'time_targeting',	116,	278),
(1,	'city_targeting',	116,	279),
(1,	'view_settings',	116,	280),
(1,	'common',	117,	281),
(1,	'banner_custom_props',	117,	282),
(1,	'redirect_props',	117,	283),
(1,	'view_params',	117,	284),
(1,	'view_pages',	117,	285),
(1,	'time_targeting',	117,	286),
(1,	'city_targeting',	117,	287),
(1,	'view_settings',	117,	288),
(1,	'svojstva',	118,	289),
(1,	'common',	119,	290),
(1,	'common',	120,	291),
(1,	'common',	121,	292),
(1,	'menu_view',	121,	293),
(1,	'more_params',	121,	294),
(1,	'fs_file_props',	121,	295),
(1,	'rate_voters',	121,	296),
(1,	'svojstva_publikacii',	121,	297),
(1,	'locks',	121,	298),
(1,	'common',	122,	299),
(1,	'common',	123,	300),
(1,	'common',	124,	301),
(1,	'common',	125,	302),
(1,	'menu_view',	125,	303),
(1,	'more_params',	125,	304),
(1,	'rate_props',	125,	305),
(1,	'svojstva_publikacii',	125,	306),
(1,	'locks',	125,	307),
(1,	'appointment',	125,	308),
(2,	'svojstva_statusa_stranicy',	2,	1),
(2,	'common',	3,	2),
(2,	'menu_view',	3,	3),
(2,	'more_params',	3,	4),
(2,	'rate_props',	3,	5),
(2,	'svojstva_publikacii',	3,	6),
(2,	'locks',	3,	7),
(2,	'svojstva_gruppy_polzovatelej',	39,	43),
(2,	'params_more',	10,	17),
(2,	'common',	40,	44),
(2,	'props_currency',	21,	24),
(2,	'item_type_props',	41,	45),
(2,	'discount_type_props',	30,	32),
(2,	'discount_props',	42,	46),
(2,	'item_props',	44,	47),
(2,	'item_optioned_props',	44,	48),
(2,	'order_status_props',	45,	50),
(2,	'payment_type_props',	46,	51),
(2,	'payment_props',	47,	52),
(2,	'order_status_props',	48,	53),
(2,	'general',	49,	54),
(2,	'addresses',	49,	55),
(2,	'payment',	49,	56),
(2,	'delivery_type_props',	50,	57),
(2,	'delivery_description_props',	51,	58),
(2,	'order_status_props',	52,	59),
(2,	'order_props',	53,	60),
(2,	'order_payment_props',	53,	63),
(2,	'order_delivery_props',	53,	64),
(2,	'order_discount_props',	53,	65),
(2,	'integration_date',	53,	66),
(2,	'statistic_info',	53,	62),
(2,	'description',	126,	309),
(2,	'idetntify_data',	54,	68),
(2,	'more_info',	54,	69),
(2,	'short_info',	54,	70),
(2,	'delivery',	54,	71),
(2,	'statistic_info',	54,	72),
(2,	'common_props',	113,	257),
(2,	'common',	114,	258),
(2,	'redirect_props',	114,	259),
(2,	'view_params',	114,	260),
(2,	'view_pages',	114,	261),
(2,	'time_targeting',	114,	262),
(2,	'city_targeting',	114,	263),
(2,	'params',	19,	22),
(2,	'common',	86,	197),
(2,	'menu_view',	86,	198),
(2,	'more_params',	86,	199),
(2,	'dopolnitelno',	86,	200),
(2,	'rate_voters',	86,	201),
(2,	'svojstva_publikacii',	86,	202),
(2,	'locks',	86,	203),
(2,	'common',	61,	86),
(2,	'menu_view',	61,	87),
(2,	'more_params',	61,	88),
(2,	'rate_voters',	61,	89),
(2,	'svojstva_publikacii',	61,	90),
(2,	'locks',	61,	91),
(2,	'store_props',	55,	73),
(2,	'common',	87,	205),
(2,	'menu_view',	87,	206),
(2,	'more_params',	87,	207),
(2,	'cenovye_svojstva',	87,	208),
(2,	'catalog_option_props',	87,	209),
(2,	'catalog_stores_props',	87,	210),
(2,	'rate_voters',	87,	212),
(2,	'svojstva_publikacii',	87,	213),
(2,	'locks',	87,	214),
(2,	'common',	7,	9),
(2,	'menu_view',	7,	10),
(2,	'more_params',	7,	11),
(2,	'rate_voters',	7,	12),
(2,	'svojstva_publikacii',	7,	13),
(2,	'locks',	7,	14),
(2,	'common',	60,	77),
(2,	'item_props',	60,	78),
(2,	'menu_view',	60,	79),
(2,	'more_params',	60,	80),
(2,	'news_images',	60,	81),
(2,	'subjects_block',	60,	82),
(2,	'rate_voters',	60,	83),
(2,	'svojstva_publikacii',	60,	84),
(2,	'locks',	60,	85),
(2,	'common',	72,	138),
(2,	'menu_view',	72,	139),
(2,	'more_params',	72,	140),
(2,	'poll_props',	72,	141),
(2,	'rate_voters',	72,	142),
(2,	'svojstva_publikacii',	72,	143),
(2,	'locks',	72,	144),
(2,	'common_props',	71,	137),
(2,	'common',	67,	109),
(2,	'menu_view',	67,	110),
(2,	'more_params',	67,	111),
(2,	'rate_voters',	67,	112),
(2,	'svojstva_publikacii',	67,	113),
(2,	'locks',	67,	114),
(2,	'props',	64,	97),
(2,	'common',	68,	115),
(2,	'menu_view',	68,	116),
(2,	'more_params',	68,	117),
(2,	'topic_props',	68,	118),
(2,	'rate_voters',	68,	119),
(2,	'svojstva_publikacii',	68,	120),
(2,	'locks',	68,	121),
(2,	'common',	69,	122),
(2,	'menu_view',	69,	123),
(2,	'more_params',	69,	124),
(2,	'message_props',	69,	125),
(2,	'rate_voters',	69,	126),
(2,	'svojstva_publikacii',	69,	127),
(2,	'locks',	69,	128),
(2,	'common',	70,	129),
(2,	'menu_view',	70,	130),
(2,	'more_params',	70,	131),
(2,	'comment_props',	70,	132),
(2,	'rate_voters',	70,	133),
(2,	'svojstva_publikacii',	70,	134),
(2,	'locks',	70,	135),
(2,	'antispam',	70,	136),
(2,	'common',	115,	265),
(2,	'banner_custom_props',	115,	266),
(2,	'redirect_props',	115,	267),
(2,	'view_params',	115,	268),
(2,	'view_pages',	115,	269),
(2,	'time_targeting',	115,	270),
(2,	'city_targeting',	115,	271),
(2,	'props',	9,	16),
(2,	'common',	116,	273),
(2,	'banner_custom_props',	116,	274),
(2,	'redirect_props',	116,	275),
(2,	'view_params',	116,	276),
(2,	'view_pages',	116,	277),
(2,	'time_targeting',	116,	278),
(2,	'city_targeting',	116,	279),
(2,	'common',	117,	281),
(2,	'banner_custom_props',	117,	282),
(2,	'redirect_props',	117,	283),
(2,	'view_params',	117,	284),
(2,	'view_pages',	117,	285),
(2,	'time_targeting',	117,	286),
(2,	'city_targeting',	117,	287),
(2,	'additional',	17,	21),
(2,	'additional',	16,	20),
(2,	'grp_disp_props',	82,	190),
(2,	'auto_settings',	82,	191),
(2,	'grp_disp_release_props',	83,	192),
(2,	'grp_disp_msg_props',	84,	193),
(2,	'grp_disp_msg_extended',	84,	194),
(2,	'grp_sbs_props',	85,	195),
(2,	'grp_sbs_extended',	85,	196),
(2,	'props',	62,	92),
(2,	'common',	77,	158),
(2,	'menu_view',	77,	159),
(2,	'more_params',	77,	160),
(2,	'album_props',	77,	161),
(2,	'rate_voters',	77,	162),
(2,	'svojstva_publikacii',	77,	163),
(2,	'locks',	77,	164),
(2,	'common',	78,	165),
(2,	'menu_view',	78,	166),
(2,	'more_params',	78,	167),
(2,	'photo_props',	78,	168),
(2,	'rate_voters',	78,	169),
(2,	'svojstva_publikacii',	78,	170),
(2,	'locks',	78,	171),
(2,	'common',	81,	184),
(2,	'menu_view',	81,	185),
(2,	'more_params',	81,	186),
(2,	'svojstva_publikacii',	81,	187),
(2,	'locks',	81,	188),
(2,	'antispam',	81,	189),
(2,	'common',	121,	292),
(2,	'menu_view',	121,	293),
(2,	'more_params',	121,	294),
(2,	'fs_file_props',	121,	295),
(2,	'rate_voters',	121,	296),
(2,	'svojstva_publikacii',	121,	297),
(2,	'locks',	121,	298),
(2,	'SendingData',	74,	152),
(2,	'Templates',	75,	153),
(2,	'auto_reply',	75,	154),
(2,	'Binding',	75,	156),
(2,	'messages',	75,	155),
(2,	'list',	76,	157),
(2,	'common',	63,	93),
(2,	'menu_view',	63,	94),
(2,	'more_params',	63,	95),
(2,	'rate_props',	63,	96),
(2,	'common',	65,	98),
(2,	'rate_props',	65,	99),
(2,	'antispam',	65,	100),
(2,	'common',	66,	101),
(2,	'menu_view',	66,	102),
(2,	'more_params',	66,	103),
(2,	'rate_props',	66,	104),
(2,	'svojstva_publikacii',	66,	105),
(2,	'locks',	66,	106),
(2,	'privacy',	66,	107),
(2,	'antispam',	66,	108),
(2,	'common',	73,	145),
(2,	'menu_view',	73,	146),
(2,	'more_params',	73,	147),
(2,	'rate_props',	73,	148),
(2,	'svojstva_publikacii',	73,	149),
(2,	'locks',	73,	150),
(2,	'Binding',	73,	151),
(2,	'discount_modificator_type_props',	31,	33),
(2,	'discount_modificator_props',	32,	34),
(2,	'discount_rule_type_props',	33,	35),
(2,	'discount_rule_props',	34,	36),
(2,	'discount_rule_props',	90,	220),
(2,	'delivery_description_props',	96,	226),
(2,	'delivery_description_props',	97,	227),
(2,	'delivery_courier_props',	97,	228),
(2,	'discount_rule_props',	91,	221),
(2,	'discount_rule_props',	92,	222),
(2,	'discount_rule_props',	93,	223),
(2,	'discount_rule_props',	94,	224),
(2,	'discount_rule_props',	57,	75),
(2,	'discount_rule_props',	95,	225),
(2,	'payment_props',	101,	235),
(2,	'Settings',	101,	236),
(2,	'payment_props',	102,	237),
(2,	'common',	36,	38),
(2,	'common',	119,	290),
(2,	'common',	35,	37),
(2,	'common_properties',	120,	310),
(2,	'common',	120,	291),
(2,	'SendingData',	127,	311),
(2,	'osnovnoe',	127,	312),
(2,	'payment_props',	127,	313),
(2,	'settings',	127,	314),
(2,	'common',	137,	315),
(2,	'menu_view',	137,	316),
(2,	'more_params',	137,	317),
(2,	'cenovye_svojstva',	137,	318),
(2,	'catalog_option_props',	137,	319),
(2,	'catalog_stores_props',	137,	320),
(2,	'rate_voters',	137,	322),
(2,	'svojstva_publikacii',	137,	323),
(2,	'locks',	137,	324),
(2,	'pictures',	137,	325),
(2,	'descr_grp',	137,	326),
(2,	'short_info',	137,	327),
(2,	'other_proerties',	137,	328),
(2,	'recommend',	137,	329),
(2,	'common',	138,	330),
(2,	'menu_view',	138,	331),
(2,	'more_params',	138,	332),
(2,	'cenovye_svojstva',	138,	333),
(2,	'catalog_option_props',	138,	334),
(2,	'catalog_stores_props',	138,	335),
(2,	'rate_voters',	138,	337),
(2,	'svojstva_publikacii',	138,	338),
(2,	'locks',	138,	339),
(2,	'pictures',	138,	340),
(2,	'descr_grp',	138,	341),
(2,	'short_info',	138,	342),
(2,	'common',	140,	343),
(2,	'menu_view',	140,	344),
(2,	'more_params',	140,	345),
(2,	'cenovye_svojstva',	140,	346),
(2,	'catalog_option_props',	140,	347),
(2,	'catalog_stores_props',	140,	348),
(2,	'rate_voters',	140,	350),
(2,	'svojstva_publikacii',	140,	351),
(2,	'locks',	140,	352),
(2,	'pictures',	140,	353),
(2,	'descr_grp',	140,	354),
(2,	'short_info',	140,	355),
(2,	'common',	15,	19),
(2,	'common',	14,	18),
(2,	'payment_props',	100,	233),
(2,	'Settings',	100,	234),
(2,	'payment_props',	103,	238),
(2,	'settings',	103,	239),
(2,	'payment_props',	104,	240),
(2,	'settings',	104,	241),
(2,	'delivery_description_props',	98,	229),
(2,	'Settings',	98,	230),
(2,	'network_system_props',	37,	39),
(2,	'props',	38,	40),
(2,	'pages',	38,	41),
(2,	'network_system_props',	38,	42),
(2,	'payment_props',	105,	242),
(2,	'organization',	105,	243),
(2,	'payment_props',	107,	246),
(2,	'settings',	107,	247),
(2,	'common',	8,	15),
(2,	'common',	79,	172),
(2,	'menu_view',	79,	173),
(2,	'more_params',	79,	174),
(2,	'rate_voters',	79,	175),
(2,	'svojstva_publikacii',	79,	176),
(2,	'locks',	79,	177),
(2,	'common',	80,	178),
(2,	'menu_view',	80,	179),
(2,	'more_params',	80,	180),
(2,	'rate_voters',	80,	181),
(2,	'svojstva_publikacii',	80,	182),
(2,	'locks',	80,	183),
(2,	'svojstva',	118,	289),
(2,	'personal_info',	88,	215),
(2,	'contact_props',	88,	216),
(2,	'delivery',	88,	217),
(2,	'yuridicheskie_dannye',	88,	218),
(2,	'discount_modificator_props',	56,	74),
(2,	'item_type_props',	141,	356),
(2,	'discount_modificator_props',	89,	219);

DROP TABLE IF EXISTS `cms3_import_langs`;
CREATE TABLE `cms3_import_langs` (
  `source_id` int(10) unsigned NOT NULL,
  `old_id` varchar(255) NOT NULL,
  `new_id` int(10) unsigned NOT NULL,
  KEY `source_id` (`source_id`,`old_id`,`new_id`),
  KEY `old_id` (`old_id`,`new_id`),
  KEY `new_id` (`new_id`),
  CONSTRAINT `FK_LangSourceId_To_Source` FOREIGN KEY (`source_id`) REFERENCES `cms3_import_sources` (`id`) ON DELETE CASCADE ON UPDATE CASCADE,
  CONSTRAINT `FK_NewId_To_LangId` FOREIGN KEY (`new_id`) REFERENCES `cms3_langs` (`id`) ON DELETE CASCADE ON UPDATE CASCADE
) ENGINE=InnoDB DEFAULT CHARSET=utf8;

INSERT INTO `cms3_import_langs` (`source_id`, `old_id`, `new_id`) VALUES
(1,	'1',	1),
(1,	'7',	2),
(2,	'1',	1),
(2,	'7',	2);

DROP TABLE IF EXISTS `cms3_import_links`;
CREATE TABLE `cms3_import_links` (
  `external_id` int(10) unsigned NOT NULL,
  `internal_id` int(10) unsigned NOT NULL,
  `source_id` int(10) unsigned NOT NULL,
  KEY `external_id` (`external_id`,`source_id`),
  KEY `internal_id` (`internal_id`,`source_id`),
  KEY `source_id` (`source_id`),
  CONSTRAINT `cms3_import_links_ibfk_1` FOREIGN KEY (`internal_id`) REFERENCES `cms3_links` (`id`) ON DELETE CASCADE ON UPDATE CASCADE,
  CONSTRAINT `cms3_import_links_ibfk_2` FOREIGN KEY (`source_id`) REFERENCES `cms3_import_sources` (`id`) ON DELETE CASCADE ON UPDATE CASCADE
) ENGINE=InnoDB DEFAULT CHARSET=utf8;


DROP TABLE IF EXISTS `cms3_import_links_sources`;
CREATE TABLE `cms3_import_links_sources` (
  `external_id` int(11) unsigned NOT NULL,
  `internal_id` int(11) unsigned NOT NULL,
  `source_id` int(10) unsigned NOT NULL,
  KEY `external_id` (`external_id`,`source_id`),
  KEY `internal_id` (`internal_id`,`source_id`),
  KEY `source_id` (`source_id`),
  CONSTRAINT `cms3_import_links_sources_ibfk_1` FOREIGN KEY (`internal_id`) REFERENCES `cms3_links_sources` (`id`) ON DELETE CASCADE ON UPDATE CASCADE,
  CONSTRAINT `cms3_import_links_sources_ibfk_2` FOREIGN KEY (`source_id`) REFERENCES `cms3_import_sources` (`id`) ON DELETE CASCADE ON UPDATE CASCADE
) ENGINE=InnoDB DEFAULT CHARSET=utf8;


DROP TABLE IF EXISTS `cms3_import_mail_notifications`;
CREATE TABLE `cms3_import_mail_notifications` (
  `external_id` int(11) unsigned NOT NULL,
  `internal_id` int(11) unsigned NOT NULL,
  `source_id` int(10) unsigned NOT NULL,
  KEY `external_id` (`external_id`,`source_id`),
  KEY `internal_id` (`internal_id`,`source_id`),
  KEY `source_id` (`source_id`),
  CONSTRAINT `cms3_import_mail_notifications_ibfk_1` FOREIGN KEY (`internal_id`) REFERENCES `cms3_mail_notifications` (`id`) ON DELETE CASCADE ON UPDATE CASCADE,
  CONSTRAINT `cms3_import_mail_notifications_ibfk_2` FOREIGN KEY (`source_id`) REFERENCES `cms3_import_sources` (`id`) ON DELETE CASCADE ON UPDATE CASCADE
) ENGINE=InnoDB DEFAULT CHARSET=utf8;

INSERT INTO `cms3_import_mail_notifications` (`external_id`, `internal_id`, `source_id`) VALUES
(1,	1,	1),
(2,	2,	1),
(3,	3,	1),
(4,	4,	1),
(5,	5,	1),
(6,	6,	1),
(7,	7,	1),
(8,	8,	1),
(9,	9,	1),
(10,	10,	1),
(11,	11,	1),
(12,	12,	1),
(13,	13,	1),
(14,	14,	1),
(15,	15,	1),
(16,	16,	1),
(17,	17,	1),
(18,	18,	1),
(19,	19,	1),
(20,	20,	1),
(21,	21,	1),
(22,	22,	1);

DROP TABLE IF EXISTS `cms3_import_mail_templates`;
CREATE TABLE `cms3_import_mail_templates` (
  `external_id` int(10) unsigned NOT NULL,
  `internal_id` int(10) unsigned NOT NULL,
  `source_id` int(10) unsigned NOT NULL,
  KEY `external_id` (`external_id`,`source_id`),
  KEY `internal_id` (`internal_id`,`source_id`),
  KEY `source_id` (`source_id`),
  CONSTRAINT `cms3_import_mail_templates_ibfk_1` FOREIGN KEY (`internal_id`) REFERENCES `cms3_mail_templates` (`id`) ON DELETE CASCADE ON UPDATE CASCADE,
  CONSTRAINT `cms3_import_mail_templates_ibfk_2` FOREIGN KEY (`source_id`) REFERENCES `cms3_import_sources` (`id`) ON DELETE CASCADE ON UPDATE CASCADE
) ENGINE=InnoDB DEFAULT CHARSET=utf8;

INSERT INTO `cms3_import_mail_templates` (`external_id`, `internal_id`, `source_id`) VALUES
(1,	1,	1),
(2,	2,	1),
(3,	3,	1),
(4,	4,	1),
(5,	5,	1),
(6,	6,	1),
(7,	7,	1),
(8,	8,	1),
(9,	9,	1),
(10,	10,	1),
(11,	11,	1),
(12,	12,	1),
(13,	13,	1),
(14,	14,	1),
(15,	15,	1),
(16,	16,	1),
(17,	17,	1),
(18,	18,	1),
(19,	19,	1),
(20,	20,	1),
(21,	21,	1),
(22,	22,	1),
(23,	23,	1),
(24,	24,	1),
(25,	25,	1),
(26,	26,	1),
(27,	27,	1),
(28,	28,	1),
(29,	29,	1),
(30,	30,	1),
(31,	31,	1),
(32,	32,	1),
(33,	33,	1),
(34,	34,	1),
(35,	35,	1),
(36,	36,	1),
(37,	37,	1),
(38,	38,	1),
(39,	39,	1),
(40,	40,	1),
(41,	41,	1),
(42,	42,	1),
(43,	43,	1),
(44,	44,	1),
(45,	45,	1),
(46,	46,	1),
(47,	47,	1),
(48,	48,	1),
(49,	49,	1);

DROP TABLE IF EXISTS `cms3_import_mail_variables`;
CREATE TABLE `cms3_import_mail_variables` (
  `external_id` int(10) unsigned NOT NULL,
  `internal_id` int(10) unsigned NOT NULL,
  `source_id` int(10) unsigned NOT NULL,
  KEY `external_id` (`external_id`,`source_id`),
  KEY `internal_id` (`internal_id`,`source_id`),
  KEY `source_id` (`source_id`),
  CONSTRAINT `cms3_import_mail_variables_ibfk_1` FOREIGN KEY (`internal_id`) REFERENCES `cms3_mail_variables` (`id`) ON DELETE CASCADE ON UPDATE CASCADE,
  CONSTRAINT `cms3_import_mail_variables_ibfk_2` FOREIGN KEY (`source_id`) REFERENCES `cms3_import_sources` (`id`) ON DELETE CASCADE ON UPDATE CASCADE
) ENGINE=InnoDB DEFAULT CHARSET=utf8;

INSERT INTO `cms3_import_mail_variables` (`external_id`, `internal_id`, `source_id`) VALUES
(1,	1,	1),
(2,	2,	1),
(3,	3,	1),
(4,	4,	1),
(5,	5,	1),
(6,	6,	1),
(7,	7,	1),
(8,	8,	1),
(9,	9,	1),
(10,	10,	1),
(11,	11,	1),
(12,	12,	1),
(13,	13,	1),
(14,	14,	1),
(15,	15,	1),
(16,	16,	1),
(17,	17,	1),
(18,	18,	1),
(19,	19,	1),
(20,	20,	1),
(21,	21,	1),
(22,	22,	1),
(23,	23,	1),
(24,	24,	1),
(25,	25,	1),
(26,	26,	1),
(27,	27,	1),
(28,	28,	1),
(29,	29,	1),
(30,	30,	1),
(31,	31,	1),
(32,	32,	1),
(33,	33,	1),
(34,	34,	1),
(35,	35,	1),
(36,	36,	1),
(37,	37,	1),
(38,	38,	1),
(39,	39,	1),
(40,	40,	1),
(41,	41,	1),
(42,	42,	1),
(43,	43,	1),
(44,	44,	1),
(45,	45,	1),
(46,	46,	1),
(47,	47,	1),
(48,	48,	1),
(49,	49,	1),
(50,	50,	1),
(51,	51,	1),
(52,	52,	1),
(53,	53,	1),
(54,	54,	1),
(55,	55,	1),
(56,	56,	1),
(57,	57,	1),
(58,	58,	1),
(59,	59,	1),
(60,	60,	1),
(61,	61,	1),
(62,	62,	1),
(63,	63,	1),
(64,	64,	1),
(65,	65,	1),
(66,	66,	1),
(67,	67,	1),
(68,	68,	1),
(69,	69,	1),
(70,	70,	1),
(71,	71,	1),
(72,	72,	1),
(73,	73,	1),
(74,	74,	1),
(75,	75,	1),
(76,	76,	1),
(77,	77,	1),
(78,	78,	1),
(79,	79,	1),
(80,	80,	1),
(81,	81,	1),
(82,	82,	1),
(83,	83,	1),
(84,	84,	1),
(85,	85,	1),
(86,	86,	1),
(87,	87,	1),
(88,	88,	1),
(89,	89,	1),
(90,	90,	1),
(91,	91,	1),
(92,	92,	1),
(93,	93,	1),
(94,	94,	1),
(95,	95,	1),
(96,	96,	1),
(97,	97,	1),
(98,	98,	1),
(99,	99,	1),
(100,	100,	1),
(101,	101,	1),
(102,	102,	1),
(103,	103,	1),
(104,	104,	1),
(105,	105,	1),
(106,	106,	1),
(107,	107,	1),
(108,	108,	1),
(109,	109,	1),
(110,	110,	1),
(111,	111,	1),
(112,	112,	1),
(113,	113,	1),
(114,	114,	1),
(115,	115,	1),
(116,	116,	1),
(117,	117,	1),
(118,	118,	1),
(119,	119,	1),
(120,	120,	1),
(121,	121,	1),
(122,	122,	1),
(123,	123,	1),
(124,	124,	1),
(125,	125,	1),
(126,	126,	1),
(127,	127,	1),
(128,	128,	1),
(129,	129,	1),
(130,	130,	1),
(131,	131,	1),
(132,	132,	1),
(133,	133,	1),
(134,	134,	1),
(135,	135,	1),
(136,	136,	1),
(137,	137,	1),
(138,	138,	1),
(139,	139,	1),
(140,	140,	1),
(141,	141,	1),
(142,	142,	1),
(143,	143,	1),
(144,	144,	1),
(145,	145,	1),
(146,	146,	1),
(147,	147,	1),
(148,	148,	1),
(149,	149,	1),
(150,	150,	1),
(151,	151,	1),
(152,	152,	1),
(153,	153,	1),
(154,	154,	1),
(155,	155,	1),
(156,	156,	1),
(157,	157,	1),
(158,	158,	1),
(159,	159,	1),
(160,	160,	1),
(161,	161,	1),
(162,	162,	1),
(163,	163,	1),
(164,	164,	1),
(165,	165,	1),
(166,	166,	1),
(167,	167,	1),
(168,	168,	1),
(169,	169,	1),
(170,	170,	1),
(171,	171,	1),
(172,	172,	1),
(173,	173,	1),
(174,	174,	1),
(175,	175,	1),
(176,	176,	1),
(177,	177,	1),
(178,	178,	1),
(179,	179,	1),
(180,	180,	1);

DROP TABLE IF EXISTS `cms3_import_objects`;
CREATE TABLE `cms3_import_objects` (
  `source_id` int(10) unsigned NOT NULL,
  `old_id` varchar(255) NOT NULL,
  `new_id` int(10) unsigned NOT NULL,
  KEY `source_id` (`source_id`,`old_id`,`new_id`),
  KEY `old_id` (`old_id`,`new_id`),
  KEY `new_id` (`new_id`),
  CONSTRAINT `FK_NewId_To_ObjectsId` FOREIGN KEY (`new_id`) REFERENCES `cms3_objects` (`id`) ON DELETE CASCADE ON UPDATE CASCADE,
  CONSTRAINT `FK_ObjectSourceId_To_Source` FOREIGN KEY (`source_id`) REFERENCES `cms3_import_sources` (`id`) ON DELETE CASCADE ON UPDATE CASCADE
) ENGINE=InnoDB DEFAULT CHARSET=utf8;

INSERT INTO `cms3_import_objects` (`source_id`, `old_id`, `new_id`) VALUES
(1,	'14',	182),
(1,	'15',	181),
(1,	'2373',	618),
(1,	'2374',	619),
(1,	'2376',	2),
(1,	'2377',	3),
(1,	'25974',	6),
(1,	'25975',	7),
(1,	'25976',	8),
(1,	'26315',	9),
(1,	'26341',	10),
(1,	'26905',	11),
(1,	'26906',	12),
(1,	'26907',	13),
(1,	'26908',	14),
(1,	'26909',	15),
(1,	'26910',	16),
(1,	'26911',	17),
(1,	'26912',	18),
(1,	'26913',	19),
(1,	'26914',	20),
(1,	'26915',	21),
(1,	'26916',	22),
(1,	'26917',	23),
(1,	'26918',	24),
(1,	'26919',	25),
(1,	'26920',	26),
(1,	'26921',	27),
(1,	'26922',	28),
(1,	'26923',	29),
(1,	'26924',	30),
(1,	'26925',	31),
(1,	'26926',	32),
(1,	'26927',	33),
(1,	'26928',	34),
(1,	'26929',	35),
(1,	'26930',	36),
(1,	'26931',	37),
(1,	'26932',	38),
(1,	'26933',	39),
(1,	'26934',	40),
(1,	'26935',	41),
(1,	'26936',	42),
(1,	'26937',	43),
(1,	'26938',	44),
(1,	'26939',	45),
(1,	'26940',	46),
(1,	'26941',	47),
(1,	'26942',	48),
(1,	'26943',	49),
(1,	'26944',	50),
(1,	'26945',	51),
(1,	'26946',	52),
(1,	'26947',	53),
(1,	'26948',	54),
(1,	'26949',	55),
(1,	'26950',	56),
(1,	'26951',	57),
(1,	'26952',	58),
(1,	'26953',	59),
(1,	'26954',	60),
(1,	'26955',	61),
(1,	'26956',	62),
(1,	'26957',	63),
(1,	'26958',	64),
(1,	'26959',	65),
(1,	'26960',	66),
(1,	'26961',	67),
(1,	'26962',	68),
(1,	'26963',	69),
(1,	'26964',	70),
(1,	'26965',	71),
(1,	'26966',	72),
(1,	'26967',	73),
(1,	'26968',	74),
(1,	'26969',	75),
(1,	'26970',	76),
(1,	'26971',	77),
(1,	'26972',	78),
(1,	'26973',	79),
(1,	'26974',	80),
(1,	'26975',	81),
(1,	'26976',	82),
(1,	'26977',	83),
(1,	'26978',	84),
(1,	'26979',	85),
(1,	'26980',	86),
(1,	'26981',	87),
(1,	'26982',	88),
(1,	'26983',	89),
(1,	'26984',	90),
(1,	'26985',	91),
(1,	'26986',	92),
(1,	'26987',	93),
(1,	'26988',	94),
(1,	'26989',	95),
(1,	'26990',	96),
(1,	'26991',	97),
(1,	'26992',	98),
(1,	'26993',	99),
(1,	'26994',	100),
(1,	'26995',	101),
(1,	'26996',	102),
(1,	'26997',	103),
(1,	'26998',	104),
(1,	'26999',	105),
(1,	'27000',	106),
(1,	'27001',	107),
(1,	'27002',	108),
(1,	'27003',	109),
(1,	'27004',	110),
(1,	'27005',	111),
(1,	'27006',	112),
(1,	'27007',	113),
(1,	'27008',	114),
(1,	'27009',	115),
(1,	'27010',	116),
(1,	'27011',	117),
(1,	'27012',	118),
(1,	'27013',	119),
(1,	'27014',	120),
(1,	'27015',	121),
(1,	'27016',	122),
(1,	'27017',	123),
(1,	'27018',	124),
(1,	'27019',	125),
(1,	'27020',	126),
(1,	'27021',	127),
(1,	'27022',	128),
(1,	'27023',	129),
(1,	'27024',	130),
(1,	'27025',	131),
(1,	'27026',	132),
(1,	'27027',	133),
(1,	'27028',	134),
(1,	'27029',	135),
(1,	'27030',	136),
(1,	'27031',	137),
(1,	'27032',	138),
(1,	'27033',	139),
(1,	'27034',	140),
(1,	'27035',	141),
(1,	'27036',	142),
(1,	'27037',	143),
(1,	'27038',	144),
(1,	'27039',	145),
(1,	'27040',	146),
(1,	'27041',	147),
(1,	'27042',	148),
(1,	'27043',	149),
(1,	'27044',	150),
(1,	'27045',	151),
(1,	'27046',	152),
(1,	'27047',	153),
(1,	'27048',	154),
(1,	'27049',	155),
(1,	'27050',	156),
(1,	'27051',	157),
(1,	'27052',	158),
(1,	'27053',	159),
(1,	'27054',	160),
(1,	'27055',	161),
(1,	'27056',	162),
(1,	'27057',	163),
(1,	'27058',	164),
(1,	'27059',	165),
(1,	'27060',	166),
(1,	'27061',	167),
(1,	'27062',	168),
(1,	'27063',	169),
(1,	'27064',	170),
(1,	'27065',	171),
(1,	'27066',	172),
(1,	'27067',	173),
(1,	'27068',	174),
(1,	'27069',	175),
(1,	'27070',	176),
(1,	'27071',	177),
(1,	'27072',	178),
(1,	'27085',	564),
(1,	'27086',	569),
(1,	'27087',	574),
(1,	'27131',	179),
(1,	'27132',	180),
(1,	'27135',	604),
(1,	'27136',	184),
(1,	'27147',	185),
(1,	'27150',	186),
(1,	'27180',	187),
(1,	'27181',	188),
(1,	'27226',	620),
(1,	'27227',	621),
(1,	'27228',	622),
(1,	'27230',	189),
(1,	'27233',	190),
(1,	'27236',	191),
(1,	'27258',	192),
(1,	'27259',	193),
(1,	'27260',	194),
(1,	'27261',	195),
(1,	'27262',	196),
(1,	'27263',	197),
(1,	'27264',	198),
(1,	'27377',	199),
(1,	'27378',	200),
(1,	'27379',	201),
(1,	'27380',	202),
(1,	'27381',	203),
(1,	'27382',	204),
(1,	'27383',	205),
(1,	'27393',	206),
(1,	'27394',	207),
(1,	'27395',	208),
(1,	'27396',	209),
(1,	'27397',	210),
(1,	'27398',	211),
(1,	'27438',	605),
(1,	'27456',	212),
(1,	'27457',	213),
(1,	'27458',	214),
(1,	'27459',	606),
(1,	'27461',	607),
(1,	'27462',	610),
(1,	'27463',	611),
(1,	'27464',	612),
(1,	'27465',	613),
(1,	'27466',	614),
(1,	'27470',	598),
(1,	'27471',	600),
(1,	'27472',	570),
(1,	'27473',	579),
(1,	'27474',	575),
(1,	'27475',	583),
(1,	'27476',	591),
(1,	'27477',	215),
(1,	'27478',	216),
(1,	'27479',	217),
(1,	'27480',	218),
(1,	'27481',	219),
(1,	'27486',	220),
(1,	'27487',	221),
(1,	'27488',	222),
(1,	'27489',	223),
(1,	'27490',	224),
(1,	'27491',	225),
(1,	'27492',	226),
(1,	'27493',	227),
(1,	'27494',	228),
(1,	'27495',	229),
(1,	'27496',	230),
(1,	'27497',	231),
(1,	'27498',	232),
(1,	'27499',	233),
(1,	'27500',	234),
(1,	'27501',	235),
(1,	'27502',	236),
(1,	'27503',	237),
(1,	'27504',	238),
(1,	'27505',	239),
(1,	'27506',	240),
(1,	'27507',	241),
(1,	'27508',	242),
(1,	'27509',	243),
(1,	'27510',	244),
(1,	'27511',	245),
(1,	'27512',	246),
(1,	'27513',	247),
(1,	'27514',	248),
(1,	'27515',	249),
(1,	'27516',	250),
(1,	'27517',	251),
(1,	'27518',	252),
(1,	'27519',	253),
(1,	'27520',	608),
(1,	'27521',	615),
(1,	'27522',	609),
(1,	'27523',	616),
(1,	'2780',	4),
(1,	'2781',	5),
(1,	'27889',	254),
(1,	'27890',	255),
(1,	'27891',	256),
(1,	'27892',	257),
(1,	'27893',	258),
(1,	'27894',	259),
(1,	'27895',	260),
(1,	'27896',	261),
(1,	'27897',	262),
(1,	'27898',	263),
(1,	'27899',	264),
(1,	'27900',	265),
(1,	'27901',	266),
(1,	'27902',	267),
(1,	'27903',	268),
(1,	'27904',	269),
(1,	'27905',	270),
(1,	'27906',	271),
(1,	'27907',	272),
(1,	'27908',	273),
(1,	'27909',	274),
(1,	'27910',	275),
(1,	'27911',	276),
(1,	'27912',	277),
(1,	'27913',	278),
(1,	'27915',	1),
(1,	'27922',	279),
(1,	'27926',	280),
(1,	'27927',	281),
(1,	'27928',	183),
(1,	'27929',	282),
(1,	'27930',	283),
(1,	'27931',	284),
(1,	'27932',	285),
(1,	'27933',	286),
(1,	'27934',	287),
(1,	'27935',	288),
(1,	'27936',	289),
(1,	'27937',	290),
(1,	'27938',	291),
(1,	'27939',	292),
(1,	'27940',	293),
(1,	'27941',	294),
(1,	'27942',	295),
(1,	'27943',	617),
(1,	'27944',	296),
(1,	'27945',	297),
(1,	'27946',	298),
(1,	'27947',	299),
(1,	'27949',	300),
(1,	'27950',	301),
(1,	'27951',	302),
(1,	'27952',	303),
(1,	'27955',	304),
(1,	'27956',	305),
(1,	'27957',	306),
(1,	'27958',	307),
(1,	'27959',	308),
(1,	'27960',	309),
(1,	'27961',	565),
(1,	'27962',	571),
(1,	'27963',	576),
(1,	'27964',	580),
(1,	'27965',	584),
(1,	'27966',	587),
(1,	'27967',	310),
(1,	'27968',	311),
(1,	'27969',	312),
(1,	'27970',	313),
(1,	'27971',	314),
(1,	'27972',	315),
(1,	'27973',	316),
(1,	'27974',	317),
(1,	'27975',	318),
(1,	'27976',	319),
(1,	'27977',	320),
(1,	'27978',	321),
(1,	'27979',	322),
(1,	'27980',	323),
(1,	'27981',	324),
(1,	'27982',	325),
(1,	'27983',	326),
(1,	'27984',	327),
(1,	'27985',	328),
(1,	'27986',	329),
(1,	'27987',	330),
(1,	'27988',	331),
(1,	'27989',	332),
(1,	'27990',	333),
(1,	'27991',	334),
(1,	'27992',	335),
(1,	'27993',	336),
(1,	'27994',	337),
(1,	'27995',	338),
(1,	'27996',	339),
(1,	'27997',	340),
(1,	'27998',	341),
(1,	'27999',	342),
(1,	'28000',	343),
(1,	'28001',	344),
(1,	'28002',	345),
(1,	'28003',	346),
(1,	'28004',	347),
(1,	'28005',	348),
(1,	'28006',	349),
(1,	'28007',	350),
(1,	'28008',	351),
(1,	'28009',	352),
(1,	'28010',	353),
(1,	'28011',	354),
(1,	'28012',	355),
(1,	'28013',	356),
(1,	'28014',	357),
(1,	'28015',	358),
(1,	'28016',	359),
(1,	'28017',	360),
(1,	'28018',	361),
(1,	'28019',	362),
(1,	'28020',	363),
(1,	'28021',	364),
(1,	'28022',	365),
(1,	'28023',	366),
(1,	'28024',	367),
(1,	'28025',	368),
(1,	'28026',	369),
(1,	'28027',	370),
(1,	'28028',	371),
(1,	'28029',	372),
(1,	'28030',	373),
(1,	'28031',	374),
(1,	'28032',	375),
(1,	'28033',	376),
(1,	'28034',	377),
(1,	'28035',	378),
(1,	'28036',	379),
(1,	'28037',	380),
(1,	'28038',	381),
(1,	'28039',	382),
(1,	'28040',	383),
(1,	'28041',	384),
(1,	'28042',	385),
(1,	'28043',	386),
(1,	'28044',	387),
(1,	'28045',	388),
(1,	'28046',	389),
(1,	'28047',	390),
(1,	'28048',	391),
(1,	'28049',	392),
(1,	'28050',	393),
(1,	'28051',	394),
(1,	'28052',	395),
(1,	'28053',	396),
(1,	'28054',	397),
(1,	'28055',	398),
(1,	'28056',	399),
(1,	'28057',	400),
(1,	'28058',	401),
(1,	'28059',	402),
(1,	'28060',	403),
(1,	'28061',	404),
(1,	'28062',	405),
(1,	'28063',	406),
(1,	'28064',	407),
(1,	'28065',	408),
(1,	'28066',	409),
(1,	'28067',	410),
(1,	'28068',	411),
(1,	'28069',	412),
(1,	'28070',	413),
(1,	'28071',	414),
(1,	'28072',	415),
(1,	'28073',	416),
(1,	'28074',	417),
(1,	'28075',	418),
(1,	'28076',	419),
(1,	'28077',	420),
(1,	'28078',	421),
(1,	'28079',	422),
(1,	'28080',	423),
(1,	'28081',	424),
(1,	'28082',	425),
(1,	'28083',	426),
(1,	'28084',	427),
(1,	'28085',	428),
(1,	'28086',	429),
(1,	'28087',	430),
(1,	'28088',	431),
(1,	'28089',	432),
(1,	'28090',	433),
(1,	'28091',	434),
(1,	'28092',	435),
(1,	'28093',	436),
(1,	'28094',	437),
(1,	'28095',	438),
(1,	'28096',	439),
(1,	'28097',	440),
(1,	'28098',	441),
(1,	'28099',	442),
(1,	'28100',	443),
(1,	'28101',	444),
(1,	'28102',	445),
(1,	'28103',	446),
(1,	'28104',	447),
(1,	'28105',	448),
(1,	'28106',	449),
(1,	'28107',	450),
(1,	'28108',	451),
(1,	'28109',	452),
(1,	'28110',	453),
(1,	'28111',	454),
(1,	'28112',	455),
(1,	'28113',	456),
(1,	'28114',	457),
(1,	'28115',	458),
(1,	'28116',	459),
(1,	'28117',	460),
(1,	'28118',	461),
(1,	'28119',	462),
(1,	'28120',	463),
(1,	'28121',	464),
(1,	'28122',	465),
(1,	'28123',	466),
(1,	'28124',	467),
(1,	'28125',	468),
(1,	'28126',	469),
(1,	'28127',	470),
(1,	'28128',	471),
(1,	'28129',	472),
(1,	'28130',	473),
(1,	'28131',	474),
(1,	'28132',	475),
(1,	'28133',	476),
(1,	'28134',	477),
(1,	'28135',	478),
(1,	'28136',	479),
(1,	'28137',	480),
(1,	'28138',	481),
(1,	'28139',	482),
(1,	'28140',	483),
(1,	'28141',	484),
(1,	'28142',	485),
(1,	'28143',	486),
(1,	'28144',	487),
(1,	'28145',	488),
(1,	'28146',	489),
(1,	'28147',	490),
(1,	'28148',	491),
(1,	'28149',	492),
(1,	'28150',	493),
(1,	'28151',	494),
(1,	'28152',	495),
(1,	'28153',	496),
(1,	'28154',	497),
(1,	'28155',	498),
(1,	'28156',	499),
(1,	'28157',	500),
(1,	'28158',	501),
(1,	'28159',	502),
(1,	'28160',	503),
(1,	'28161',	504),
(1,	'28162',	505),
(1,	'28163',	506),
(1,	'28164',	507),
(1,	'28165',	508),
(1,	'28166',	509),
(1,	'28167',	510),
(1,	'28168',	511),
(1,	'28169',	512),
(1,	'28170',	513),
(1,	'28171',	514),
(1,	'28172',	515),
(1,	'28173',	516),
(1,	'28174',	517),
(1,	'28175',	518),
(1,	'28176',	519),
(1,	'28177',	520),
(1,	'28178',	521),
(1,	'28179',	522),
(1,	'28180',	523),
(1,	'28181',	524),
(1,	'28182',	525),
(1,	'28183',	526),
(1,	'28184',	527),
(1,	'28185',	528),
(1,	'28186',	529),
(1,	'28187',	530),
(1,	'28188',	531),
(1,	'28189',	532),
(1,	'28190',	533),
(1,	'28191',	534),
(1,	'28192',	535),
(1,	'28193',	536),
(1,	'28194',	537),
(1,	'28195',	538),
(1,	'28196',	539),
(1,	'28197',	540),
(1,	'28198',	541),
(1,	'28199',	542),
(1,	'28200',	543),
(1,	'28201',	544),
(1,	'28202',	545),
(1,	'28203',	546),
(1,	'28204',	547),
(1,	'28205',	548),
(1,	'28206',	549),
(1,	'28207',	550),
(1,	'28208',	551),
(1,	'28209',	552),
(1,	'28210',	553),
(1,	'28211',	554),
(1,	'28212',	555),
(1,	'28213',	556),
(1,	'28214',	557),
(1,	'28215',	558),
(1,	'28216',	559),
(1,	'28217',	560),
(1,	'28218',	561),
(1,	'28219',	566),
(1,	'28220',	588),
(1,	'28221',	594),
(1,	'28222',	596),
(1,	'28223',	562),
(1,	'28224',	563),
(1,	'28225',	567),
(1,	'28226',	572),
(1,	'28227',	577),
(1,	'28228',	581),
(1,	'28229',	585),
(1,	'28230',	589),
(1,	'28231',	592),
(1,	'28232',	595),
(1,	'28233',	597),
(1,	'28234',	599),
(1,	'28235',	601),
(1,	'28236',	602),
(1,	'28237',	603),
(1,	'28238',	568),
(1,	'28239',	573),
(1,	'28240',	578),
(1,	'28241',	582),
(1,	'28242',	586),
(1,	'28243',	590),
(1,	'28244',	593),
(2,	'100002',	731),
(2,	'100003',	697),
(2,	'100004',	694),
(2,	'100005',	699),
(2,	'100006',	637),
(2,	'100007',	725),
(2,	'100008',	693),
(2,	'100009',	718),
(2,	'100010',	636),
(2,	'100011',	722),
(2,	'100012',	704),
(2,	'100013',	793),
(2,	'100014',	692),
(2,	'100015',	708),
(2,	'100016',	703),
(2,	'100017',	635),
(2,	'100018',	794),
(2,	'100019',	634),
(2,	'100020',	712),
(2,	'100021',	707),
(2,	'100022',	795),
(2,	'100023',	691),
(2,	'100024',	633),
(2,	'100025',	796),
(2,	'100026',	632),
(2,	'100027',	702),
(2,	'100028',	690),
(2,	'100029',	711),
(2,	'100030',	631),
(2,	'100031',	721),
(2,	'100032',	701),
(2,	'100033',	724),
(2,	'100034',	797),
(2,	'100035',	689),
(2,	'100036',	717),
(2,	'100037',	698),
(2,	'100038',	720),
(2,	'100039',	630),
(2,	'100040',	706),
(2,	'100041',	710),
(2,	'100042',	798),
(2,	'100051',	644),
(2,	'100052',	645),
(2,	'100053',	646),
(2,	'100054',	668),
(2,	'100055',	671),
(2,	'100056',	669),
(2,	'100057',	673),
(2,	'100058',	674),
(2,	'100059',	675),
(2,	'100060',	670),
(2,	'100061',	676),
(2,	'100062',	647),
(2,	'100063',	648),
(2,	'100064',	677),
(2,	'100065',	678),
(2,	'100066',	679),
(2,	'100067',	649),
(2,	'100068',	682),
(2,	'100069',	683),
(2,	'100070',	684),
(2,	'100071',	685),
(2,	'100072',	686),
(2,	'100073',	654),
(2,	'100074',	655),
(2,	'100075',	687),
(2,	'100077',	656),
(2,	'100078',	639),
(2,	'100079',	716),
(2,	'100080',	719),
(2,	'100081',	700),
(2,	'100082',	723),
(2,	'100083',	705),
(2,	'100084',	638),
(2,	'100085',	709),
(2,	'100086',	726),
(2,	'100087',	713),
(2,	'100088',	688),
(2,	'100089',	696),
(2,	'100090',	695),
(2,	'100091',	715),
(2,	'100092',	714),
(2,	'100093',	732),
(2,	'100094',	730),
(2,	'100096',	657),
(2,	'100097',	733),
(2,	'100098',	664),
(2,	'100099',	663),
(2,	'100100',	662),
(2,	'100101',	736),
(2,	'100102',	735),
(2,	'100103',	737),
(2,	'100104',	667),
(2,	'100105',	666),
(2,	'100106',	665),
(2,	'100107',	658),
(2,	'100108',	739),
(2,	'100109',	740),
(2,	'100110',	738),
(2,	'100111',	659),
(2,	'100112',	672),
(2,	'100113',	727),
(2,	'100114',	680),
(2,	'100115',	681),
(2,	'100271',	799),
(2,	'100272',	185),
(2,	'100273',	187),
(2,	'100274',	188),
(2,	'100275',	800),
(2,	'100276',	801),
(2,	'100277',	802),
(2,	'100278',	803),
(2,	'100279',	804),
(2,	'100280',	805),
(2,	'100281',	806),
(2,	'100282',	607),
(2,	'100283',	614),
(2,	'100284',	807),
(2,	'100285',	808),
(2,	'100286',	809),
(2,	'100287',	810),
(2,	'100288',	811),
(2,	'100289',	812),
(2,	'100290',	813),
(2,	'100291',	215),
(2,	'100292',	216),
(2,	'100293',	217),
(2,	'100294',	218),
(2,	'100295',	219),
(2,	'100296',	220),
(2,	'100297',	221),
(2,	'100298',	222),
(2,	'100299',	223),
(2,	'100300',	224),
(2,	'100301',	225),
(2,	'100302',	226),
(2,	'100303',	227),
(2,	'100304',	228),
(2,	'100305',	229),
(2,	'100306',	230),
(2,	'100307',	231),
(2,	'100308',	232),
(2,	'100309',	233),
(2,	'100310',	234),
(2,	'100311',	235),
(2,	'100312',	236),
(2,	'100313',	237),
(2,	'100314',	238),
(2,	'100315',	239),
(2,	'100316',	240),
(2,	'100317',	241),
(2,	'100318',	242),
(2,	'100319',	243),
(2,	'100320',	244),
(2,	'100321',	245),
(2,	'100322',	246),
(2,	'100323',	247),
(2,	'100324',	248),
(2,	'100325',	249),
(2,	'100326',	250),
(2,	'100327',	251),
(2,	'100328',	252),
(2,	'100329',	814),
(2,	'100332',	815),
(2,	'100335',	816),
(2,	'100336',	817),
(2,	'100337',	821),
(2,	'100338',	818),
(2,	'100339',	819),
(2,	'100340',	820),
(2,	'100341',	623),
(2,	'100342',	823),
(2,	'100343',	822),
(2,	'100344',	624),
(2,	'100345',	826),
(2,	'100346',	824),
(2,	'100347',	825),
(2,	'100348',	625),
(2,	'100349',	830),
(2,	'100350',	827),
(2,	'100351',	828),
(2,	'100352',	829),
(2,	'100353',	626),
(2,	'100354',	833),
(2,	'100355',	831),
(2,	'100356',	832),
(2,	'100357',	627),
(2,	'100358',	835),
(2,	'100359',	834),
(2,	'100360',	628),
(2,	'100361',	838),
(2,	'100362',	836),
(2,	'100363',	837),
(2,	'100364',	629),
(2,	'100366',	839),
(2,	'100367',	840),
(2,	'100368',	660),
(2,	'100369',	183),
(2,	'100370',	281),
(2,	'100371',	253),
(2,	'100372',	279),
(2,	'100373',	280),
(2,	'100374',	841),
(2,	'100375',	1),
(2,	'100376',	6),
(2,	'100377',	7),
(2,	'100378',	8),
(2,	'100379',	254),
(2,	'100380',	255),
(2,	'100381',	256),
(2,	'100382',	257),
(2,	'100383',	258),
(2,	'100384',	259),
(2,	'100385',	260),
(2,	'100386',	261),
(2,	'100387',	262),
(2,	'100388',	263),
(2,	'100389',	264),
(2,	'100390',	265),
(2,	'100391',	266),
(2,	'100392',	267),
(2,	'100393',	268),
(2,	'100394',	269),
(2,	'100395',	270),
(2,	'100396',	271),
(2,	'100397',	272),
(2,	'100398',	273),
(2,	'100399',	274),
(2,	'100400',	275),
(2,	'100401',	276),
(2,	'100402',	277),
(2,	'100403',	278),
(2,	'100404',	608),
(2,	'100405',	609),
(2,	'100406',	615),
(2,	'100407',	616),
(2,	'100408',	843),
(2,	'100409',	842),
(2,	'100410',	845),
(2,	'100411',	844),
(2,	'100412',	643),
(2,	'100413',	640),
(2,	'100414',	729),
(2,	'100415',	728),
(2,	'100416',	734),
(2,	'100417',	848),
(2,	'100418',	847),
(2,	'100419',	846),
(2,	'100420',	851),
(2,	'100421',	850),
(2,	'100422',	849),
(2,	'100423',	854),
(2,	'100424',	853),
(2,	'100425',	852),
(2,	'100426',	857),
(2,	'100427',	856),
(2,	'100428',	855),
(2,	'100429',	860),
(2,	'100430',	859),
(2,	'100431',	858),
(2,	'100432',	863),
(2,	'100433',	862),
(2,	'100434',	861),
(2,	'100435',	866),
(2,	'100436',	865),
(2,	'100437',	864),
(2,	'100438',	869),
(2,	'100439',	868),
(2,	'100440',	867),
(2,	'100441',	872),
(2,	'100442',	871),
(2,	'100443',	870),
(2,	'100444',	875),
(2,	'100445',	878),
(2,	'100446',	877),
(2,	'100447',	874),
(2,	'100448',	873),
(2,	'100449',	876),
(2,	'100450',	881),
(2,	'100451',	880),
(2,	'100452',	879),
(2,	'100453',	884),
(2,	'100454',	883),
(2,	'100455',	882),
(2,	'100456',	887),
(2,	'100457',	886),
(2,	'100458',	885),
(2,	'100459',	890),
(2,	'100460',	889),
(2,	'100461',	888),
(2,	'100462',	893),
(2,	'100463',	892),
(2,	'100464',	891),
(2,	'100465',	896),
(2,	'100466',	895),
(2,	'100467',	894),
(2,	'100468',	899),
(2,	'100469',	898),
(2,	'100470',	897),
(2,	'100471',	902),
(2,	'100472',	901),
(2,	'100473',	900),
(2,	'100474',	905),
(2,	'100475',	904),
(2,	'100476',	903),
(2,	'100477',	908),
(2,	'100478',	907),
(2,	'100479',	906),
(2,	'100480',	911),
(2,	'100481',	910),
(2,	'100482',	909),
(2,	'100483',	914),
(2,	'100484',	913),
(2,	'100485',	912),
(2,	'100486',	917),
(2,	'100487',	916),
(2,	'100488',	915),
(2,	'100489',	920),
(2,	'100490',	921),
(2,	'100491',	919),
(2,	'100492',	922),
(2,	'100493',	918),
(2,	'14',	182),
(2,	'15',	181),
(2,	'2373',	618),
(2,	'2374',	619),
(2,	'2376',	2),
(2,	'2377',	3),
(2,	'26315',	9),
(2,	'26341',	10),
(2,	'26905',	11),
(2,	'26906',	12),
(2,	'26907',	13),
(2,	'26908',	14),
(2,	'26909',	15),
(2,	'26910',	16),
(2,	'26911',	17),
(2,	'26912',	18),
(2,	'26913',	19),
(2,	'26914',	20),
(2,	'26915',	21),
(2,	'26916',	22),
(2,	'26917',	23),
(2,	'26918',	24),
(2,	'26919',	25),
(2,	'26920',	26),
(2,	'26921',	27),
(2,	'26922',	28),
(2,	'26923',	29),
(2,	'26924',	30),
(2,	'26925',	31),
(2,	'26926',	32),
(2,	'26927',	33),
(2,	'26928',	34),
(2,	'26929',	35),
(2,	'26930',	36),
(2,	'26931',	37),
(2,	'26932',	38),
(2,	'26933',	39),
(2,	'26934',	40),
(2,	'26935',	41),
(2,	'26936',	42),
(2,	'26937',	43),
(2,	'26938',	44),
(2,	'26939',	45),
(2,	'26940',	46),
(2,	'26941',	47),
(2,	'26942',	48),
(2,	'26943',	49),
(2,	'26944',	50),
(2,	'26945',	51),
(2,	'26946',	52),
(2,	'26947',	53),
(2,	'26948',	54),
(2,	'26949',	55),
(2,	'26950',	56),
(2,	'26951',	57),
(2,	'26952',	58),
(2,	'26953',	59),
(2,	'26954',	60),
(2,	'26955',	61),
(2,	'26956',	62),
(2,	'26957',	63),
(2,	'26958',	64),
(2,	'26959',	65),
(2,	'26960',	66),
(2,	'26961',	67),
(2,	'26962',	68),
(2,	'26963',	69),
(2,	'26964',	70),
(2,	'26965',	71),
(2,	'26966',	72),
(2,	'26967',	73),
(2,	'26968',	74),
(2,	'26969',	75),
(2,	'26970',	76),
(2,	'26971',	77),
(2,	'26972',	78),
(2,	'26973',	79),
(2,	'26974',	80),
(2,	'26975',	81),
(2,	'26976',	82),
(2,	'26977',	83),
(2,	'26978',	84),
(2,	'26979',	85),
(2,	'26980',	86),
(2,	'26981',	87),
(2,	'26982',	88),
(2,	'26983',	89),
(2,	'26984',	90),
(2,	'26985',	91),
(2,	'26986',	92),
(2,	'26987',	93),
(2,	'26988',	94),
(2,	'26989',	95),
(2,	'26990',	96),
(2,	'26991',	97),
(2,	'26992',	98),
(2,	'26993',	99),
(2,	'26994',	100),
(2,	'26995',	101),
(2,	'26996',	102),
(2,	'26997',	103),
(2,	'26998',	104),
(2,	'26999',	105),
(2,	'27000',	106),
(2,	'27001',	107),
(2,	'27002',	108),
(2,	'27003',	109),
(2,	'27004',	110),
(2,	'27005',	111),
(2,	'27006',	112),
(2,	'27007',	113),
(2,	'27008',	114),
(2,	'27009',	115),
(2,	'27010',	116),
(2,	'27011',	117),
(2,	'27012',	118),
(2,	'27013',	119),
(2,	'27014',	120),
(2,	'27015',	121),
(2,	'27016',	122),
(2,	'27017',	123),
(2,	'27018',	124),
(2,	'27019',	125),
(2,	'27020',	126),
(2,	'27021',	127),
(2,	'27022',	128),
(2,	'27023',	129),
(2,	'27024',	130),
(2,	'27025',	131),
(2,	'27026',	132),
(2,	'27027',	133),
(2,	'27028',	134),
(2,	'27029',	135),
(2,	'27030',	136),
(2,	'27031',	137),
(2,	'27032',	138),
(2,	'27033',	139),
(2,	'27034',	140),
(2,	'27035',	141),
(2,	'27036',	142),
(2,	'27037',	143),
(2,	'27038',	144),
(2,	'27039',	145),
(2,	'27040',	146),
(2,	'27041',	147),
(2,	'27042',	148),
(2,	'27043',	149),
(2,	'27044',	150),
(2,	'27045',	151),
(2,	'27046',	152),
(2,	'27047',	153),
(2,	'27048',	154),
(2,	'27049',	155),
(2,	'27050',	156),
(2,	'27051',	157),
(2,	'27052',	158),
(2,	'27053',	159),
(2,	'27054',	160),
(2,	'27055',	161),
(2,	'27056',	162),
(2,	'27057',	163),
(2,	'27058',	164),
(2,	'27059',	165),
(2,	'27060',	166),
(2,	'27061',	167),
(2,	'27062',	168),
(2,	'27063',	169),
(2,	'27064',	170),
(2,	'27065',	171),
(2,	'27066',	172),
(2,	'27067',	173),
(2,	'27068',	174),
(2,	'27069',	175),
(2,	'27070',	176),
(2,	'27071',	177),
(2,	'27072',	178),
(2,	'27085',	564),
(2,	'27086',	569),
(2,	'27087',	574),
(2,	'27131',	179),
(2,	'27132',	180),
(2,	'27135',	604),
(2,	'27136',	184),
(2,	'27147',	741),
(2,	'27148',	742),
(2,	'27149',	743),
(2,	'27150',	186),
(2,	'27167',	744),
(2,	'27168',	745),
(2,	'27169',	746),
(2,	'27170',	747),
(2,	'27171',	748),
(2,	'27172',	749),
(2,	'27173',	750),
(2,	'27174',	751),
(2,	'27175',	752),
(2,	'27176',	753),
(2,	'27180',	754),
(2,	'27181',	755),
(2,	'27192',	756),
(2,	'27215',	196),
(2,	'27225',	757),
(2,	'27226',	620),
(2,	'27227',	621),
(2,	'27228',	622),
(2,	'27230',	189),
(2,	'27233',	190),
(2,	'27234',	758),
(2,	'27236',	191),
(2,	'27255',	642),
(2,	'27257',	641),
(2,	'27258',	192),
(2,	'27259',	193),
(2,	'27260',	194),
(2,	'27261',	195),
(2,	'27263',	197),
(2,	'27264',	198),
(2,	'27376',	759),
(2,	'27377',	199),
(2,	'27378',	200),
(2,	'27379',	201),
(2,	'27380',	202),
(2,	'27381',	203),
(2,	'27382',	204),
(2,	'27383',	205),
(2,	'27393',	206),
(2,	'27394',	207),
(2,	'27395',	208),
(2,	'27396',	209),
(2,	'27397',	210),
(2,	'27398',	211),
(2,	'27414',	760),
(2,	'27422',	761),
(2,	'27426',	762),
(2,	'27427',	763),
(2,	'27431',	764),
(2,	'27432',	765),
(2,	'27436',	766),
(2,	'27437',	767),
(2,	'27438',	605),
(2,	'27442',	768),
(2,	'27443',	769),
(2,	'27444',	770),
(2,	'27445',	771),
(2,	'27449',	772),
(2,	'27450',	773),
(2,	'27451',	774),
(2,	'27452',	775),
(2,	'27453',	776),
(2,	'27456',	212),
(2,	'27457',	213),
(2,	'27458',	214),
(2,	'27459',	606),
(2,	'27460',	777),
(2,	'27461',	778),
(2,	'27462',	610),
(2,	'27463',	611),
(2,	'27464',	612),
(2,	'27465',	613),
(2,	'27466',	779),
(2,	'27571',	650),
(2,	'27572',	651),
(2,	'27573',	652),
(2,	'27574',	653),
(2,	'27584',	661),
(2,	'27589',	780),
(2,	'27590',	781),
(2,	'27591',	782),
(2,	'27592',	783),
(2,	'27594',	784),
(2,	'27595',	785),
(2,	'27596',	786),
(2,	'27597',	787),
(2,	'27598',	788),
(2,	'27599',	789),
(2,	'27600',	790),
(2,	'27601',	791),
(2,	'27605',	792),
(2,	'2780',	4),
(2,	'2781',	5);

DROP TABLE IF EXISTS `cms3_import_offer_list`;
CREATE TABLE `cms3_import_offer_list` (
  `external_id` varchar(255) NOT NULL,
  `internal_id` int(10) unsigned NOT NULL,
  `source_id` int(10) unsigned NOT NULL,
  KEY `external_id` (`external_id`,`source_id`),
  KEY `internal_id` (`internal_id`,`source_id`),
  KEY `source_id` (`source_id`),
  CONSTRAINT `internal id to offer` FOREIGN KEY (`internal_id`) REFERENCES `cms3_offer_list` (`id`) ON DELETE CASCADE ON UPDATE CASCADE,
  CONSTRAINT `offer source id to import source` FOREIGN KEY (`source_id`) REFERENCES `cms3_import_sources` (`id`) ON DELETE CASCADE ON UPDATE CASCADE
) ENGINE=InnoDB DEFAULT CHARSET=utf8;


DROP TABLE IF EXISTS `cms3_import_offer_price_list`;
CREATE TABLE `cms3_import_offer_price_list` (
  `external_id` varchar(255) NOT NULL,
  `internal_id` int(10) unsigned NOT NULL,
  `source_id` int(10) unsigned NOT NULL,
  KEY `external_id` (`external_id`,`source_id`),
  KEY `internal_id` (`internal_id`,`source_id`),
  KEY `source_id` (`source_id`),
  CONSTRAINT `internal id to price` FOREIGN KEY (`internal_id`) REFERENCES `cms3_offer_price_list` (`id`) ON DELETE CASCADE ON UPDATE CASCADE,
  CONSTRAINT `price source id to import source` FOREIGN KEY (`source_id`) REFERENCES `cms3_import_sources` (`id`) ON DELETE CASCADE ON UPDATE CASCADE
) ENGINE=InnoDB DEFAULT CHARSET=utf8;


DROP TABLE IF EXISTS `cms3_import_offer_price_type_list`;
CREATE TABLE `cms3_import_offer_price_type_list` (
  `external_id` varchar(255) NOT NULL,
  `internal_id` int(10) unsigned NOT NULL,
  `source_id` int(10) unsigned NOT NULL,
  KEY `external_id` (`external_id`,`source_id`),
  KEY `internal_id` (`internal_id`,`source_id`),
  KEY `source_id` (`source_id`),
  CONSTRAINT `internal id to price type` FOREIGN KEY (`internal_id`) REFERENCES `cms3_offer_price_type_list` (`id`) ON DELETE CASCADE ON UPDATE CASCADE,
  CONSTRAINT `price type source id to import source` FOREIGN KEY (`source_id`) REFERENCES `cms3_import_sources` (`id`) ON DELETE CASCADE ON UPDATE CASCADE
) ENGINE=InnoDB DEFAULT CHARSET=utf8;

INSERT INTO `cms3_import_offer_price_type_list` (`external_id`, `internal_id`, `source_id`) VALUES
('1',	1,	1);

DROP TABLE IF EXISTS `cms3_import_redirects`;
CREATE TABLE `cms3_import_redirects` (
  `external_id` int(11) NOT NULL,
  `internal_id` int(11) NOT NULL,
  `source_id` int(10) unsigned NOT NULL,
  KEY `external_id` (`external_id`,`source_id`),
  KEY `internal_id` (`internal_id`,`source_id`),
  KEY `source_id` (`source_id`),
  CONSTRAINT `cms3_import_redirects_ibfk_1` FOREIGN KEY (`internal_id`) REFERENCES `cms3_redirects` (`id`) ON DELETE CASCADE ON UPDATE CASCADE,
  CONSTRAINT `cms3_import_redirects_ibfk_2` FOREIGN KEY (`source_id`) REFERENCES `cms3_import_sources` (`id`) ON DELETE CASCADE ON UPDATE CASCADE
) ENGINE=InnoDB DEFAULT CHARSET=utf8;


DROP TABLE IF EXISTS `cms3_import_relations`;
CREATE TABLE `cms3_import_relations` (
  `source_id` int(10) unsigned NOT NULL,
  `old_id` varchar(255) NOT NULL,
  `new_id` int(10) unsigned NOT NULL,
  KEY `source_id` (`source_id`,`old_id`,`new_id`),
  KEY `old_id` (`old_id`,`new_id`),
  KEY `new_id` (`new_id`),
  CONSTRAINT `FK_NewId_To_HierarchyId` FOREIGN KEY (`new_id`) REFERENCES `cms3_hierarchy` (`id`) ON DELETE CASCADE ON UPDATE CASCADE,
  CONSTRAINT `FK_SourceId_To_Source` FOREIGN KEY (`source_id`) REFERENCES `cms3_import_sources` (`id`) ON DELETE CASCADE ON UPDATE CASCADE
) ENGINE=InnoDB DEFAULT CHARSET=utf8;

INSERT INTO `cms3_import_relations` (`source_id`, `old_id`, `new_id`) VALUES
(2,	'1',	3),
(2,	'10',	24),
(2,	'11',	30),
(2,	'15',	6),
(2,	'16',	7),
(2,	'17',	31),
(2,	'18',	32),
(2,	'19',	33),
(2,	'2',	4),
(2,	'20',	8),
(2,	'21',	36),
(2,	'22',	37),
(2,	'23',	38),
(2,	'24',	39),
(2,	'25',	40),
(2,	'26',	9),
(2,	'27',	10),
(2,	'28',	41),
(2,	'3',	5),
(2,	'30',	11),
(2,	'31',	2),
(2,	'32',	51),
(2,	'33',	52),
(2,	'34',	45),
(2,	'35',	53),
(2,	'36',	46),
(2,	'37',	1),
(2,	'38',	47),
(2,	'39',	54),
(2,	'4',	22),
(2,	'40',	48),
(2,	'41',	42),
(2,	'42',	44),
(2,	'43',	43),
(2,	'45',	50),
(2,	'46',	49),
(2,	'47',	59),
(2,	'48',	58),
(2,	'5',	25),
(2,	'52',	12),
(2,	'53',	60),
(2,	'54',	18),
(2,	'55',	17),
(2,	'56',	16),
(2,	'57',	63),
(2,	'58',	62),
(2,	'59',	64),
(2,	'6',	23),
(2,	'60',	21),
(2,	'61',	20),
(2,	'62',	19),
(2,	'67',	13),
(2,	'68',	66),
(2,	'69',	67),
(2,	'7',	27),
(2,	'70',	65),
(2,	'71',	14),
(2,	'72',	26),
(2,	'73',	55),
(2,	'74',	34),
(2,	'75',	35),
(2,	'76',	15),
(2,	'77',	57),
(2,	'78',	56),
(2,	'79',	61),
(2,	'8',	28),
(2,	'9',	29);

DROP TABLE IF EXISTS `cms3_import_restrictions`;
CREATE TABLE `cms3_import_restrictions` (
  `source_id` int(10) unsigned NOT NULL,
  `old_id` varchar(255) NOT NULL,
  `new_id` int(10) unsigned NOT NULL,
  KEY `source_id` (`source_id`,`old_id`,`new_id`),
  KEY `old_id` (`old_id`,`new_id`),
  KEY `new_id` (`new_id`),
  CONSTRAINT `FK_NewId_To_RestrictionId` FOREIGN KEY (`new_id`) REFERENCES `cms3_object_fields_restrictions` (`id`) ON DELETE CASCADE ON UPDATE CASCADE,
  CONSTRAINT `FK_RestrictionSourceId_To_Source` FOREIGN KEY (`source_id`) REFERENCES `cms3_import_sources` (`id`) ON DELETE CASCADE ON UPDATE CASCADE
) ENGINE=InnoDB DEFAULT CHARSET=utf8;

INSERT INTO `cms3_import_restrictions` (`source_id`, `old_id`, `new_id`) VALUES
(1,	'1',	6),
(1,	'2',	3),
(1,	'3',	4),
(1,	'4',	1),
(1,	'5',	2),
(1,	'7',	5),
(2,	'2',	3),
(2,	'5',	2);

DROP TABLE IF EXISTS `cms3_import_sliders`;
CREATE TABLE `cms3_import_sliders` (
  `external_id` int(10) unsigned NOT NULL,
  `internal_id` int(10) unsigned NOT NULL,
  `source_id` int(10) unsigned NOT NULL,
  KEY `external_id` (`external_id`,`source_id`),
  KEY `internal_id` (`internal_id`,`source_id`),
  KEY `source_id` (`source_id`),
  CONSTRAINT `cms3_import_sliders_ibfk_1` FOREIGN KEY (`internal_id`) REFERENCES `cms3_sliders` (`id`) ON DELETE CASCADE ON UPDATE CASCADE,
  CONSTRAINT `cms3_import_sliders_ibfk_2` FOREIGN KEY (`source_id`) REFERENCES `cms3_import_sources` (`id`) ON DELETE CASCADE ON UPDATE CASCADE
) ENGINE=InnoDB DEFAULT CHARSET=utf8;


DROP TABLE IF EXISTS `cms3_import_slides`;
CREATE TABLE `cms3_import_slides` (
  `external_id` int(10) unsigned NOT NULL,
  `internal_id` int(10) unsigned NOT NULL,
  `source_id` int(10) unsigned NOT NULL,
  KEY `external_id` (`external_id`,`source_id`),
  KEY `internal_id` (`internal_id`,`source_id`),
  KEY `source_id` (`source_id`),
  CONSTRAINT `cms3_import_slides_ibfk_1` FOREIGN KEY (`internal_id`) REFERENCES `cms3_slides` (`id`) ON DELETE CASCADE ON UPDATE CASCADE,
  CONSTRAINT `cms3_import_slides_ibfk_2` FOREIGN KEY (`source_id`) REFERENCES `cms3_import_sources` (`id`) ON DELETE CASCADE ON UPDATE CASCADE
) ENGINE=InnoDB DEFAULT CHARSET=utf8;


DROP TABLE IF EXISTS `cms3_import_sources`;
CREATE TABLE `cms3_import_sources` (
  `id` int(10) unsigned NOT NULL AUTO_INCREMENT,
  `source_name` varchar(128) DEFAULT NULL,
  PRIMARY KEY (`id`),
  KEY `source_name` (`source_name`)
) ENGINE=InnoDB DEFAULT CHARSET=utf8;

INSERT INTO `cms3_import_sources` (`id`, `source_name`) VALUES
(2,	'demoold-1'),
(1,	'system');

DROP TABLE IF EXISTS `cms3_import_stock_balance_list`;
CREATE TABLE `cms3_import_stock_balance_list` (
  `external_id` varchar(255) NOT NULL,
  `internal_id` int(10) unsigned NOT NULL,
  `source_id` int(10) unsigned NOT NULL,
  KEY `external_id` (`external_id`,`source_id`),
  KEY `internal_id` (`internal_id`,`source_id`),
  KEY `source_id` (`source_id`),
  CONSTRAINT `internal id to stock balance` FOREIGN KEY (`internal_id`) REFERENCES `cms3_stock_balance_list` (`id`) ON DELETE CASCADE ON UPDATE CASCADE,
  CONSTRAINT `stock balance source id to import source` FOREIGN KEY (`source_id`) REFERENCES `cms3_import_sources` (`id`) ON DELETE CASCADE ON UPDATE CASCADE
) ENGINE=InnoDB DEFAULT CHARSET=utf8;


DROP TABLE IF EXISTS `cms3_import_templates`;
CREATE TABLE `cms3_import_templates` (
  `source_id` int(10) unsigned NOT NULL,
  `old_id` varchar(255) NOT NULL,
  `new_id` int(10) unsigned NOT NULL,
  KEY `source_id` (`source_id`,`old_id`,`new_id`),
  KEY `old_id` (`old_id`,`new_id`),
  KEY `new_id` (`new_id`),
  CONSTRAINT `FK_NewId_To_TemplateId` FOREIGN KEY (`new_id`) REFERENCES `cms3_templates` (`id`) ON DELETE CASCADE ON UPDATE CASCADE,
  CONSTRAINT `FK_TemplateSourceId_To_Source` FOREIGN KEY (`source_id`) REFERENCES `cms3_import_sources` (`id`) ON DELETE CASCADE ON UPDATE CASCADE
) ENGINE=InnoDB DEFAULT CHARSET=utf8;

INSERT INTO `cms3_import_templates` (`source_id`, `old_id`, `new_id`) VALUES
(2,	'1',	1),
(2,	'2',	2),
(2,	'3',	5),
(2,	'4',	3),
(2,	'5',	4);

DROP TABLE IF EXISTS `cms3_import_types`;
CREATE TABLE `cms3_import_types` (
  `source_id` int(10) unsigned NOT NULL,
  `old_id` varchar(255) NOT NULL,
  `new_id` int(10) unsigned NOT NULL,
  KEY `source_id` (`source_id`,`old_id`,`new_id`),
  KEY `old_id` (`old_id`,`new_id`),
  KEY `new_id` (`new_id`),
  CONSTRAINT `FK_NewId_To_ObjectTypeId` FOREIGN KEY (`new_id`) REFERENCES `cms3_object_types` (`id`) ON DELETE CASCADE ON UPDATE CASCADE,
  CONSTRAINT `FK_TypeSourceId_To_Source` FOREIGN KEY (`source_id`) REFERENCES `cms3_import_sources` (`id`) ON DELETE CASCADE ON UPDATE CASCADE
) ENGINE=InnoDB DEFAULT CHARSET=utf8;

INSERT INTO `cms3_import_types` (`source_id`, `old_id`, `new_id`) VALUES
(1,	'10',	61),
(1,	'11',	87),
(1,	'18',	7),
(1,	'21',	5),
(1,	'22',	8),
(1,	'23',	60),
(1,	'34',	59),
(1,	'39',	71),
(1,	'4',	54),
(1,	'40',	72),
(1,	'5',	114),
(1,	'6',	39),
(1,	'648',	67),
(1,	'649',	68),
(1,	'650',	69),
(1,	'651',	70),
(1,	'671',	113),
(1,	'672',	115),
(1,	'673',	116),
(1,	'674',	9),
(1,	'675',	117),
(1,	'680',	82),
(1,	'681',	83),
(1,	'682',	84),
(1,	'683',	85),
(1,	'688',	64),
(1,	'689',	62),
(1,	'693',	10),
(1,	'696',	77),
(1,	'697',	78),
(1,	'699',	79),
(1,	'7',	1),
(1,	'700',	80),
(1,	'701',	81),
(1,	'702',	121),
(1,	'739',	11),
(1,	'740',	74),
(1,	'741',	75),
(1,	'742',	76),
(1,	'743',	118),
(1,	'745',	2),
(1,	'746',	63),
(1,	'747',	65),
(1,	'748',	66),
(1,	'750',	73),
(1,	'751',	45),
(1,	'752',	52),
(1,	'753',	48),
(1,	'754',	55),
(1,	'755',	53),
(1,	'756',	44),
(1,	'757',	43),
(1,	'760',	88),
(1,	'762',	30),
(1,	'765',	42),
(1,	'767',	32),
(1,	'768',	56),
(1,	'770',	31),
(1,	'772',	33),
(1,	'773',	34),
(1,	'777',	90),
(1,	'779',	41),
(1,	'780',	21),
(1,	'781',	51),
(1,	'782',	50),
(1,	'783',	96),
(1,	'784',	97),
(1,	'787',	46),
(1,	'788',	47),
(1,	'791',	100),
(1,	'792',	12),
(1,	'793',	13),
(1,	'794',	91),
(1,	'795',	92),
(1,	'796',	93),
(1,	'797',	94),
(1,	'798',	57),
(1,	'799',	95),
(1,	'8',	4),
(1,	'800',	89),
(1,	'801',	101),
(1,	'802',	102),
(1,	'803',	40),
(1,	'804',	119),
(1,	'805',	120),
(1,	'806',	35),
(1,	'807',	36),
(1,	'808',	98),
(1,	'809',	14),
(1,	'810',	15),
(1,	'812',	103),
(1,	'813',	104),
(1,	'814',	16),
(1,	'815',	17),
(1,	'816',	105),
(1,	'817',	49),
(1,	'818',	18),
(1,	'819',	123),
(1,	'820',	19),
(1,	'822',	37),
(1,	'823',	38),
(1,	'824',	106),
(1,	'826',	107),
(1,	'827',	20),
(1,	'828',	108),
(1,	'829',	22),
(1,	'830',	23),
(1,	'831',	24),
(1,	'832',	6),
(1,	'833',	109),
(1,	'834',	110),
(1,	'837',	111),
(1,	'838',	25),
(1,	'839',	58),
(1,	'840',	26),
(1,	'841',	125),
(1,	'842',	99),
(1,	'843',	122),
(1,	'844',	27),
(1,	'845',	112),
(1,	'846',	28),
(1,	'847',	29),
(1,	'848',	124),
(1,	'9',	86),
(1,	'{root-pages-type}',	3),
(2,	'10',	61),
(2,	'11',	87),
(2,	'1500',	139),
(2,	'1501',	136),
(2,	'1502',	135),
(2,	'1503',	134),
(2,	'1504',	133),
(2,	'1505',	132),
(2,	'1506',	131),
(2,	'1507',	130),
(2,	'1508',	129),
(2,	'1509',	128),
(2,	'1510',	137),
(2,	'1512',	138),
(2,	'1513',	140),
(2,	'1514',	17),
(2,	'1515',	16),
(2,	'1516',	15),
(2,	'1517',	14),
(2,	'1518',	41),
(2,	'1519',	100),
(2,	'1520',	103),
(2,	'1521',	104),
(2,	'1522',	98),
(2,	'1525',	13),
(2,	'1526',	12),
(2,	'1527',	49),
(2,	'1528',	126),
(2,	'1529',	9),
(2,	'1530',	18),
(2,	'1531',	123),
(2,	'1532',	19),
(2,	'1533',	37),
(2,	'1534',	38),
(2,	'1535',	105),
(2,	'1537',	107),
(2,	'18',	7),
(2,	'21',	5),
(2,	'22',	8),
(2,	'23',	60),
(2,	'34',	59),
(2,	'39',	71),
(2,	'4',	54),
(2,	'40',	72),
(2,	'5',	114),
(2,	'6',	39),
(2,	'648',	67),
(2,	'649',	68),
(2,	'650',	69),
(2,	'651',	70),
(2,	'671',	113),
(2,	'672',	115),
(2,	'673',	116),
(2,	'675',	117),
(2,	'680',	82),
(2,	'681',	83),
(2,	'682',	84),
(2,	'683',	85),
(2,	'688',	64),
(2,	'689',	62),
(2,	'693',	10),
(2,	'696',	77),
(2,	'697',	78),
(2,	'699',	79),
(2,	'7',	1),
(2,	'700',	80),
(2,	'701',	81),
(2,	'702',	121),
(2,	'739',	11),
(2,	'740',	74),
(2,	'741',	75),
(2,	'742',	76),
(2,	'743',	118),
(2,	'745',	2),
(2,	'746',	63),
(2,	'747',	65),
(2,	'748',	66),
(2,	'750',	73),
(2,	'751',	45),
(2,	'752',	52),
(2,	'753',	48),
(2,	'754',	55),
(2,	'755',	53),
(2,	'756',	44),
(2,	'757',	43),
(2,	'760',	88),
(2,	'762',	30),
(2,	'765',	42),
(2,	'767',	32),
(2,	'768',	56),
(2,	'770',	31),
(2,	'772',	33),
(2,	'773',	34),
(2,	'777',	90),
(2,	'779',	141),
(2,	'780',	21),
(2,	'781',	51),
(2,	'782',	50),
(2,	'783',	96),
(2,	'784',	97),
(2,	'787',	46),
(2,	'788',	47),
(2,	'794',	91),
(2,	'795',	92),
(2,	'796',	93),
(2,	'797',	94),
(2,	'798',	57),
(2,	'799',	95),
(2,	'8',	4),
(2,	'800',	89),
(2,	'801',	101),
(2,	'802',	102),
(2,	'803',	40),
(2,	'804',	119),
(2,	'805',	120),
(2,	'806',	35),
(2,	'807',	36),
(2,	'824',	127),
(2,	'9',	86),
(2,	'{root-pages-type}',	3);

DROP TABLE IF EXISTS `cms3_langs`;
CREATE TABLE `cms3_langs` (
  `id` int(10) unsigned NOT NULL AUTO_INCREMENT,
  `prefix` varchar(16) NOT NULL,
  `title` varchar(255) NOT NULL,
  `is_default` tinyint(1) DEFAULT NULL,
  PRIMARY KEY (`id`),
  UNIQUE KEY `prefix` (`prefix`)
) ENGINE=InnoDB DEFAULT CHARSET=utf8;

INSERT INTO `cms3_langs` (`id`, `prefix`, `title`, `is_default`) VALUES
(1,	'ru',	'Русский',	1),
(2,	'en',	'English',	0);

DROP TABLE IF EXISTS `cms3_links`;
CREATE TABLE `cms3_links` (
  `id` int(11) unsigned NOT NULL AUTO_INCREMENT,
  `address` varchar(1024) NOT NULL,
  `address_hash` varchar(32) NOT NULL,
  `place` varchar(255) NOT NULL,
  `broken` tinyint(1) DEFAULT 0,
  PRIMARY KEY (`id`),
  UNIQUE KEY `address_hash` (`address_hash`),
  KEY `broken` (`broken`)
) ENGINE=InnoDB DEFAULT CHARSET=utf8;


DROP TABLE IF EXISTS `cms3_links_sources`;
CREATE TABLE `cms3_links_sources` (
  `id` int(11) unsigned NOT NULL AUTO_INCREMENT,
  `link_id` int(11) unsigned NOT NULL,
  `place` varchar(255) NOT NULL,
  `type` enum('object','template') NOT NULL,
  PRIMARY KEY (`id`),
  UNIQUE KEY `link_source` (`link_id`,`place`),
  CONSTRAINT `source link_id` FOREIGN KEY (`link_id`) REFERENCES `cms3_links` (`id`) ON DELETE CASCADE ON UPDATE CASCADE
) ENGINE=InnoDB DEFAULT CHARSET=utf8;


DROP TABLE IF EXISTS `cms3_mail_notifications`;
CREATE TABLE `cms3_mail_notifications` (
  `id` int(11) unsigned NOT NULL AUTO_INCREMENT,
  `lang_id` int(10) unsigned NOT NULL,
  `domain_id` int(10) unsigned NOT NULL,
  `name` varchar(255) DEFAULT NULL,
  `module` varchar(255) DEFAULT NULL,
  PRIMARY KEY (`id`),
  UNIQUE KEY `name-domain-lang` (`name`,`domain_id`,`lang_id`),
  KEY `lang_id` (`lang_id`),
  KEY `domain_id` (`domain_id`),
  KEY `name` (`name`),
  CONSTRAINT `notification to domain` FOREIGN KEY (`domain_id`) REFERENCES `cms3_domains` (`id`) ON UPDATE CASCADE,
  CONSTRAINT `notification to lang` FOREIGN KEY (`lang_id`) REFERENCES `cms3_langs` (`id`) ON UPDATE CASCADE
) ENGINE=InnoDB DEFAULT CHARSET=utf8;

INSERT INTO `cms3_mail_notifications` (`id`, `lang_id`, `domain_id`, `name`, `module`) VALUES
(1,	1,	1,	'notification-new-record-admin',	'appointment'),
(2,	1,	1,	'notification-new-record-user',	'appointment'),
(3,	1,	1,	'notification-record-status-changed-user',	'appointment'),
(4,	1,	1,	'notification-banners-expiration-date',	'banners'),
(5,	1,	1,	'notification-blogs-post-comment',	'blogs20'),
(6,	1,	1,	'notification-blogs-comment-comment',	'blogs20'),
(7,	1,	1,	'notification-content-expiration-date',	'content'),
(8,	1,	1,	'notification-content-unpublish-page',	'content'),
(9,	1,	1,	'notification-dispatches-release',	'dispatches'),
(10,	1,	1,	'notification-dispatches-subscribe',	'dispatches'),
(11,	1,	1,	'notification-emarket-status-change',	'emarket'),
(12,	1,	1,	'notification-emarket-new-order',	'emarket'),
(13,	1,	1,	'notification-emarket-invoice',	'emarket'),
(14,	1,	1,	'notification-faq-answer',	'faq'),
(15,	1,	1,	'notification-faq-confirm-user',	'faq'),
(16,	1,	1,	'notification-faq-confirm-admin',	'faq'),
(17,	1,	1,	'notification-forum-new-message',	'forum'),
(18,	1,	1,	'notification-users-new-registration-admin',	'users'),
(19,	1,	1,	'notification-users-restore-password',	'users'),
(20,	1,	1,	'notification-users-registered',	'users'),
(21,	1,	1,	'notification-users-registered-no-activation',	'users'),
(22,	1,	1,	'notification-users-new-password',	'users');

DROP TABLE IF EXISTS `cms3_mail_templates`;
CREATE TABLE `cms3_mail_templates` (
  `id` int(11) unsigned NOT NULL AUTO_INCREMENT,
  `notification_id` int(11) unsigned NOT NULL,
  `name` varchar(255) DEFAULT NULL,
  `type` varchar(255) DEFAULT NULL,
  `content` mediumtext DEFAULT NULL,
  PRIMARY KEY (`id`),
  UNIQUE KEY `name-notification` (`name`,`notification_id`),
  KEY `name` (`name`),
  KEY `notification_id` (`notification_id`),
  CONSTRAINT `mail template to notification` FOREIGN KEY (`notification_id`) REFERENCES `cms3_mail_notifications` (`id`) ON DELETE CASCADE
) ENGINE=InnoDB DEFAULT CHARSET=utf8;

INSERT INTO `cms3_mail_templates` (`id`, `notification_id`, `name`, `type`, `content`) VALUES
(1,	1,	'new-record-admin-notify-content',	'content',	'<table style=\"max-width: 400px; width: 100%;\">\n  <tbody>\n    <tr>\n      <td>Имя</td>\n      <td>%name%</td>\n    </tr>\n    <tr>\n      <td>Телефон</td>\n      <td>%phone%</td>\n    </tr>\n    <tr>\n      <td>E-Mail</td>\n      <td>%email%</td>\n    </tr>\n    <tr>\n      <td>Комментарий</td>\n      <td>%comment%</td>\n    </tr>\n    <tr>\n      <td>Дата</td>\n      <td>%date%</td>\n    </tr>\n    <tr>\n      <td>Время</td>\n      <td>%time%</td>\n    </tr>\n    <tr>\n      <td>Услуга</td>\n      <td>%service%</td>\n    </tr>\n    <tr>\n      <td>Категория</td>\n      <td>%category%</td>\n    </tr>\n    <tr>\n      <td>Специалист</td>\n      <td>%specialist%</td>\n  </tr>\n  </tbody>\n</table>'),
(2,	1,	'new-record-admin-notify-subject',	'subject',	'Запись на приём \\ %category% \\ %service% \\'),
(3,	2,	'new-record-user-notify-content',	'content',	'<table style=\"max-width: 400px; width: 100%;\">\n  <tbody>\n    <tr>\n      <td>Дата</td>\n      <td>%date%</td>\n    </tr>\n    <tr>\n      <td>Время</td>\n      <td>%time%</td>\n    </tr>\n    <tr>\n      <td>Услуга</td>\n      <td>%service%</td>\n    </tr>\n    <tr>\n      <td>Категория</td>\n      <td>%category%</td>\n    </tr>\n    <tr>\n      <td>Специалист</td>\n      <td>%specialist%</td>\n    </tr>\n  </tbody>\n</table>'),
(4,	2,	'new-record-user-notify-subject',	'subject',	'Вы записались на приём \\ %category% \\ %service% \\'),
(5,	3,	'record-status-changed-user-notify-content',	'content',	'<table style=\"max-width: 400px; width: 100%;\">\n  <tbody>\n    <tr>\n      <td>Группа</td>\n      <td>%category%</td>\n    </tr>\n    <tr>\n      <td>Услуга</td>\n      <td>%service%</td>\n    </tr>\n    <tr>\n      <td>Дата</td>\n      <td>%date%&nbsp;</td>\n    </tr>\n    <tr>\n      <td>Время</td>\n      <td>&nbsp;%time%</td>\n    </tr>\n    <tr>\n      <td>Специалист</td>\n      <td>%specialist%</td>\n    </tr>\n    <tr>\n      <td>Статус</td>\n      <td>%new-status%</td>\n    </tr>\n  </tbody>\n</table>'),
(6,	3,	'record-status-changed-user-notify-subject',	'subject',	'Ваша заявка на запись \\ %category% \\ %service% \\ была обновлена'),
(7,	4,	'banners-expiration-date-subject',	'subject',	'Оповещение о приближении окончания показа баннеров'),
(8,	4,	'banners-expiration-date-content',	'content',	'У следующих баннеров истекает срок показа:<br>%parse.banners-expiration-date-item.items%'),
(9,	4,	'banners-expiration-date-item',	'item',	'%bannerName% %tillDate% Ссылка для редактирования: <a href=\"%link%\">%link%</a><br>'),
(10,	5,	'blogs-post-comment-subject',	'subject',	'Новый ответ на Вашу публикацию'),
(11,	5,	'blogs-post-comment-content',	'content',	'%name%, на Вашу публикацию получен новый ответ.<br>\nПосмотреть его Вы можете, перейдя по ссылке:<br><a href=\"%link%\">%link%</a>'),
(12,	6,	'blogs-comment-comment-subject',	'subject',	'Новый ответ на Ваш комментарий'),
(13,	6,	'blogs-comment-comment-content',	'content',	'%name%, на Ваш комментарий получен новый ответ.<br>\nПосмотреть его Вы можете, перейдя по ссылке:<br><a href=\"%link%\">%link%</a>'),
(14,	7,	'content-expiration-date-subject',	'subject',	'Оповещение о приближении окончания публикации'),
(15,	7,	'content-expiration-date-content',	'content',	'У страницы <a href=\"%page_link%\">%page_header%</a><br>приближается время потери актуальности<br>Комментарии к публикации: <br><p>%publish_comments%</p>'),
(16,	8,	'content-unpublish-page-subject',	'subject',	'Оповещение о снятии страницы с публикации'),
(17,	8,	'content-unpublish-page-content',	'content',	'Страница <a href=\"%page_link%\">%page_header%</a><br> снята с публикации<br>\n    Комментарии к публикации: <br />\n    <p>%publish_comments%</p>'),
(18,	9,	'dispatches-release-subject',	'subject',	'Новая рассылка: %header%'),
(19,	9,	'dispatches-release-content',	'content',	'%parse.dispatches-release-message.messages%<hr><b>Отписаться:</b> Отписаться от рассылки можно <a href=\"%unsubscribe_link%\">по этой ссылке</a>'),
(20,	9,	'dispatches-release-message',	'message',	'<h3>%header%</h3>%body%<hr>'),
(21,	10,	'dispatches-subscribe-subject',	'subject',	'Подписка на рассылку'),
(22,	10,	'dispatches-subscribe-content',	'content',	'<p>Доброго времени суток!</p><p>Вы подписались на рассылку.</p><p>Если вы не хотите ее получать, перейдите по этой ссылке: <a href=\"%unsubscribe_link%\">%unsubscribe_link%</a></p>'),
(23,	11,	'emarket-status-notification-subject',	'subject',	'%header%'),
(24,	11,	'emarket-status-notification-content',	'content',	'<p>Ваш заказ #%order_number% %status%</p>\n<div>\n  <hr/>\n  <p>Товары:</p>\n  %parse.emarket-status-notification-item.items%\n  <hr/>\n  <p>Всего товаров: %total_amount% шт.</p>\n  <p>На сумму: %total_price% %suffix%. </p>\n</div>\nПосмотреть историю заказов вы можете в своем <a href=\"http://%domain%/emarket/personal/\">личном кабинете</a>.'),
(25,	11,	'emarket-status-notification-receipt',	'content',	'<p>Ваш заказ #%order_number% %status%</p>\n<div>\n  <hr/>\n  <p>Товары:</p>\n  %parse.emarket-status-notification-item.items%\n  <hr/>\n  <p>Всего товаров: %total_amount% шт.</p>\n  <p>На сумму: %total_price% %suffix%. </p>\n</div>\n    Посмотреть историю заказов вы можете в своем <a href=\"http://%domain%/emarket/personal/\">личном кабинете</a>.\n    <br/><br/>\n    Квитанцию на оплату вы можете получить, перейдя по <a href=\"http://%domain%/emarket/receipt/%order_id%/%receipt_signature%/\">этой ссылке</a>.'),
(26,	11,	'emarket-status-notification-item',	'content',	'<p><a href=\"%link%\">%name%</a></p>\n<p>Цена:  %price% %suffix%. Количество: %amount% шт.</p>'),
(27,	12,	'emarket-neworder-notification-subject',	'subject',	'%header%'),
(28,	12,	'emarket-neworder-notification-content',	'content',	'Поступил новый заказ #%order_number% (<a href=\"http://%domain%/admin/emarket/order_edit/%order_id%/\">Просмотр</a>)\n    <br/><br/>\n<div>\n  <hr/>\n  <p>Товары:</p>\n  %parse.emarket-neworder-notification-item.items%\n  <hr/>\n  <p>Всего товаров: %total_amount% шт.</p>\n  <p>На сумму: %total_price% %suffix%. </p>\n</div>\n\n<div>\n  <p>Информация о покупателе:</p>\n  <p>Имя: %first_name%</p>\n  <p>Фамилия: %last_name%</p>\n  <p>email: %email%</p>\n  <p>Телефон: %phone%</p>\n\n  <p>Способ доставки: %delivery%</p>\n  <p>Адрес доставки: %address%</p>\n</div>\n\n  <p>Способ оплаты: %payment_type%</p>\n  <p>Статус оплаты: %payment_status%</p>'),
(29,	12,	'emarket-neworder-notification-item',	'content',	'<p><a href=\"%link%\">%name%</a></p>\n<p>Цена:  %price% %suffix%. Количество: %amount% шт.</p>'),
(30,	13,	'emarket-invoice-subject',	'subject',	'На сайте %domain% успешно сформирован счет'),
(31,	13,	'emarket-invoice-content',	'content',	'Вы можете распечатать счет для юридических лиц, перейдя по следующей ссылке:\n    <p>\n      <a href=\"http://%domain%%invoice_link%\">http://%domain%%invoice_link%</a>\n    </p>'),
(32,	14,	'faq-answer-subject',	'subject',	'[#%ticket%] Ответ на Ваш вопрос'),
(33,	14,	'faq-answer-content',	'content',	'Здравствуйте, <br /><br />\n\nОтвет на Ваш вопрос Вы можете прочитать по следующему адресу:<br />\n<a href=\"%question_link%\">%question_link%</a><br />\n\n<br /><hr />\nС уважением, <br />\nАдминистрация сайта <b>%domain%</b>'),
(34,	15,	'faq-confirm-user-subject',	'subject',	'Спасибо за Ваш вопрос'),
(35,	15,	'faq-confirm-user-content',	'content',	'Вашему вопросу присвоен тикет #%ticket% <br />\nМы ответим Вам в ближайшее время.<br />\n<br /><hr />\nС уважением, <br />\nАдминистрация сайта <b>%domain%</b>'),
(36,	16,	'faq-confirm-admin-subject',	'subject',	'Новый вопрос в FAQ'),
(37,	16,	'faq-confirm-admin-content',	'content',	'В базу знаний поступил новый вопрос:<br />\n<a href=\"%question_link%\">%question_link%</a><br />\n<hr />\n%question%\n<hr />'),
(38,	17,	'forum-new-message-subject',	'subject',	'Новое сообщение на форуме'),
(39,	17,	'forum-new-message-content',	'content',	'<h1>%h1%</h1>\n%message%'),
(40,	18,	'users-new-registration-admin-subject',	'subject',	'Зарегистрировался новый пользователь'),
(41,	18,	'users-new-registration-admin-content',	'content',	'<p>Зарегистрировался новый пользователь \"%login%\".</p>'),
(42,	19,	'users-restore-password-subject',	'subject',	'Восстановление пароля'),
(43,	19,	'users-restore-password-content',	'content',	'<p>\n    Здравствуйте!<br />\n    Кто-то, возможно Вы, пытается восстановить пароль для пользователя \"%login%\" на сайте <a href=\"http://%domain%\">%domain%</a>.\n  </p>\n\n\n  <p>\n    Если это не Вы, просто проигнорируйте данное письмо.\n  </p>\n\n  <p>\n    Если Вы действительно хотите восстановить пароль, кликните по этой ссылке:<br />\n    <a href=\"%restore_link%\">%restore_link%</a>\n  </p>\n\n  <p>\n    С уважением,<br />\n    <b>Администрация сайта <a href=\"http://%domain%\">%domain%</a></b>\n  </p>'),
(44,	20,	'users-registered-subject',	'subject',	'Регистрация на UMI.CMS Demo Site'),
(45,	20,	'users-registered-content',	'content',	'<p>\n    Здравствуйте, %lname% %fname% %father_name%, <br />\n    Вы зарегистрировались на сайте <a href=\"http://%domain%\">%domain%</a>.\n  </p>\n\n\n  <p>\n    Логин: %login%<br />\n    Пароль: %password%\n  </p>\n\n\n  <p>\n    <div class=\"notice\">\n      Чтобы активировать Ваш аккаунт, необходимо перейти по ссылке, либо скопировать ее в адресную строку браузера:<br />\n      <a href=\"%activate_link%\">%activate_link%</a>\n    </div>\n  </p>'),
(46,	21,	'users-registered-no-activation-subject',	'subject',	'Регистрация на сайте %domain%'),
(47,	21,	'users-registered-no-activation-content',	'content',	'<p>\n    Здравствуйте, %lname% %fname% %father_name%, <br />\n    Вы зарегистрировались на сайте <a href=\"http://%domain%\">%domain%</a>.\n  </p>\n  <p>\n    Логин: %login%<br />\n    Пароль: %password%\n  </p>'),
(48,	22,	'users-new-password-subject',	'subject',	'Новый пароль для сайта'),
(49,	22,	'users-new-password-content',	'content',	'<p>\n    Здравствуйте!<br />\n\n    Ваш новый пароль от сайта <a href=\"http://%domain%\">%domain%</a>.\n  </p>\n\n\n  <p>\n    Логин:  %login%<br />\n    Пароль: %password%\n  </p>\n\n  <p>\n    С уважением,<br />\n    <b>Администрация сайта <a href=\"http://%domain%\">%domain%</a></b>\n  </p>');

DROP TABLE IF EXISTS `cms3_mail_variables`;
CREATE TABLE `cms3_mail_variables` (
  `id` int(11) unsigned NOT NULL AUTO_INCREMENT,
  `template_id` int(11) unsigned NOT NULL,
  `variable` varchar(255) DEFAULT NULL,
  PRIMARY KEY (`id`),
  KEY `field_name` (`variable`),
  KEY `template_name` (`template_id`),
  CONSTRAINT `mail variable to template` FOREIGN KEY (`template_id`) REFERENCES `cms3_mail_templates` (`id`) ON DELETE CASCADE
) ENGINE=InnoDB DEFAULT CHARSET=utf8;

INSERT INTO `cms3_mail_variables` (`id`, `template_id`, `variable`) VALUES
(1,	1,	'category'),
(2,	1,	'service'),
(3,	1,	'name'),
(4,	1,	'phone'),
(5,	1,	'email'),
(6,	1,	'comment'),
(7,	1,	'date'),
(8,	1,	'time'),
(9,	1,	'specialist'),
(10,	2,	'category'),
(11,	2,	'service'),
(12,	3,	'category'),
(13,	3,	'service'),
(14,	3,	'date'),
(15,	3,	'time'),
(16,	3,	'specialist'),
(17,	4,	'category'),
(18,	4,	'service'),
(19,	5,	'category'),
(20,	5,	'service'),
(21,	5,	'date'),
(22,	5,	'time'),
(23,	5,	'specialist'),
(24,	5,	'new-status'),
(25,	6,	'category'),
(26,	6,	'service'),
(27,	8,	'parse.banners-expiration-date-item.items'),
(28,	9,	'bannerName'),
(29,	9,	'tillDate'),
(30,	9,	'link'),
(31,	10,	'name'),
(32,	10,	'link'),
(33,	11,	'name'),
(34,	11,	'link'),
(35,	12,	'name'),
(36,	12,	'link'),
(37,	13,	'name'),
(38,	13,	'link'),
(39,	15,	'page_link'),
(40,	15,	'page_header'),
(41,	15,	'publish_comments'),
(42,	17,	'page_link'),
(43,	17,	'page_header'),
(44,	17,	'publish_comments'),
(45,	18,	'header'),
(46,	19,	'header'),
(47,	19,	'parse.dispatches-release-message.messages'),
(48,	19,	'unsubscribe_link'),
(49,	20,	'header'),
(50,	20,	'id'),
(51,	20,	'body'),
(52,	22,	'unsubscribe_link'),
(53,	23,	'header'),
(54,	24,	'order_id'),
(55,	24,	'order_name'),
(56,	24,	'order_number'),
(57,	24,	'domain'),
(58,	24,	'total_amount'),
(59,	24,	'total_price'),
(60,	24,	'suffix'),
(61,	24,	'parse.emarket-status-notification-item.items'),
(62,	24,	'status'),
(63,	24,	'personal_params'),
(64,	25,	'order_id'),
(65,	25,	'order_name'),
(66,	25,	'order_number'),
(67,	25,	'domain'),
(68,	25,	'total_amount'),
(69,	25,	'total_price'),
(70,	25,	'suffix'),
(71,	25,	'parse.emarket-status-notification-item.items'),
(72,	25,	'status'),
(73,	25,	'personal_params'),
(74,	25,	'receipt_signature'),
(75,	26,	'link'),
(76,	26,	'name'),
(77,	26,	'price'),
(78,	26,	'suffix'),
(79,	26,	'amount'),
(80,	27,	'header'),
(81,	28,	'order_id'),
(82,	28,	'order_name'),
(83,	28,	'order_number'),
(84,	28,	'domain'),
(85,	28,	'total_amount'),
(86,	28,	'total_price'),
(87,	28,	'suffix'),
(88,	28,	'parse.emarket-neworder-notification-item.items'),
(89,	28,	'payment_type'),
(90,	28,	'payment_status'),
(91,	28,	'first_name'),
(92,	28,	'last_name'),
(93,	28,	'email'),
(94,	28,	'phone'),
(95,	28,	'delivery'),
(96,	28,	'address'),
(97,	29,	'link'),
(98,	29,	'name'),
(99,	29,	'price'),
(100,	29,	'suffix'),
(101,	29,	'amount'),
(102,	30,	'domain'),
(103,	30,	'invoice_link'),
(104,	31,	'domain'),
(105,	31,	'invoice_link'),
(106,	32,	'domain'),
(107,	32,	'element_id'),
(108,	32,	'author_id'),
(109,	32,	'question_link'),
(110,	32,	'ticket'),
(111,	33,	'domain'),
(112,	33,	'element_id'),
(113,	33,	'author_id'),
(114,	33,	'question_link'),
(115,	33,	'ticket'),
(116,	34,	'domain'),
(117,	34,	'question'),
(118,	34,	'ticket'),
(119,	35,	'domain'),
(120,	35,	'question'),
(121,	35,	'ticket'),
(122,	36,	'domain'),
(123,	36,	'question'),
(124,	36,	'question_link'),
(125,	37,	'domain'),
(126,	37,	'question'),
(127,	37,	'question_link'),
(128,	39,	'h1'),
(129,	39,	'message'),
(130,	39,	'unsubscribe_link'),
(131,	40,	'user_id'),
(132,	40,	'login'),
(133,	41,	'user_id'),
(134,	41,	'login'),
(135,	42,	'domain'),
(136,	42,	'restore_link'),
(137,	42,	'email'),
(138,	42,	'login'),
(139,	43,	'domain'),
(140,	43,	'restore_link'),
(141,	43,	'email'),
(142,	43,	'login'),
(143,	44,	'user_id'),
(144,	44,	'domain'),
(145,	44,	'login'),
(146,	44,	'activate_link'),
(147,	44,	'password'),
(148,	44,	'lname'),
(149,	44,	'fname'),
(150,	44,	'father_name'),
(151,	45,	'user_id'),
(152,	45,	'domain'),
(153,	45,	'login'),
(154,	45,	'activate_link'),
(155,	45,	'password'),
(156,	45,	'lname'),
(157,	45,	'fname'),
(158,	45,	'father_name'),
(159,	46,	'user_id'),
(160,	46,	'domain'),
(161,	46,	'login'),
(162,	46,	'activate_link'),
(163,	46,	'password'),
(164,	46,	'lname'),
(165,	46,	'fname'),
(166,	46,	'father_name'),
(167,	47,	'user_id'),
(168,	47,	'domain'),
(169,	47,	'login'),
(170,	47,	'activate_link'),
(171,	47,	'password'),
(172,	47,	'lname'),
(173,	47,	'fname'),
(174,	47,	'father_name'),
(175,	48,	'domain'),
(176,	48,	'login'),
(177,	48,	'password'),
(178,	49,	'domain'),
(179,	49,	'login'),
(180,	49,	'password');

DROP TABLE IF EXISTS `cms3_messages`;
CREATE TABLE `cms3_messages` (
  `id` int(10) unsigned NOT NULL AUTO_INCREMENT,
  `title` varchar(255) NOT NULL,
  `content` mediumtext NOT NULL,
  `sender_id` int(10) unsigned DEFAULT NULL,
  `create_time` int(11) NOT NULL,
  `type` enum('private','sys-event','sys-log') NOT NULL,
  `priority` int(11) DEFAULT 0,
  `is_sended` int(11) DEFAULT 0,
  PRIMARY KEY (`id`),
  KEY `title` (`title`),
  KEY `create_time` (`create_time`),
  KEY `priority` (`priority`),
  KEY `type` (`type`),
  KEY `is_sended` (`is_sended`),
  KEY `FK_Messages to user relation` (`sender_id`),
  CONSTRAINT `FK_Messages to user relation` FOREIGN KEY (`sender_id`) REFERENCES `cms3_objects` (`id`) ON DELETE CASCADE ON UPDATE CASCADE
) ENGINE=InnoDB DEFAULT CHARSET=utf8;


DROP TABLE IF EXISTS `cms3_messages_inbox`;
CREATE TABLE `cms3_messages_inbox` (
  `message_id` int(10) unsigned DEFAULT NULL,
  `recipient_id` int(10) unsigned DEFAULT NULL,
  `is_opened` int(11) DEFAULT 0,
  KEY `message_id` (`message_id`),
  KEY `recipient_id` (`recipient_id`),
  KEY `is_opened` (`is_opened`),
  KEY `FK_MessagesInbox to Messages` (`message_id`),
  KEY `FK_MessagesInbox to User` (`recipient_id`),
  CONSTRAINT `FK_MessagesInbox to Messages` FOREIGN KEY (`message_id`) REFERENCES `cms3_messages` (`id`) ON DELETE CASCADE ON UPDATE CASCADE,
  CONSTRAINT `FK_MessagesInbox to User` FOREIGN KEY (`recipient_id`) REFERENCES `cms3_objects` (`id`) ON DELETE CASCADE ON UPDATE CASCADE
) ENGINE=InnoDB DEFAULT CHARSET=utf8;


DROP TABLE IF EXISTS `cms3_objects`;
CREATE TABLE `cms3_objects` (
  `id` int(10) unsigned NOT NULL AUTO_INCREMENT,
  `guid` varchar(64) DEFAULT NULL,
  `name` varchar(255) DEFAULT NULL,
  `is_locked` tinyint(1) DEFAULT NULL,
  `type_id` int(10) unsigned DEFAULT NULL,
  `owner_id` int(10) unsigned DEFAULT NULL,
  `ord` int(10) unsigned DEFAULT 0,
  `updatetime` int(11) unsigned DEFAULT NULL,
  PRIMARY KEY (`id`),
  KEY `Object to type relation_FK` (`type_id`),
  KEY `name` (`name`),
  KEY `owner_id` (`owner_id`),
  KEY `is_locked` (`is_locked`),
  KEY `ord` (`ord`),
  KEY `guid` (`guid`),
  KEY `updatetime` (`updatetime`),
  CONSTRAINT `FK_Object to type relation` FOREIGN KEY (`type_id`) REFERENCES `cms3_object_types` (`id`)
) ENGINE=InnoDB DEFAULT CHARSET=utf8;

INSERT INTO `cms3_objects` (`id`, `guid`, `name`, `is_locked`, `type_id`, `owner_id`, `ord`, `updatetime`) VALUES
(1,	'social_networks-network-27915',	'Вконтакте',	1,	38,	182,	1,	1566306048),
(2,	'84a36e2847c33ac03a7223b57b0c864b80ab26c8',	'i18n::object-rss',	0,	5,	0,	1,	1566306047),
(3,	'a35ff773f425e44df36c1cc68a415d92318b19ac',	'i18n::object-atom',	0,	5,	0,	2,	1566306047),
(4,	'e99ecbbec4c871f3fb63c3cc85796e177d017614',	'i18n::object-male',	0,	4,	0,	1,	1566306047),
(5,	'7b04a4565f37a07f1c2ee54be8286017de6c56df',	'i18n::object-female',	0,	4,	0,	2,	1566306047),
(6,	'swf-banner-quality-low',	'i18n::object-low',	0,	9,	182,	1,	1566306048),
(7,	'swf-banner-quality-medium',	'i18n::object-medium',	0,	9,	182,	2,	1566306048),
(8,	'swf-banner-quality-high',	'i18n::object-height',	0,	9,	182,	3,	1566306048),
(9,	'a1e3ae17e80ba2b4a3ddb1b855430346f74b8d48',	'i18n::object-usa',	1,	10,	182,	1,	1566306047),
(10,	'e9aa8c23a339224b25945aa9e99f09f578bdd483',	'i18n::object-russia',	1,	10,	182,	2,	1566306046),
(11,	'sytem-citylist-26905',	'Москва',	0,	11,	182,	1,	1566306047),
(12,	'sytem-citylist-26906',	'Санкт-Петербург',	0,	11,	182,	2,	1566306047),
(13,	'sytem-citylist-26907',	'Новосибирск',	0,	11,	182,	3,	1566306047),
(14,	'sytem-citylist-26908',	'Екатеринбург',	0,	11,	182,	4,	1566306047),
(15,	'sytem-citylist-26909',	'Нижний Новгород',	0,	11,	182,	5,	1566306047),
(16,	'sytem-citylist-26910',	'Самара',	0,	11,	182,	6,	1566306047),
(17,	'sytem-citylist-26911',	'Омск',	0,	11,	182,	7,	1566306047),
(18,	'sytem-citylist-26912',	'Казань',	0,	11,	182,	8,	1566306047),
(19,	'sytem-citylist-26913',	'Челябинск',	0,	11,	182,	9,	1566306047),
(20,	'sytem-citylist-26914',	'Ростов-на-Дону',	0,	11,	182,	10,	1566306047),
(21,	'sytem-citylist-26915',	'Уфа',	0,	11,	182,	11,	1566306047),
(22,	'sytem-citylist-26916',	'Пермь',	0,	11,	182,	12,	1566306047),
(23,	'sytem-citylist-26917',	'Волгоград',	0,	11,	182,	13,	1566306047),
(24,	'sytem-citylist-26918',	'Красноярск',	0,	11,	182,	14,	1566306047),
(25,	'sytem-citylist-26919',	'Саратов',	0,	11,	182,	15,	1566306047),
(26,	'sytem-citylist-26920',	'Воронеж',	0,	11,	182,	16,	1566306047),
(27,	'sytem-citylist-26921',	'Краснодар',	0,	11,	182,	17,	1566306047),
(28,	'sytem-citylist-26922',	'Тольятти',	0,	11,	182,	18,	1566306047),
(29,	'sytem-citylist-26923',	'Ижевск',	0,	11,	182,	19,	1566306047),
(30,	'sytem-citylist-26924',	'Ульяновск',	0,	11,	182,	20,	1566306047),
(31,	'sytem-citylist-26925',	'Ярославль',	0,	11,	182,	21,	1566306047),
(32,	'sytem-citylist-26926',	'Барнаул',	0,	11,	182,	22,	1566306047),
(33,	'sytem-citylist-26927',	'Владивосток',	0,	11,	182,	23,	1566306047),
(34,	'sytem-citylist-26928',	'Хабаровск',	0,	11,	182,	24,	1566306047),
(35,	'sytem-citylist-26929',	'Иркутск',	0,	11,	182,	25,	1566306047),
(36,	'sytem-citylist-26930',	'Новокузнецк',	0,	11,	182,	26,	1566306047),
(37,	'sytem-citylist-26931',	'Тюмень',	0,	11,	182,	27,	1566306047),
(38,	'sytem-citylist-26932',	'Оренбург',	0,	11,	182,	28,	1566306047),
(39,	'sytem-citylist-26933',	'Кемерово',	0,	11,	182,	29,	1566306047),
(40,	'sytem-citylist-26934',	'Рязань',	0,	11,	182,	30,	1566306047),
(41,	'sytem-citylist-26935',	'Пенза',	0,	11,	182,	31,	1566306047),
(42,	'sytem-citylist-26936',	'Набережные Челны',	0,	11,	182,	32,	1566306047),
(43,	'sytem-citylist-26937',	'Тула',	0,	11,	182,	33,	1566306047),
(44,	'sytem-citylist-26938',	'Липецк',	0,	11,	182,	34,	1566306047),
(45,	'sytem-citylist-26939',	'Астрахань',	0,	11,	182,	35,	1566306047),
(46,	'sytem-citylist-26940',	'Томск',	0,	11,	182,	36,	1566306047),
(47,	'sytem-citylist-26941',	'Махачкала',	0,	11,	182,	37,	1566306047),
(48,	'sytem-citylist-26942',	'Киров',	0,	11,	182,	38,	1566306047),
(49,	'sytem-citylist-26943',	'Чебоксары',	0,	11,	182,	39,	1566306047),
(50,	'sytem-citylist-26944',	'Калининград',	0,	11,	182,	40,	1566306047),
(51,	'sytem-citylist-26945',	'Брянск',	0,	11,	182,	41,	1566306047),
(52,	'sytem-citylist-26946',	'Магнитогорск',	0,	11,	182,	42,	1566306047),
(53,	'sytem-citylist-26947',	'Иваново',	0,	11,	182,	43,	1566306047),
(54,	'sytem-citylist-26948',	'Курск',	0,	11,	182,	44,	1566306047),
(55,	'sytem-citylist-26949',	'Тверь',	0,	11,	182,	45,	1566306047),
(56,	'sytem-citylist-26950',	'Нижний Тагил',	0,	11,	182,	46,	1566306047),
(57,	'sytem-citylist-26951',	'Ставрополь',	0,	11,	182,	47,	1566306047),
(58,	'sytem-citylist-26952',	'Архангельск',	0,	11,	182,	48,	1566306047),
(59,	'sytem-citylist-26953',	'Белгород',	0,	11,	182,	49,	1566306047),
(60,	'sytem-citylist-26954',	'Улан-Удэ',	0,	11,	182,	50,	1566306047),
(61,	'sytem-citylist-26955',	'Владимир',	0,	11,	182,	51,	1566306047),
(62,	'sytem-citylist-26956',	'Сочи',	0,	11,	182,	52,	1566306047),
(63,	'sytem-citylist-26957',	'Калуга',	0,	11,	182,	53,	1566306047),
(64,	'sytem-citylist-26958',	'Курган',	0,	11,	182,	54,	1566306047),
(65,	'sytem-citylist-26959',	'Орёл',	0,	11,	182,	55,	1566306047),
(66,	'sytem-citylist-26960',	'Смоленск',	0,	11,	182,	56,	1566306047),
(67,	'sytem-citylist-26961',	'Мурманск',	0,	11,	182,	57,	1566306047),
(68,	'sytem-citylist-26962',	'Владикавказ',	0,	11,	182,	58,	1566306047),
(69,	'sytem-citylist-26963',	'Череповец',	0,	11,	182,	59,	1566306047),
(70,	'sytem-citylist-26964',	'Волжский',	0,	11,	182,	60,	1566306047),
(71,	'sytem-citylist-26965',	'Чита',	0,	11,	182,	61,	1566306047),
(72,	'sytem-citylist-26966',	'Саранск',	0,	11,	182,	62,	1566306047),
(73,	'sytem-citylist-26967',	'Сургут',	0,	11,	182,	63,	1566306047),
(74,	'sytem-citylist-26968',	'Вологда',	0,	11,	182,	64,	1566306047),
(75,	'sytem-citylist-26969',	'Тамбов',	0,	11,	182,	65,	1566306047),
(76,	'sytem-citylist-26970',	'Кострома',	0,	11,	182,	66,	1566306047),
(77,	'sytem-citylist-26971',	'Комсомольск-на-Амуре',	0,	11,	182,	67,	1566306047),
(78,	'sytem-citylist-26972',	'Нальчик',	0,	11,	182,	68,	1566306047),
(79,	'sytem-citylist-26973',	'Петрозаводск',	0,	11,	182,	69,	1566306047),
(80,	'sytem-citylist-26974',	'Стерлитамак',	0,	11,	182,	70,	1566306047),
(81,	'sytem-citylist-26975',	'Таганрог',	0,	11,	182,	71,	1566306047),
(82,	'sytem-citylist-26976',	'Братск',	0,	11,	182,	72,	1566306047),
(83,	'sytem-citylist-26977',	'Дзержинск',	0,	11,	182,	73,	1566306047),
(84,	'sytem-citylist-26978',	'Йошкар-Ола',	0,	11,	182,	74,	1566306047),
(85,	'sytem-citylist-26979',	'Орск',	0,	11,	182,	75,	1566306047),
(86,	'sytem-citylist-26980',	'Шахты',	0,	11,	182,	76,	1566306047),
(87,	'sytem-citylist-26981',	'Якутск',	0,	11,	182,	77,	1566306047),
(88,	'sytem-citylist-26982',	'Ангарск',	0,	11,	182,	78,	1566306047),
(89,	'sytem-citylist-26983',	'Нижневартовск',	0,	11,	182,	79,	1566306047),
(90,	'sytem-citylist-26984',	'Сыктывкар',	0,	11,	182,	80,	1566306047),
(91,	'sytem-citylist-26985',	'Новороссийск',	0,	11,	182,	81,	1566306047),
(92,	'sytem-citylist-26986',	'Нижнекамск',	0,	11,	182,	82,	1566306047),
(93,	'sytem-citylist-26987',	'Бийск',	0,	11,	182,	83,	1566306047),
(94,	'sytem-citylist-26988',	'Грозный',	0,	11,	182,	84,	1566306047),
(95,	'sytem-citylist-26989',	'Старый Оскол',	0,	11,	182,	85,	1566306047),
(96,	'sytem-citylist-26990',	'Великий Новгород',	0,	11,	182,	86,	1566306047),
(97,	'sytem-citylist-26991',	'Прокопьевск',	0,	11,	182,	87,	1566306047),
(98,	'sytem-citylist-26992',	'Рыбинск',	0,	11,	182,	88,	1566306047),
(99,	'sytem-citylist-26993',	'Норильск',	0,	11,	182,	89,	1566306047),
(100,	'sytem-citylist-26994',	'Благовещенск',	0,	11,	182,	90,	1566306047),
(101,	'sytem-citylist-26995',	'Энгельс',	0,	11,	182,	91,	1566306047),
(102,	'sytem-citylist-26996',	'Балаково',	0,	11,	182,	92,	1566306047),
(103,	'sytem-citylist-26997',	'Петропавловск-Камчатский',	0,	11,	182,	93,	1566306047),
(104,	'sytem-citylist-26998',	'Псков',	0,	11,	182,	94,	1566306047),
(105,	'sytem-citylist-26999',	'Северодвинск',	0,	11,	182,	95,	1566306047),
(106,	'sytem-citylist-27000',	'Армавир',	0,	11,	182,	96,	1566306047),
(107,	'sytem-citylist-27001',	'Златоуст',	0,	11,	182,	97,	1566306047),
(108,	'sytem-citylist-27002',	'Балашиха',	0,	11,	182,	98,	1566306047),
(109,	'sytem-citylist-27003',	'Каменск-Уральский',	0,	11,	182,	99,	1566306047),
(110,	'sytem-citylist-27004',	'Химки',	0,	11,	182,	100,	1566306047),
(111,	'sytem-citylist-27005',	'Сызрань',	0,	11,	182,	101,	1566306047),
(112,	'sytem-citylist-27006',	'Подольск',	0,	11,	182,	102,	1566306047),
(113,	'sytem-citylist-27007',	'Новочеркасск',	0,	11,	182,	103,	1566306047),
(114,	'sytem-citylist-27008',	'Королёв',	0,	11,	182,	104,	1566306047),
(115,	'sytem-citylist-27009',	'Южно-Сахалинск',	0,	11,	182,	105,	1566306047),
(116,	'sytem-citylist-27010',	'Волгодонск',	0,	11,	182,	106,	1566306047),
(117,	'sytem-citylist-27011',	'Находка',	0,	11,	182,	107,	1566306047),
(118,	'sytem-citylist-27012',	'Березники',	0,	11,	182,	108,	1566306047),
(119,	'sytem-citylist-27013',	'Абакан',	0,	11,	182,	109,	1566306047),
(120,	'sytem-citylist-27014',	'Мытищи',	0,	11,	182,	110,	1566306047),
(121,	'sytem-citylist-27015',	'Люберцы',	0,	11,	182,	111,	1566306047),
(122,	'sytem-citylist-27016',	'Рубцовск',	0,	11,	182,	112,	1566306047),
(123,	'sytem-citylist-27017',	'Майкоп',	0,	11,	182,	113,	1566306047),
(124,	'sytem-citylist-27018',	'Салават',	0,	11,	182,	114,	1566306047),
(125,	'sytem-citylist-27019',	'Уссурийск',	0,	11,	182,	115,	1566306047),
(126,	'sytem-citylist-27020',	'Миасс',	0,	11,	182,	116,	1566306047),
(127,	'sytem-citylist-27021',	'Ковров',	0,	11,	182,	117,	1566306047),
(128,	'sytem-citylist-27022',	'Коломна',	0,	11,	182,	118,	1566306047),
(129,	'sytem-citylist-27023',	'Электросталь',	0,	11,	182,	119,	1566306047),
(130,	'sytem-citylist-27024',	'Альметьевск',	0,	11,	182,	120,	1566306047),
(131,	'sytem-citylist-27025',	'Пятигорск',	0,	11,	182,	121,	1566306047),
(132,	'sytem-citylist-27026',	'Копейск',	0,	11,	182,	122,	1566306047),
(133,	'sytem-citylist-27027',	'Первоуральск',	0,	11,	182,	123,	1566306047),
(134,	'sytem-citylist-27028',	'Назрань',	0,	11,	182,	124,	1566306047),
(135,	'sytem-citylist-27029',	'Одинцово',	0,	11,	182,	125,	1566306047),
(136,	'sytem-citylist-27030',	'Невинномысск',	0,	11,	182,	126,	1566306047),
(137,	'sytem-citylist-27031',	'Кисловодск',	0,	11,	182,	127,	1566306047),
(138,	'sytem-citylist-27032',	'Димитровград',	0,	11,	182,	128,	1566306047),
(139,	'sytem-citylist-27033',	'Хасавюрт',	0,	11,	182,	129,	1566306047),
(140,	'sytem-citylist-27034',	'Новочебоксарск',	0,	11,	182,	130,	1566306047),
(141,	'sytem-citylist-27035',	'Новомосковск',	0,	11,	182,	131,	1566306047),
(142,	'sytem-citylist-27036',	'Серпухов',	0,	11,	182,	132,	1566306047),
(143,	'sytem-citylist-27037',	'Орехово-Зуево',	0,	11,	182,	133,	1566306047),
(144,	'sytem-citylist-27038',	'Муром',	0,	11,	182,	134,	1566306047),
(145,	'sytem-citylist-27039',	'Камышин',	0,	11,	182,	135,	1566306047),
(146,	'sytem-citylist-27040',	'Железнодорожный',	0,	11,	182,	136,	1566306047),
(147,	'sytem-citylist-27041',	'Нефтекамск',	0,	11,	182,	137,	1566306047),
(148,	'sytem-citylist-27042',	'Новый Уренгой',	0,	11,	182,	138,	1566306047),
(149,	'sytem-citylist-27043',	'Черкесск',	0,	11,	182,	139,	1566306047),
(150,	'sytem-citylist-27044',	'Ногинск',	0,	11,	182,	140,	1566306047),
(151,	'sytem-citylist-27045',	'Новошахтинск',	0,	11,	182,	141,	1566306047),
(152,	'sytem-citylist-27046',	'Нефтеюганск',	0,	11,	182,	142,	1566306047),
(153,	'sytem-citylist-27047',	'Щёлково',	0,	11,	182,	143,	1566306047),
(154,	'sytem-citylist-27048',	'Елец',	0,	11,	182,	144,	1566306047),
(155,	'sytem-citylist-27049',	'Ачинск',	0,	11,	182,	145,	1566306047),
(156,	'sytem-citylist-27050',	'Новокуйбышевск',	0,	11,	182,	146,	1566306047),
(157,	'sytem-citylist-27051',	'Сергиев Посад',	0,	11,	182,	147,	1566306047),
(158,	'sytem-citylist-27052',	'Ноябрьск',	0,	11,	182,	148,	1566306047),
(159,	'sytem-citylist-27053',	'Кызыл',	0,	11,	182,	149,	1566306047),
(160,	'sytem-citylist-27054',	'Дербент',	0,	11,	182,	150,	1566306047),
(161,	'sytem-citylist-27055',	'Октябрьский',	0,	11,	182,	151,	1566306047),
(162,	'sytem-citylist-27056',	'Северск',	0,	11,	182,	152,	1566306047),
(163,	'sytem-citylist-27057',	'Ленинск-Кузнецкий',	0,	11,	182,	153,	1566306047),
(164,	'sytem-citylist-27058',	'Арзамас',	0,	11,	182,	154,	1566306047),
(165,	'sytem-citylist-27059',	'Обнинск',	0,	11,	182,	155,	1566306047),
(166,	'sytem-citylist-27060',	'Ухта',	0,	11,	182,	156,	1566306047),
(167,	'sytem-citylist-27061',	'Междуреченск',	0,	11,	182,	157,	1566306047),
(168,	'sytem-citylist-27062',	'Киселёвск',	0,	11,	182,	158,	1566306047),
(169,	'sytem-citylist-27063',	'Новотроицк',	0,	11,	182,	159,	1566306047),
(170,	'sytem-citylist-27064',	'Батайск',	0,	11,	182,	160,	1566306047),
(171,	'sytem-citylist-27065',	'Элиста',	0,	11,	182,	161,	1566306047),
(172,	'sytem-citylist-27066',	'Артём',	0,	11,	182,	162,	1566306047),
(173,	'sytem-citylist-27067',	'Жуковский',	0,	11,	182,	163,	1566306047),
(174,	'sytem-citylist-27068',	'Великие Луки',	0,	11,	182,	164,	1566306047),
(175,	'sytem-citylist-27069',	'Канск',	0,	11,	182,	165,	1566306047),
(176,	'sytem-citylist-27070',	'Магадан',	0,	11,	182,	166,	1566306047),
(177,	'sytem-citylist-27071',	'Тобольск',	0,	11,	182,	167,	1566306047),
(178,	'sytem-citylist-27072',	'Глазов',	0,	11,	182,	168,	1566306047),
(179,	'emarket-discounttype-27131',	'i18n::object-catalog_item_discount',	0,	30,	182,	1,	1566306047),
(180,	'emarket-discounttype-27132',	'i18n::object-order_discount',	0,	30,	182,	2,	1566306047),
(181,	'users-users-15',	'i18n::object-supervajzery',	1,	39,	0,	1,	1566306046),
(182,	'system-supervisor',	'sv',	1,	54,	0,	1,	1566306057),
(183,	'emarket-discounttype-bonus',	'i18n::object-bonus-discount',	0,	30,	182,	3,	1566306047),
(184,	'emarket-discountmodificatortype-27136',	'i18n::object-summ_percent',	0,	31,	182,	1,	1566306047),
(185,	'emarket-store-27147',	'i18n::object-main_store',	0,	55,	182,	1,	1566306048),
(186,	'emarket-discountruletype-27150',	'i18n::object-specify_items',	0,	33,	182,	1,	1566306047),
(187,	'emarket-itemtype-27180',	'i18n::object-digital',	1,	41,	182,	1,	1566306048),
(188,	'emarket-itemtype-27181',	'i18n::object-complex',	1,	41,	182,	2,	1566306048),
(189,	'emarket-deliverytype-27230',	'i18n::object-pickup',	0,	50,	182,	1,	1566306046),
(190,	'emarket-deliverytype-27233',	'i18n::object-courier_delivery',	0,	50,	182,	2,	1566306048),
(191,	'emarket-paymenttype-27236',	'i18n::object-sales_draft',	1,	46,	182,	1,	1566306046),
(192,	'emarket-orderstatus-27258',	'i18n::object-otmenen',	1,	45,	182,	1,	1566306048),
(193,	'emarket-orderstatus-27259',	'i18n::object-otklonen',	1,	45,	182,	2,	1566306048),
(194,	'emarket-orderstatus-27260',	'i18n::object-oplachivaetsya',	1,	45,	182,	3,	1566306048),
(195,	'emarket-orderstatus-27261',	'i18n::object-dostavlyaetsya',	1,	45,	182,	4,	1566306048),
(196,	'emarket-orderstatus-27262',	'i18n::object-ozhidaet_proverki',	1,	45,	182,	5,	1566306046),
(197,	'emarket-orderstatus-27263',	'i18n::object-prinyat',	1,	45,	182,	6,	1566306048),
(198,	'emarket-orderstatus-27264',	'i18n::object-gotov',	1,	45,	182,	7,	1566306048),
(199,	'emarket-orderdeliverystatus-27377',	'i18n::object-ojidaet_otgruzki',	1,	52,	182,	1,	1566306048),
(200,	'emarket-orderdeliverystatus-27378',	'i18n::object-dostavlyaetsya',	1,	52,	182,	2,	1566306048),
(201,	'emarket-orderdeliverystatus-27379',	'i18n::object-dostavlen',	1,	52,	182,	3,	1566306048),
(202,	'emarket-orderpaymentstatus-27380',	'i18n::object-inicialisirovana',	1,	48,	182,	1,	1566306048),
(203,	'emarket-orderpaymentstatus-27381',	'i18n::object-podtverjdena',	1,	48,	182,	2,	1566306048),
(204,	'emarket-orderpaymentstatus-27382',	'i18n::object-otklonena',	1,	48,	182,	3,	1566306048),
(205,	'emarket-orderpaymentstatus-27383',	'i18n::object-prinyata',	1,	48,	182,	4,	1566306048),
(206,	'emarket-discountruletype-27393',	'i18n::object-time_interval_discount',	0,	33,	182,	2,	1566306048),
(207,	'emarket-discountruletype-27394',	'i18n::object-order_summ_discount',	0,	33,	182,	3,	1566306048),
(208,	'emarket-discountruletype-27395',	'i18n::object-user_summ_discount',	0,	33,	182,	4,	1566306048),
(209,	'emarket-discountruletype-27396',	'i18n::object-user_group_discount',	0,	33,	182,	5,	1566306048),
(210,	'emarket-discountruletype-27397',	'i18n::object-users_discount',	0,	33,	182,	6,	1566306048),
(211,	'emarket-discountruletype-27398',	'i18n::object-related_items_discount',	0,	33,	182,	7,	1566306048),
(212,	'emarket-discountmodificatortype-27456',	'i18n::object-fixed_modifier',	0,	31,	182,	2,	1566306048),
(213,	'emarket-paymenttype-27457',	'i18n::object-payonline_system',	1,	46,	182,	2,	1566306048),
(214,	'emarket-paymenttype-27458',	'i18n::object-to_courier',	1,	46,	182,	3,	1566306048),
(215,	'399872db6f3d1341ef99b406aa2a9e515292b0c9',	'Наземный',	0,	15,	182,	1,	1566306048),
(216,	'417baf8cefb99325510d31e974835254c980828b',	'Авиа',	0,	15,	182,	2,	1566306048),
(217,	'76377e05d0ffd4b0f6f0e72a45645f4be10f1c66',	'Комбинированный',	0,	15,	182,	3,	1566306048),
(218,	'df383879afa5ac2e221b8fa0b0f2a6467da2886f',	'Ускоренный',	0,	15,	182,	4,	1566306048),
(219,	'emarket-deliverytype-27481',	'i18n::object-russian_post',	0,	50,	182,	3,	1566306048),
(220,	'emarket-paymenttype-27486',	'i18n::object-robokassa',	1,	46,	182,	4,	1566306048),
(221,	'emarket-paymenttype-27487',	'i18n::object-rbk_money',	1,	46,	182,	5,	1566306048),
(222,	'6bc46e77b86f1420917bee7a0e2154b34cdaad61',	'00:00',	0,	16,	182,	1,	1566306048),
(223,	'1648322caec238f02862b0449a33b58245a9d6ce',	'01:00',	0,	16,	182,	2,	1566306048),
(224,	'da2e75029f33e530c848c3aa89690ec07dd414b2',	'02:00',	0,	16,	182,	3,	1566306048),
(225,	'8794b39a7bd4fe275575b6b864cf1fcca4d6d93b',	'03:00',	0,	16,	182,	4,	1566306048),
(226,	'2054dced2668a57484cb2aa2498def91c22320ae',	'04:00',	0,	16,	182,	5,	1566306048),
(227,	'14aa300dbddcacb6c76a4b5a364a034b6128693a',	'05:00',	0,	16,	182,	6,	1566306048),
(228,	'5dc9eb3a83efd4d3302570742365c0186386947d',	'06:00',	0,	16,	182,	7,	1566306048),
(229,	'8e0da95ba94e4757f3cc0f24bb0955069eb0f771',	'07:00',	0,	16,	182,	8,	1566306048),
(230,	'23b3d29bb04eec144896f7f983b2f66611fe1435',	'08:00',	0,	16,	182,	9,	1566306048),
(231,	'fd1f432dc313a02bcbcc9f405d8e9d121b01ba8d',	'09:00',	0,	16,	182,	10,	1566306048),
(232,	'fffaba271c93a300f405a329f303686a9450bf5b',	'10:00',	0,	16,	182,	11,	1566306048),
(233,	'a86f018536b8cb5896cdb631c8da8f10f0253fd9',	'11:00',	0,	16,	182,	12,	1566306048),
(234,	'8d0a7e8844fd4b2eea8da19a39b81b048ce713d0',	'12:00',	0,	16,	182,	13,	1566306048),
(235,	'22df1963ca47cc9ae5f0228f56ceeff467a2a280',	'13:00',	0,	16,	182,	14,	1566306048),
(236,	'a03164eed7751779efd5d55464af6ae13fc4696e',	'14:00',	0,	16,	182,	15,	1566306048),
(237,	'de1581726146cac70c29f0db6043eaa552da041f',	'15:00',	0,	16,	182,	16,	1566306048),
(238,	'76ef341932f74678306044a0fa3e0105f5564492',	'16:00',	0,	16,	182,	17,	1566306048),
(239,	'0db9ccf6183c19890acb33bc83c6167c7e941a5b',	'17:00',	0,	16,	182,	18,	1566306048),
(240,	'e7951bd7de49615dc83491a195b47b61e82263bf',	'18:00',	0,	16,	182,	19,	1566306048),
(241,	'70df85f9ac44cb7c7598b6ef28a50ddaa21d3937',	'19:00',	0,	16,	182,	20,	1566306048),
(242,	'c60043f184d65a3101c6df21a087bbf99875a60b',	'20:00',	0,	16,	182,	21,	1566306048),
(243,	'0837bbc4bf13fa667b3397def81d3a95a22f0739',	'21:00',	0,	16,	182,	22,	1566306048),
(244,	'4f4c3308c188af2a2e08d59aecfaa2690fcf9981',	'22:00',	0,	16,	182,	23,	1566306048),
(245,	'873f75be11e53b76dea6a438a97d3167d0aeb95c',	'23:00',	0,	16,	182,	24,	1566306048),
(246,	'0a6697c2e0b67a404a645c2dd03f846e55afd981',	'i18n::object-monday',	0,	17,	182,	1,	1566306048),
(247,	'4ba74364fd714bc12a8e8943cc6a36a26eaa36df',	'i18n::object-tuesday',	0,	17,	182,	2,	1566306048),
(248,	'95b836e6799c016df64fdbab8d40d1c2b60173b3',	'i18n::object-wednesday',	0,	17,	182,	3,	1566306048),
(249,	'a9bbb4de15c70fc416f13be9760ef33c3b2c6d67',	'i18n::object-thursday',	0,	17,	182,	4,	1566306048),
(250,	'14a13a85a4e99c4f6c2fa9f42c4ff765e14415c3',	'i18n::object-friday',	0,	17,	182,	5,	1566306048),
(251,	'bd7e2b0388c70b3ae4f64fe0bf5533f16e814704',	'i18n::object-saturday',	0,	17,	182,	6,	1566306048),
(252,	'31586aa19a50a89a33e4d37a5d200671252fbd60',	'Воскресение',	0,	17,	182,	7,	1566306048),
(253,	'emarket-paymenttype-27519',	'i18n::object-legal_bodies_account',	1,	46,	182,	6,	1566306048),
(254,	'social_categories-27889',	'i18n::object-social_categories_other',	1,	19,	182,	1,	1566306048),
(255,	'social_categories-27890',	'i18n::object-social_categories_electronics',	1,	19,	182,	2,	1566306048),
(256,	'social_categories-27891',	'i18n::object-social_categories_mobile_phones',	1,	19,	182,	3,	1566306048),
(257,	'social_categories-27892',	'i18n::object-social_categories_cameras',	1,	19,	182,	4,	1566306048),
(258,	'social_categories-27893',	'i18n::object-social_categories_computers',	1,	19,	182,	5,	1566306048),
(259,	'social_categories-27894',	'i18n::object-social_categories_books',	1,	19,	182,	6,	1566306048),
(260,	'social_categories-27895',	'i18n::object-social_categories_furniture',	1,	19,	182,	7,	1566306048),
(261,	'social_categories-27896',	'i18n::object-social_categories_clothes_shoes',	1,	19,	182,	8,	1566306048),
(262,	'social_categories-27897',	'i18n::object-social_categories_sports_equipment',	1,	19,	182,	9,	1566306048),
(263,	'social_categories-27898',	'i18n::object-social_categories_instruments',	1,	19,	182,	10,	1566306048),
(264,	'social_categories-27899',	'i18n::object-social_categories_flowers',	1,	19,	182,	11,	1566306048),
(265,	'social_categories-27900',	'i18n::object-social_categories_cosmetics',	1,	19,	182,	12,	1566306048),
(266,	'social_categories-27901',	'i18n::object-social_categories_souvenirs_toys',	1,	19,	182,	13,	1566306048),
(267,	'social_categories-27902',	'i18n::object-social_categories_food',	1,	19,	182,	14,	1566306048),
(268,	'social_categories-27903',	'i18n::object-social_categories_audio',	1,	19,	182,	15,	1566306048),
(269,	'social_categories-27904',	'i18n::object-social_categories_video',	1,	19,	182,	16,	1566306048),
(270,	'social_categories-27905',	'i18n::object-social_categories_software_games',	1,	19,	182,	17,	1566306048),
(271,	'social_categories-27906',	'i18n::object-social_categories_office_goods',	1,	19,	182,	18,	1566306048),
(272,	'social_categories-27907',	'i18n::object-social_categories_sewing_goods',	1,	19,	182,	19,	1566306048),
(273,	'social_categories-27908',	'i18n::object-social_categories_baby_goods',	1,	19,	182,	20,	1566306048),
(274,	'social_categories-27909',	'i18n::object-social_categories_optics_goods',	1,	19,	182,	21,	1566306048),
(275,	'social_categories-27910',	'i18n::object-social_categories_perfumery',	1,	19,	182,	22,	1566306048),
(276,	'social_categories-27911',	'i18n::object-social_categories_bags_accessories',	1,	19,	182,	23,	1566306048),
(277,	'social_categories-27912',	'i18n::object-social_categories_household_goods',	1,	19,	182,	24,	1566306048),
(278,	'social_categories-27913',	'--',	1,	19,	182,	25,	1566306048),
(279,	'emarket-paymenttype-payanyway',	'i18n::object-payanyway',	1,	46,	182,	7,	1566306048),
(280,	'emarket-paymenttype-dengionline',	'i18n::object-money_online',	1,	46,	182,	8,	1566306048),
(281,	'emarket-orderstatus-editing',	'i18n::object-orderstatus-editing',	1,	45,	182,	8,	1566306048),
(282,	'emarket-signing-type-bank',	'i18n::object-signingtype-bank',	0,	20,	0,	1,	1566305992),
(283,	'emarket-signing-type-partner',	'i18n::object-signingtype-partner',	0,	20,	0,	2,	1566305992),
(284,	'emarket-paymenttype-kvk',	'i18n::object-paymenttype-kvk',	1,	46,	0,	9,	1566305992),
(285,	'emarket-order-credit-status-27932',	'i18n::object-credit-status-new',	0,	22,	0,	1,	1566305992),
(286,	'emarket-order-credit-status-27933',	'i18n::object-credit-status-hol',	0,	22,	0,	2,	1566305992),
(287,	'emarket-order-credit-status-27934',	'i18n::object-credit-status-ver',	0,	22,	0,	3,	1566305992),
(288,	'emarket-order-credit-status-27935',	'i18n::object-credit-status-rej',	0,	22,	0,	4,	1566305992),
(289,	'emarket-order-credit-status-27936',	'i18n::object-credit-status-can',	0,	22,	0,	5,	1566305992),
(290,	'emarket-order-credit-status-27937',	'i18n::object-credit-status-ovr',	0,	22,	0,	6,	1566305992),
(291,	'emarket-order-credit-status-27938',	'i18n::object-credit-status-agr',	0,	22,	0,	7,	1566305992),
(292,	'emarket-order-credit-status-27939',	'i18n::object-credit-status-app',	0,	22,	0,	8,	1566305992),
(293,	'emarket-order-credit-status-27940',	'i18n::object-credit-status-prr',	0,	22,	0,	9,	1566305992),
(294,	'emarket-order-credit-status-27941',	'i18n::object-credit-status-pvr',	0,	22,	0,	10,	1566305992),
(295,	'emarket-order-credit-status-27942',	'i18n::object-credit-status-fap',	0,	22,	0,	11,	1566305992),
(296,	'emarket-mobile-platform-27944',	'i18n::object-android',	0,	23,	0,	1,	1566305992),
(297,	'emarket-mobile-platform-27945',	'i18n::object-ios',	0,	23,	0,	2,	1566305992),
(298,	'emarket-order-payment-status-default',	'i18n::object-order-payment-status-default',	1,	48,	0,	5,	1566305992),
(299,	'emarket-order-delivery-status-default',	'i18n::object-order-payment-status-default',	1,	52,	0,	4,	1566305992),
(300,	'news-rss-charset-27949',	'i18n::object-windows_1251',	0,	6,	0,	1,	1566305992),
(301,	'news-rss-charset-27950',	'i18n::object-utf_8',	0,	6,	0,	2,	1566305992),
(302,	'emarket-paymenttype-acquiropay',	'i18n::object-acquiropay',	1,	46,	0,	10,	1566305992),
(303,	'emarket-paymenttype-yandex30',	'i18n::object-paymenttype-yandex30',	1,	46,	0,	11,	1566305992),
(304,	'emarket-paymenttype-paypal',	'i18n::object-paymenttype-paypal',	1,	46,	0,	12,	1566305992),
(305,	'exchange-encoding-windows-1251',	'Windows-1251',	0,	26,	0,	1,	1566305992),
(306,	'exchange-encoding-utf-8',	'UTF-8',	0,	26,	0,	2,	1566305992),
(307,	'emarket-deliverytype-27958',	'i18n::object-type-apiship',	1,	50,	0,	4,	1566305992),
(308,	'emarket-orderdeliverystatus-27959',	'i18n::object-otmenen',	1,	52,	0,	5,	1566305992),
(309,	'emarket-orderdeliverystatus-27960',	'i18n::object-return',	1,	52,	0,	6,	1566305992),
(310,	'country-AU',	'i18n::object-country-AU',	1,	10,	0,	3,	1566305992),
(311,	'country-AT',	'i18n::object-country-AT',	1,	10,	0,	4,	1566305992),
(312,	'country-AZ',	'i18n::object-country-AZ',	1,	10,	0,	5,	1566305992),
(313,	'country-AX',	'i18n::object-country-AX',	1,	10,	0,	6,	1566305992),
(314,	'country-AL',	'i18n::object-country-AL',	1,	10,	0,	7,	1566305992),
(315,	'country-DZ',	'i18n::object-country-DZ',	1,	10,	0,	8,	1566305992),
(316,	'country-AS',	'i18n::object-country-AS',	1,	10,	0,	9,	1566305992),
(317,	'country-AI',	'i18n::object-country-AI',	1,	10,	0,	10,	1566305992),
(318,	'country-AO',	'i18n::object-country-AO',	1,	10,	0,	11,	1566305993),
(319,	'country-AD',	'i18n::object-country-AD',	1,	10,	0,	12,	1566305993),
(320,	'country-AQ',	'i18n::object-country-AQ',	1,	10,	0,	13,	1566305993),
(321,	'country-AG',	'i18n::object-country-AG',	1,	10,	0,	14,	1566305993),
(322,	'country-AR',	'i18n::object-country-AR',	1,	10,	0,	15,	1566305993),
(323,	'country-AM',	'i18n::object-country-AM',	1,	10,	0,	16,	1566305993),
(324,	'country-AW',	'i18n::object-country-AW',	1,	10,	0,	17,	1566305993),
(325,	'country-AF',	'i18n::object-country-AF',	1,	10,	0,	18,	1566305993),
(326,	'country-BS',	'i18n::object-country-BS',	1,	10,	0,	19,	1566305993),
(327,	'country-BD',	'i18n::object-country-BD',	1,	10,	0,	20,	1566305993),
(328,	'country-BB',	'i18n::object-country-BB',	1,	10,	0,	21,	1566305993),
(329,	'country-BH',	'i18n::object-country-BH',	1,	10,	0,	22,	1566305993),
(330,	'country-BY',	'i18n::object-country-BY',	1,	10,	0,	23,	1566305993),
(331,	'country-BZ',	'i18n::object-country-BZ',	1,	10,	0,	24,	1566305993),
(332,	'country-BE',	'i18n::object-country-BE',	1,	10,	0,	25,	1566305993),
(333,	'country-BJ',	'i18n::object-country-BJ',	1,	10,	0,	26,	1566305993),
(334,	'country-BM',	'i18n::object-country-BM',	1,	10,	0,	27,	1566305993),
(335,	'country-BG',	'i18n::object-country-BG',	1,	10,	0,	28,	1566305993),
(336,	'country-BO',	'i18n::object-country-BO',	1,	10,	0,	29,	1566305993),
(337,	'country-BQ',	'i18n::object-country-BQ',	1,	10,	0,	30,	1566305993),
(338,	'country-BA',	'i18n::object-country-BA',	1,	10,	0,	31,	1566305993),
(339,	'country-BW',	'i18n::object-country-BW',	1,	10,	0,	32,	1566305993),
(340,	'country-BR',	'i18n::object-country-BR',	1,	10,	0,	33,	1566305993),
(341,	'country-IO',	'i18n::object-country-IO',	1,	10,	0,	34,	1566305993),
(342,	'country-BN',	'i18n::object-country-BN',	1,	10,	0,	35,	1566305993),
(343,	'country-BF',	'i18n::object-country-BF',	1,	10,	0,	36,	1566305993),
(344,	'country-BI',	'i18n::object-country-BI',	1,	10,	0,	37,	1566305993),
(345,	'country-BT',	'i18n::object-country-BT',	1,	10,	0,	38,	1566305993),
(346,	'country-VU',	'i18n::object-country-VU',	1,	10,	0,	39,	1566305993),
(347,	'country-VA',	'i18n::object-country-VA',	1,	10,	0,	40,	1566305993),
(348,	'country-GB',	'i18n::object-country-GB',	1,	10,	0,	41,	1566305993),
(349,	'country-HU',	'i18n::object-country-HU',	1,	10,	0,	42,	1566305993),
(350,	'country-VE',	'i18n::object-country-VE',	1,	10,	0,	43,	1566305993),
(351,	'country-VG',	'i18n::object-country-VG',	1,	10,	0,	44,	1566305993),
(352,	'country-VI',	'i18n::object-country-VI',	1,	10,	0,	45,	1566305993),
(353,	'country-UM',	'i18n::object-country-UM',	1,	10,	0,	46,	1566305993),
(354,	'country-TL',	'i18n::object-country-TL',	1,	10,	0,	47,	1566305993),
(355,	'country-VN',	'i18n::object-country-VN',	1,	10,	0,	48,	1566305993),
(356,	'country-GA',	'i18n::object-country-GA',	1,	10,	0,	49,	1566305993),
(357,	'country-HT',	'i18n::object-country-HT',	1,	10,	0,	50,	1566305993),
(358,	'country-GY',	'i18n::object-country-GY',	1,	10,	0,	51,	1566305993),
(359,	'country-GM',	'i18n::object-country-GM',	1,	10,	0,	52,	1566305993),
(360,	'country-GH',	'i18n::object-country-GH',	1,	10,	0,	53,	1566305993),
(361,	'country-GP',	'i18n::object-country-GP',	1,	10,	0,	54,	1566305993),
(362,	'country-GT',	'i18n::object-country-GT',	1,	10,	0,	55,	1566305993),
(363,	'country-GN',	'i18n::object-country-GN',	1,	10,	0,	56,	1566305993),
(364,	'country-GW',	'i18n::object-country-GW',	1,	10,	0,	57,	1566305993),
(365,	'country-DE',	'i18n::object-country-DE',	1,	10,	0,	58,	1566305993),
(366,	'country-GG',	'i18n::object-country-GG',	1,	10,	0,	59,	1566305993),
(367,	'country-GI',	'i18n::object-country-GI',	1,	10,	0,	60,	1566305993),
(368,	'country-HN',	'i18n::object-country-HN',	1,	10,	0,	61,	1566305993),
(369,	'country-HK',	'i18n::object-country-HK',	1,	10,	0,	62,	1566305993),
(370,	'country-GD',	'i18n::object-country-GD',	1,	10,	0,	63,	1566305993),
(371,	'country-GL',	'i18n::object-country-GL',	1,	10,	0,	64,	1566305993),
(372,	'country-GR',	'i18n::object-country-GR',	1,	10,	0,	65,	1566305993),
(373,	'country-GE',	'i18n::object-country-GE',	1,	10,	0,	66,	1566305993),
(374,	'country-GU',	'i18n::object-country-GU',	1,	10,	0,	67,	1566305993),
(375,	'country-DK',	'i18n::object-country-DK',	1,	10,	0,	68,	1566305993),
(376,	'country-JE',	'i18n::object-country-JE',	1,	10,	0,	69,	1566305993),
(377,	'country-DJ',	'i18n::object-country-DJ',	1,	10,	0,	70,	1566305993),
(378,	'country-DG',	'i18n::object-country-DG',	1,	10,	0,	71,	1566305993),
(379,	'country-DM',	'i18n::object-country-DM',	1,	10,	0,	72,	1566305993),
(380,	'country-DO',	'i18n::object-country-DO',	1,	10,	0,	73,	1566305993),
(381,	'country-EG',	'i18n::object-country-EG',	1,	10,	0,	74,	1566305994),
(382,	'country-ZM',	'i18n::object-country-ZM',	1,	10,	0,	75,	1566305994),
(383,	'country-EH',	'i18n::object-country-EH',	1,	10,	0,	76,	1566305994),
(384,	'country-ZW',	'i18n::object-country-ZW',	1,	10,	0,	77,	1566305994),
(385,	'country-IL',	'i18n::object-country-IL',	1,	10,	0,	78,	1566305994),
(386,	'country-IN',	'i18n::object-country-IN',	1,	10,	0,	79,	1566305994),
(387,	'country-ID',	'i18n::object-country-ID',	1,	10,	0,	80,	1566305994),
(388,	'country-JO',	'i18n::object-country-JO',	1,	10,	0,	81,	1566305994),
(389,	'country-IQ',	'i18n::object-country-IQ',	1,	10,	0,	82,	1566305994),
(390,	'country-IR',	'i18n::object-country-IR',	1,	10,	0,	83,	1566305994),
(391,	'country-IE',	'i18n::object-country-IE',	1,	10,	0,	84,	1566305994),
(392,	'country-IS',	'i18n::object-country-IS',	1,	10,	0,	85,	1566305994),
(393,	'country-ES',	'i18n::object-country-ES',	1,	10,	0,	86,	1566305994),
(394,	'country-IT',	'i18n::object-country-IT',	1,	10,	0,	87,	1566305994),
(395,	'country-YE',	'i18n::object-country-YE',	1,	10,	0,	88,	1566305994),
(396,	'country-CV',	'i18n::object-country-CV',	1,	10,	0,	89,	1566305994),
(397,	'country-KZ',	'i18n::object-country-KZ',	1,	10,	0,	90,	1566305994),
(398,	'country-KY',	'i18n::object-country-KY',	1,	10,	0,	91,	1566305994),
(399,	'country-KH',	'i18n::object-country-KH',	1,	10,	0,	92,	1566305994),
(400,	'country-CM',	'i18n::object-country-CM',	1,	10,	0,	93,	1566305994),
(401,	'country-CA',	'i18n::object-country-CA',	1,	10,	0,	94,	1566305994),
(402,	'country-IC',	'i18n::object-country-IC',	1,	10,	0,	95,	1566305994),
(403,	'country-QA',	'i18n::object-country-QA',	1,	10,	0,	96,	1566305994),
(404,	'country-KE',	'i18n::object-country-KE',	1,	10,	0,	97,	1566305994),
(405,	'country-CY',	'i18n::object-country-CY',	1,	10,	0,	98,	1566305994),
(406,	'country-KG',	'i18n::object-country-KG',	1,	10,	0,	99,	1566305994),
(407,	'country-KI',	'i18n::object-country-KI',	1,	10,	0,	100,	1566305994),
(408,	'country-CN',	'i18n::object-country-CN',	1,	10,	0,	101,	1566305994),
(409,	'country-KP',	'i18n::object-country-KP',	1,	10,	0,	102,	1566305994),
(410,	'country-CC',	'i18n::object-country-CC',	1,	10,	0,	103,	1566305994),
(411,	'country-CO',	'i18n::object-country-CO',	1,	10,	0,	104,	1566305994),
(412,	'country-KM',	'i18n::object-country-KM',	1,	10,	0,	105,	1566305994),
(413,	'country-CG',	'i18n::object-country-CG',	1,	10,	0,	106,	1566305994),
(414,	'country-CD',	'i18n::object-country-CD',	1,	10,	0,	107,	1566305994),
(415,	'country-XK',	'i18n::object-country-XK',	1,	10,	0,	108,	1566305994),
(416,	'country-CR',	'i18n::object-country-CR',	1,	10,	0,	109,	1566305994),
(417,	'country-CI',	'i18n::object-country-CI',	1,	10,	0,	110,	1566305994),
(418,	'country-CU',	'i18n::object-country-CU',	1,	10,	0,	111,	1566305994),
(419,	'country-KW',	'i18n::object-country-KW',	1,	10,	0,	112,	1566305994),
(420,	'country-CW',	'i18n::object-country-CW',	1,	10,	0,	113,	1566305994),
(421,	'country-LA',	'i18n::object-country-LA',	1,	10,	0,	114,	1566305994),
(422,	'country-LV',	'i18n::object-country-LV',	1,	10,	0,	115,	1566305994),
(423,	'country-LS',	'i18n::object-country-LS',	1,	10,	0,	116,	1566305994),
(424,	'country-LR',	'i18n::object-country-LR',	1,	10,	0,	117,	1566305994),
(425,	'country-LB',	'i18n::object-country-LB',	1,	10,	0,	118,	1566305994),
(426,	'country-LY',	'i18n::object-country-LY',	1,	10,	0,	119,	1566305994),
(427,	'country-LT',	'i18n::object-country-LT',	1,	10,	0,	120,	1566305994),
(428,	'country-LI',	'i18n::object-country-LI',	1,	10,	0,	121,	1566305994),
(429,	'country-LU',	'i18n::object-country-LU',	1,	10,	0,	122,	1566305994),
(430,	'country-MU',	'i18n::object-country-MU',	1,	10,	0,	123,	1566305994),
(431,	'country-MR',	'i18n::object-country-MR',	1,	10,	0,	124,	1566305994),
(432,	'country-MG',	'i18n::object-country-MG',	1,	10,	0,	125,	1566305994),
(433,	'country-YT',	'i18n::object-country-YT',	1,	10,	0,	126,	1566305994),
(434,	'country-MO',	'i18n::object-country-MO',	1,	10,	0,	127,	1566305994),
(435,	'country-MK',	'i18n::object-country-MK',	1,	10,	0,	128,	1566305994),
(436,	'country-MW',	'i18n::object-country-MW',	1,	10,	0,	129,	1566305994),
(437,	'country-MY',	'i18n::object-country-MY',	1,	10,	0,	130,	1566305994),
(438,	'country-ML',	'i18n::object-country-ML',	1,	10,	0,	131,	1566305994),
(439,	'country-MV',	'i18n::object-country-MV',	1,	10,	0,	132,	1566305994),
(440,	'country-MT',	'i18n::object-country-MT',	1,	10,	0,	133,	1566305994),
(441,	'country-MA',	'i18n::object-country-MA',	1,	10,	0,	134,	1566305994),
(442,	'country-MQ',	'i18n::object-country-MQ',	1,	10,	0,	135,	1566305994),
(443,	'country-MH',	'i18n::object-country-MH',	1,	10,	0,	136,	1566305994),
(444,	'country-MX',	'i18n::object-country-MX',	1,	10,	0,	137,	1566305994),
(445,	'country-MZ',	'i18n::object-country-MZ',	1,	10,	0,	138,	1566305995),
(446,	'country-MD',	'i18n::object-country-MD',	1,	10,	0,	139,	1566305995),
(447,	'country-MC',	'i18n::object-country-MC',	1,	10,	0,	140,	1566305995),
(448,	'country-MN',	'i18n::object-country-MN',	1,	10,	0,	141,	1566305995),
(449,	'country-MS',	'i18n::object-country-MS',	1,	10,	0,	142,	1566305995),
(450,	'country-MM',	'i18n::object-country-MM',	1,	10,	0,	143,	1566305995),
(451,	'country-NA',	'i18n::object-country-NA',	1,	10,	0,	144,	1566305995),
(452,	'country-NR',	'i18n::object-country-NR',	1,	10,	0,	145,	1566305995),
(453,	'country-NP',	'i18n::object-country-NP',	1,	10,	0,	146,	1566305995),
(454,	'country-NE',	'i18n::object-country-NE',	1,	10,	0,	147,	1566305995),
(455,	'country-NG',	'i18n::object-country-NG',	1,	10,	0,	148,	1566305995),
(456,	'country-NL',	'i18n::object-country-NL',	1,	10,	0,	149,	1566305995),
(457,	'country-NI',	'i18n::object-country-NI',	1,	10,	0,	150,	1566305995),
(458,	'country-NU',	'i18n::object-country-NU',	1,	10,	0,	151,	1566305995),
(459,	'country-NZ',	'i18n::object-country-NZ',	1,	10,	0,	152,	1566305995),
(460,	'country-NC',	'i18n::object-country-NC',	1,	10,	0,	153,	1566305995),
(461,	'country-NO',	'i18n::object-country-NO',	1,	10,	0,	154,	1566305995),
(462,	'country-AC',	'i18n::object-country-AC',	1,	10,	0,	155,	1566305995),
(463,	'country-IM',	'i18n::object-country-IM',	1,	10,	0,	156,	1566305995),
(464,	'country-NF',	'i18n::object-country-NF',	1,	10,	0,	157,	1566305995),
(465,	'country-CX',	'i18n::object-country-CX',	1,	10,	0,	158,	1566305995),
(466,	'country-SH',	'i18n::object-country-SH',	1,	10,	0,	159,	1566305995),
(467,	'country-CK',	'i18n::object-country-CK',	1,	10,	0,	160,	1566305995),
(468,	'country-TC',	'i18n::object-country-TC',	1,	10,	0,	161,	1566305995),
(469,	'country-AE',	'i18n::object-country-AE',	1,	10,	0,	162,	1566305995),
(470,	'country-OM',	'i18n::object-country-OM',	1,	10,	0,	163,	1566305995),
(471,	'country-PK',	'i18n::object-country-PK',	1,	10,	0,	164,	1566305995),
(472,	'country-PW',	'i18n::object-country-PW',	1,	10,	0,	165,	1566305995),
(473,	'country-PS',	'i18n::object-country-PS',	1,	10,	0,	166,	1566305995),
(474,	'country-PA',	'i18n::object-country-PA',	1,	10,	0,	167,	1566305995),
(475,	'country-PG',	'i18n::object-country-PG',	1,	10,	0,	168,	1566305995),
(476,	'country-PY',	'i18n::object-country-PY',	1,	10,	0,	169,	1566305995),
(477,	'country-PE',	'i18n::object-country-PE',	1,	10,	0,	170,	1566305995),
(478,	'country-PN',	'i18n::object-country-PN',	1,	10,	0,	171,	1566305995),
(479,	'country-PL',	'i18n::object-country-PL',	1,	10,	0,	172,	1566305995),
(480,	'country-PT',	'i18n::object-country-PT',	1,	10,	0,	173,	1566305995),
(481,	'country-PR',	'i18n::object-country-PR',	1,	10,	0,	174,	1566305995),
(482,	'country-KR',	'i18n::object-country-KR',	1,	10,	0,	175,	1566305995),
(483,	'country-RE',	'i18n::object-country-RE',	1,	10,	0,	176,	1566305995),
(484,	'country-RW',	'i18n::object-country-RW',	1,	10,	0,	177,	1566305995),
(485,	'country-RO',	'i18n::object-country-RO',	1,	10,	0,	178,	1566305995),
(486,	'country-SV',	'i18n::object-country-SV',	1,	10,	0,	179,	1566305995),
(487,	'country-WS',	'i18n::object-country-WS',	1,	10,	0,	180,	1566305995),
(488,	'country-SM',	'i18n::object-country-SM',	1,	10,	0,	181,	1566305995),
(489,	'country-ST',	'i18n::object-country-ST',	1,	10,	0,	182,	1566305995),
(490,	'country-SA',	'i18n::object-country-SA',	1,	10,	0,	183,	1566305995),
(491,	'country-SZ',	'i18n::object-country-SZ',	1,	10,	0,	184,	1566305995),
(492,	'country-MP',	'i18n::object-country-MP',	1,	10,	0,	185,	1566305995),
(493,	'country-SC',	'i18n::object-country-SC',	1,	10,	0,	186,	1566305995),
(494,	'country-BL',	'i18n::object-country-BL',	1,	10,	0,	187,	1566305995),
(495,	'country-MF',	'i18n::object-country-MF',	1,	10,	0,	188,	1566305995),
(496,	'country-PM',	'i18n::object-country-PM',	1,	10,	0,	189,	1566305995),
(497,	'country-SN',	'i18n::object-country-SN',	1,	10,	0,	190,	1566305995),
(498,	'country-VC',	'i18n::object-country-VC',	1,	10,	0,	191,	1566305995),
(499,	'country-KN',	'i18n::object-country-KN',	1,	10,	0,	192,	1566305995),
(500,	'country-LC',	'i18n::object-country-LC',	1,	10,	0,	193,	1566305995),
(501,	'country-RS',	'i18n::object-country-RS',	1,	10,	0,	194,	1566305995),
(502,	'country-EA',	'i18n::object-country-EA',	1,	10,	0,	195,	1566305995),
(503,	'country-SG',	'i18n::object-country-SG',	1,	10,	0,	196,	1566305995),
(504,	'country-SX',	'i18n::object-country-SX',	1,	10,	0,	197,	1566305995),
(505,	'country-SY',	'i18n::object-country-SY',	1,	10,	0,	198,	1566305995),
(506,	'country-SK',	'i18n::object-country-SK',	1,	10,	0,	199,	1566305995),
(507,	'country-SI',	'i18n::object-country-SI',	1,	10,	0,	200,	1566305995),
(508,	'country-SB',	'i18n::object-country-SB',	1,	10,	0,	201,	1566305996),
(509,	'country-SO',	'i18n::object-country-SO',	1,	10,	0,	202,	1566305996),
(510,	'country-SD',	'i18n::object-country-SD',	1,	10,	0,	203,	1566305996),
(511,	'country-SR',	'i18n::object-country-SR',	1,	10,	0,	204,	1566305996),
(512,	'country-SL',	'i18n::object-country-SL',	1,	10,	0,	205,	1566305996),
(513,	'country-TJ',	'i18n::object-country-TJ',	1,	10,	0,	206,	1566305996),
(514,	'country-TH',	'i18n::object-country-TH',	1,	10,	0,	207,	1566305996),
(515,	'country-TW',	'i18n::object-country-TW',	1,	10,	0,	208,	1566305996),
(516,	'country-TZ',	'i18n::object-country-TZ',	1,	10,	0,	209,	1566305996),
(517,	'country-TG',	'i18n::object-country-TG',	1,	10,	0,	210,	1566305996),
(518,	'country-TK',	'i18n::object-country-TK',	1,	10,	0,	211,	1566305996),
(519,	'country-TO',	'i18n::object-country-TO',	1,	10,	0,	212,	1566305996),
(520,	'country-TT',	'i18n::object-country-TT',	1,	10,	0,	213,	1566305996),
(521,	'country-TA',	'i18n::object-country-TA',	1,	10,	0,	214,	1566305996),
(522,	'country-TV',	'i18n::object-country-TV',	1,	10,	0,	215,	1566305996),
(523,	'country-TN',	'i18n::object-country-TN',	1,	10,	0,	216,	1566305996),
(524,	'country-TM',	'i18n::object-country-TM',	1,	10,	0,	217,	1566305996),
(525,	'country-TR',	'i18n::object-country-TR',	1,	10,	0,	218,	1566305996),
(526,	'country-UG',	'i18n::object-country-UG',	1,	10,	0,	219,	1566305996),
(527,	'country-UZ',	'i18n::object-country-UZ',	1,	10,	0,	220,	1566305996),
(528,	'country-UA',	'i18n::object-country-UA',	1,	10,	0,	221,	1566305996),
(529,	'country-WF',	'i18n::object-country-WF',	1,	10,	0,	222,	1566305996),
(530,	'country-UY',	'i18n::object-country-UY',	1,	10,	0,	223,	1566305996),
(531,	'country-FO',	'i18n::object-country-FO',	1,	10,	0,	224,	1566305996),
(532,	'country-FM',	'i18n::object-country-FM',	1,	10,	0,	225,	1566305996),
(533,	'country-FJ',	'i18n::object-country-FJ',	1,	10,	0,	226,	1566305996),
(534,	'country-PH',	'i18n::object-country-PH',	1,	10,	0,	227,	1566305996),
(535,	'country-FI',	'i18n::object-country-FI',	1,	10,	0,	228,	1566305996),
(536,	'country-FK',	'i18n::object-country-FK',	1,	10,	0,	229,	1566305996),
(537,	'country-FR',	'i18n::object-country-FR',	1,	10,	0,	230,	1566305996),
(538,	'country-GF',	'i18n::object-country-GF',	1,	10,	0,	231,	1566305996),
(539,	'country-PF',	'i18n::object-country-PF',	1,	10,	0,	232,	1566305996),
(540,	'country-TF',	'i18n::object-country-TF',	1,	10,	0,	233,	1566305996),
(541,	'country-HR',	'i18n::object-country-HR',	1,	10,	0,	234,	1566305996),
(542,	'country-CF',	'i18n::object-country-CF',	1,	10,	0,	235,	1566305996),
(543,	'country-TD',	'i18n::object-country-TD',	1,	10,	0,	236,	1566305996),
(544,	'country-ME',	'i18n::object-country-ME',	1,	10,	0,	237,	1566305996),
(545,	'country-CZ',	'i18n::object-country-CZ',	1,	10,	0,	238,	1566305996),
(546,	'country-CL',	'i18n::object-country-CL',	1,	10,	0,	239,	1566305996),
(547,	'country-CH',	'i18n::object-country-CH',	1,	10,	0,	240,	1566305996),
(548,	'country-SE',	'i18n::object-country-SE',	1,	10,	0,	241,	1566305996),
(549,	'country-SJ',	'i18n::object-country-SJ',	1,	10,	0,	242,	1566305996),
(550,	'country-LK',	'i18n::object-country-LK',	1,	10,	0,	243,	1566305996),
(551,	'country-EC',	'i18n::object-country-EC',	1,	10,	0,	244,	1566305996),
(552,	'country-GQ',	'i18n::object-country-GQ',	1,	10,	0,	245,	1566305996),
(553,	'country-ER',	'i18n::object-country-ER',	1,	10,	0,	246,	1566305996),
(554,	'country-EE',	'i18n::object-country-EE',	1,	10,	0,	247,	1566305996),
(555,	'country-ET',	'i18n::object-country-ET',	1,	10,	0,	248,	1566305996),
(556,	'country-ZA',	'i18n::object-country-ZA',	1,	10,	0,	249,	1566305996),
(557,	'country-GS',	'i18n::object-country-GS',	1,	10,	0,	250,	1566305996),
(558,	'country-SS',	'i18n::object-country-SS',	1,	10,	0,	251,	1566305996),
(559,	'country-JM',	'i18n::object-country-JM',	1,	10,	0,	252,	1566305996),
(560,	'country-JP',	'i18n::object-country-JP',	1,	10,	0,	253,	1566305996),
(561,	'emarket-payment-type-yandex-kassa',	'i18n::object-payment-type-yandex-kassa',	1,	46,	0,	13,	1566305996),
(562,	'emarket-item-type-custom',	'Пользовательский',	1,	41,	0,	3,	1566305996),
(563,	'emarket-item-type-trade-offer',	'Торговое предложение',	1,	41,	0,	4,	1566305996),
(564,	'25ec3f9da5444fe6a125910137ec28200d4eaaa8',	'i18n::object-status-publish',	0,	2,	182,	1,	1566306047),
(565,	'tax-rate-27961',	'Без НДС',	1,	27,	0,	1,	1566305996),
(566,	'russianpost_wrapper_simple',	'i18n::object-wrapper_simple',	0,	14,	0,	1,	1566305996),
(567,	'payment-subject-28225',	'Товар',	1,	28,	0,	1,	1566305996),
(568,	'payment-mode-28238',	'Полная предоплата',	1,	29,	0,	1,	1566305996),
(569,	'8a6f804b3690f0592a3f17ed980a9df5f16bacd8',	'i18n::object-status-unpublish',	0,	2,	182,	2,	1566306047),
(570,	'russianpost_registered_wrapper',	'i18n::object-registered_wrapper',	0,	14,	0,	2,	1566305996),
(571,	'tax-rate-27962',	'НДС по ставке 0%',	1,	27,	0,	2,	1566305996),
(572,	'payment-subject-28226',	'Подакцизный товар',	1,	28,	0,	2,	1566305996),
(573,	'payment-mode-28239',	'Частичная предоплата',	1,	29,	0,	2,	1566305996),
(574,	'f4df5d14f5a1aeeebfe3db75b73e57fef8bcc4f2',	'i18n::object-status-preunpublish',	0,	2,	182,	3,	1566306047),
(575,	'russianpost_wrapper_with_declared_value',	'i18n::object-wrapper_with_declared_value',	0,	14,	0,	3,	1566305997),
(576,	'tax-rate-27963',	'НДС по ставке 10%',	1,	27,	0,	3,	1566305997),
(577,	'payment-subject-28227',	'Работа',	1,	28,	0,	3,	1566305997),
(578,	'payment-mode-28240',	'Аванс',	1,	29,	0,	3,	1566305997),
(579,	'russianpost_registered_wrapper_first_class',	'i18n::object-registered_wrapper_first_class',	0,	14,	0,	4,	1566305997),
(580,	'tax-rate-27964',	'НДС по ставке 20%',	1,	27,	0,	4,	1566305997),
(581,	'payment-subject-28228',	'Услуга',	1,	28,	0,	4,	1566305997),
(582,	'payment-mode-28241',	'Полный расчет',	1,	29,	0,	4,	1566305997),
(583,	'russianpost_wrapper_first_class_with_declared_value',	'i18n::object-wrapper_first_class_with_declared_value',	0,	14,	0,	5,	1566305997),
(584,	'tax-rate-27965',	'НДС по расчетной ставке 10/110',	1,	27,	0,	5,	1566305997),
(585,	'payment-subject-28229',	'Ставка в азартной игре',	1,	28,	0,	5,	1566305997),
(586,	'payment-mode-28242',	'Частичный расчет и кредит',	1,	29,	0,	5,	1566305997),
(587,	'tax-rate-27966',	'НДС  по расчетной ставке 20/120',	1,	27,	0,	6,	1566305997),
(588,	'russianpost_parcel',	'i18n::object-parcel',	0,	14,	0,	6,	1566305997),
(589,	'payment-subject-28230',	'Выигрыш в азартной игре',	1,	28,	0,	6,	1566305997),
(590,	'payment-mode-28243',	'Кредит',	1,	29,	0,	6,	1566305997),
(591,	'russianpost_parcel_with_declared_value',	'i18n::object-parcel_with_declared_value',	0,	14,	0,	7,	1566305997),
(592,	'payment-subject-28231',	'Лотерейный билет',	1,	28,	0,	7,	1566305997),
(593,	'payment-mode-28244',	'Выплата по кредиту',	1,	29,	0,	7,	1566305997),
(594,	'russianpost_parcel_first_class',	'i18n::object-parcel_first_class',	0,	14,	0,	8,	1566305997),
(595,	'payment-subject-28232',	'Выигрыш в лотерею',	1,	28,	0,	8,	1566305997),
(596,	'russianpost_parcel_first_class_with_declared_value',	'i18n::object-parcel_first_class_with_declared_value',	0,	14,	0,	9,	1566305997),
(597,	'payment-subject-28233',	'Результаты интеллектуальной деятельности',	1,	28,	0,	9,	1566305997),
(598,	'russianpost_ems_standart',	'i18n::object-ems_standart',	0,	14,	0,	10,	1566305997),
(599,	'payment-subject-28234',	'Платеж',	1,	28,	0,	10,	1566305997),
(600,	'russianpost_ems_declared_value',	'i18n::object-ems_declared_value',	0,	14,	0,	11,	1566305997),
(601,	'payment-subject-28235',	'Агентское вознаграждение',	1,	28,	0,	11,	1566305997),
(602,	'payment-subject-28236',	'Несколько вариантов',	1,	28,	0,	12,	1566305997),
(603,	'payment-subject-28237',	'i18n::object-social_categories_other',	1,	28,	0,	13,	1566305997),
(604,	'emarket-discountmodificator-768-27135',	'i18n::object-test_percent_modifier',	0,	56,	182,	1,	1566306047),
(605,	'emarket-discountrule-798-27438',	'i18n::object-users',	0,	57,	182,	1,	1566306048),
(606,	'3fb6d39f5279c04f1bfec5a7cc13783a45d00141',	'i18n::object-type-commerce_ml_data_format',	0,	35,	182,	1,	1566306048),
(607,	'2c4eff97ef278f12c4461309e84dd0627bd4a37b',	'i18n::object-umiDump_data_format',	0,	35,	182,	2,	1566306048),
(608,	'23abbfa28d922d786d39218e3aa26719ad16ee47',	'i18n::object-csv_dataformat',	0,	35,	182,	3,	1566306048),
(609,	'cdc4a1f4e0ee63b2359d3dec91efe33d2a296c92',	'i18n::object-umi_export_umiDump',	0,	35,	182,	4,	1566306048),
(610,	'2ca45ca1c710cf65f451f098f4bf683082566200',	'i18n::object-commerceml_catalog',	0,	36,	182,	1,	1566306048),
(611,	'681665ea8b72237d1677dfaf7339ef7a7ec40269',	'i18n::object-commerceml_offer_list',	0,	36,	182,	2,	1566306048),
(612,	'8e9874cd7a1b20f4b00c95fd7126f2112101c2ac',	'i18n::object-commerceml_order_list',	0,	36,	182,	3,	1566306048),
(613,	'ff6c38d4ab12cda6c035cf36a4afb829049fbf21',	'Каталог в формате Яндекс-маркет (yml)',	0,	36,	182,	4,	1566306048),
(614,	'b8c554e9ce8127f2405c189857cfd6831dcc2f5d',	'i18n::object-umiDump_data_format',	0,	36,	182,	5,	1566306048),
(615,	'de2d91f2111e74d1fab49ffed3220fc4b1d51d42',	'i18n::object-csv_dataformat',	0,	36,	182,	6,	1566306048),
(616,	'ccc9bf34f683f8e4ecf2ffe2910f3d8cda2b6852',	'i18n::object-umi_export_umiDump',	0,	36,	182,	7,	1566306048),
(617,	'exchange-export-commerceml',	'i18n::object-catalog_export',	0,	36,	0,	8,	1566305997),
(618,	'system-guest',	'i18n::object-guest',	1,	54,	0,	2,	1566306046),
(619,	'users-users-2374',	'i18n::object-zaregistrirovannye_pol_zovateli',	1,	39,	0,	2,	1566306047),
(620,	'emarket-currency-27226',	'object-currency-rus-rubles',	0,	21,	182,	1,	1566306048),
(621,	'emarket-currency-27227',	'i18n::object-usd',	0,	21,	182,	2,	1566306048),
(622,	'emarket-currency-27228',	'i18n::object-euro',	0,	21,	182,	3,	1566306048),
(623,	'',	'Address for customer #14',	0,	40,	182,	1,	1566306046),
(624,	'',	'Address for customer #14',	0,	40,	182,	2,	1566306046),
(625,	'',	'Address for customer #14',	0,	40,	182,	3,	1566306046),
(626,	'',	'Address for customer #14',	0,	40,	182,	4,	1566306046),
(627,	'',	'Address for customer #14',	0,	40,	182,	5,	1566306046),
(628,	'',	'Address for customer #14',	0,	40,	182,	6,	1566306046),
(629,	'',	'Address for customer #14',	0,	40,	182,	7,	1566306046),
(630,	'',	'Лиловый',	0,	128,	182,	1,	1566306046),
(631,	'',	'Беговой',	0,	129,	182,	1,	1566306046),
(632,	'',	'i18n::object-samec',	0,	130,	182,	1,	1566306046),
(633,	'',	'Короткошерстные',	0,	131,	182,	1,	1566306046),
(634,	'',	'Взрывной',	0,	133,	182,	1,	1566306046),
(635,	'',	'Вешается на шею зубами',	0,	134,	182,	1,	1566306046),
(636,	'',	'Электроэнергия',	0,	135,	182,	1,	1566306046),
(637,	'',	'Блютус, вай-фай',	0,	136,	182,	1,	1566306046),
(638,	'',	'Хомячок необыкновенный',	0,	137,	182,	1,	1566306046),
(639,	'',	'Хомячки',	0,	86,	182,	2,	1566306046),
(640,	'',	'Хомячок необыкновенный',	0,	44,	182,	1,	1566306046),
(641,	'',	'i18n::object-sales_draft',	0,	47,	182,	1,	1566306046),
(642,	'emarket-delivery-27255',	'i18n::object-pickup',	0,	51,	182,	1,	1566306046),
(643,	'',	'Заказ #10',	0,	53,	182,	1,	1566306046),
(644,	'',	'Добро пожаловать',	0,	61,	182,	3,	1566306046),
(645,	'',	'Форум',	0,	61,	182,	4,	1566306046),
(646,	'',	'Все новости',	0,	7,	182,	5,	1566306046),
(647,	'',	'Обратная связь',	0,	61,	182,	6,	1566306046),
(648,	'',	'FAQ',	0,	79,	182,	7,	1566306046),
(649,	'',	'Фотогалерея',	0,	77,	182,	8,	1566306046),
(650,	'',	'i18n::object-type-red',	0,	71,	182,	1,	1566306046),
(651,	'',	'i18n::object-type-black',	0,	71,	182,	2,	1566306046),
(652,	'',	'Белый',	0,	71,	182,	3,	1566306046),
(653,	'',	'Другой',	0,	71,	182,	4,	1566306046),
(654,	'',	'Любимый цвет',	0,	72,	182,	9,	1566306046),
(655,	'',	'Скачать',	0,	61,	182,	10,	1566306046),
(656,	'',	'Каталог товаров',	0,	86,	182,	11,	1566306049),
(657,	'',	'Еще блог',	0,	63,	182,	12,	1566306046),
(658,	'',	'Акции',	0,	7,	182,	13,	1566306046),
(659,	'',	'Обычная страница',	0,	61,	182,	14,	1566306046),
(660,	'',	'i18n::object-social_categories_video',	0,	61,	182,	15,	1566306046),
(661,	'',	'Admin',	0,	64,	182,	1,	1566306046),
(662,	'',	'Кто я и зачем?',	0,	69,	182,	16,	1566306046),
(663,	'',	'Кто я и зачем?',	0,	68,	182,	17,	1566306046),
(664,	'',	'Общий',	0,	67,	182,	18,	1566306046),
(665,	'',	'Где взять денег?',	0,	69,	182,	19,	1566306046),
(666,	'',	'Где взять денег?',	0,	68,	182,	20,	1566306046),
(667,	'',	'Где взять?',	0,	67,	182,	21,	1566306046),
(668,	'',	'Новости из мира хомячков',	0,	60,	182,	22,	1566306046),
(669,	'',	'Новости экономики',	0,	7,	182,	23,	1566306046),
(670,	'',	'Новости сайта',	0,	60,	182,	24,	1566306046),
(671,	'',	'Инженерам удалось извлечь энергию из бега хомяка',	0,	60,	182,	25,	1566306046),
(672,	'',	'Re: Инженерам удалось извлечь энергию из бега хомяка',	0,	70,	182,	26,	1566306046),
(673,	'',	'Онищенко предлагает пугать курильщиков до смерти',	0,	60,	182,	27,	1566306046),
(674,	'',	'Белоруссия отменит квоты на сигареты из России',	0,	60,	182,	28,	1566306046),
(675,	'',	'Россия и Белоруссия отказались от ограничений во взаимной торговле',	0,	60,	182,	29,	1566306046),
(676,	'',	' Фотоконкурс  - Началось голосование',	0,	60,	182,	30,	1566306046),
(677,	'',	'Общие вопросы по UMI.CMS',	0,	80,	182,	31,	1566306046),
(678,	'',	'Почему UMI.CMS написана на PHP5?',	0,	81,	182,	32,	1566306046),
(679,	'',	'Трудно ли найти хостинг?',	0,	81,	182,	33,	1566306046),
(680,	'',	'Чем UMI.CMS лучше?',	0,	81,	182,	34,	1566306046),
(681,	'',	'Сложно ли установить UMI.CMS?',	0,	81,	182,	35,	1566306046),
(682,	'',	'i18n::object-type-autumn',	0,	78,	182,	36,	1566306046),
(683,	'',	'Птица',	0,	78,	182,	37,	1566306046),
(684,	'',	'Дерево',	0,	78,	182,	38,	1566306046),
(685,	'',	'Пустыня',	0,	78,	182,	39,	1566306046),
(686,	'',	'Водопад',	0,	78,	182,	40,	1566306047),
(687,	'',	'PHP Manual',	0,	121,	182,	41,	1566306047),
(688,	'',	'Аксессуары для хомячков',	0,	86,	182,	42,	1566306047),
(689,	'',	'Полосатый',	0,	128,	182,	2,	1566306047),
(690,	'',	'Ангорский',	0,	129,	182,	2,	1566306047),
(691,	'',	'Длинношерстные',	0,	131,	182,	2,	1566306047),
(692,	'',	'Кусается',	0,	134,	182,	2,	1566306047),
(693,	'',	'Традиционный',	0,	135,	182,	2,	1566306047),
(694,	'',	'Нет',	0,	136,	182,	2,	1566306047),
(695,	'',	'Колесо для самок',	0,	138,	182,	2,	1566306047),
(696,	'',	'Колеса',	0,	86,	182,	43,	1566306047),
(697,	'',	'Кожаный',	0,	139,	182,	1,	1566306047),
(698,	'',	'Туманной росы',	0,	128,	182,	3,	1566306047),
(699,	'',	'Да',	0,	136,	182,	3,	1566306047),
(700,	'',	'Хомячок на колесах',	0,	137,	182,	3,	1566306047),
(701,	'',	'Джунгарский',	0,	129,	182,	3,	1566306047),
(702,	'',	'i18n::object-samka',	0,	130,	182,	2,	1566306047),
(703,	'',	'Вешается на стену',	0,	134,	182,	3,	1566306047),
(704,	'',	'Вегетарианство',	0,	135,	182,	3,	1566306047),
(705,	'',	'Хомячок с улыбкой',	0,	137,	182,	4,	1566306047),
(706,	'',	'Белый',	0,	128,	182,	4,	1566306047),
(707,	'',	'Уравновешенный',	0,	133,	182,	2,	1566306047),
(708,	'',	'Жмет руку',	0,	134,	182,	4,	1566306047),
(709,	'',	'Хомяк офигенный',	0,	137,	182,	5,	1566306047),
(710,	'',	'Странный',	0,	128,	182,	5,	1566306047),
(711,	'',	'Безродный',	0,	129,	182,	4,	1566306047),
(712,	'',	'Флегматичный',	0,	133,	182,	3,	1566306047),
(713,	'',	'Тестовый хомяк',	0,	137,	182,	6,	1566306047),
(714,	'',	'Поводок леопардовый',	0,	140,	182,	7,	1566306047),
(715,	'',	'i18n::object-type-catalog-object-good-povodki',	0,	86,	182,	44,	1566306047),
(716,	'',	'Хомячок пушистый',	0,	137,	182,	8,	1566306047),
(717,	'',	'Неопределенный',	0,	128,	182,	6,	1566306047),
(718,	'',	'Традиционные',	0,	135,	182,	4,	1566306047),
(719,	'',	'Хомячок обычный',	0,	137,	182,	9,	1566306047),
(720,	'',	'Черно-белый',	0,	128,	182,	7,	1566306047),
(721,	'',	'Упитанный',	0,	129,	182,	5,	1566306047),
(722,	'',	'Всеяден',	0,	135,	182,	5,	1566306047),
(723,	'',	'Хомяк',	0,	137,	182,	10,	1566306047),
(724,	'',	'Голодный',	0,	129,	182,	6,	1566306047),
(725,	'',	'При помощи дополнительных устройств',	0,	136,	182,	4,	1566306047),
(726,	'',	'Хомячок прекрасный',	0,	137,	182,	11,	1566306047),
(727,	'',	'Re: Хомячок пушистый',	0,	70,	182,	45,	1566306047),
(728,	'',	'Re: Хомячок с улыбкой',	0,	70,	182,	46,	1566306047),
(729,	'',	'Re: Хомячок необыкновенный',	0,	70,	182,	47,	1566306047),
(730,	'',	'Плёточка',	0,	86,	182,	48,	1566306047),
(731,	'',	'Золотой',	0,	139,	182,	2,	1566306047),
(732,	'',	'Поводок короткий',	0,	140,	182,	12,	1566306047),
(733,	'',	'i18n::object-type-blogs20-post',	0,	66,	182,	49,	1566306047),
(734,	'',	'Re: Новые идеи',	0,	69,	182,	50,	1566306047),
(735,	'',	'Новые идеи',	0,	68,	182,	51,	1566306047),
(736,	'',	'Re: Кто я и зачем?',	0,	69,	182,	52,	1566306047),
(737,	'',	'примеры',	0,	69,	182,	53,	1566306047),
(738,	'',	'Re: Новые идеи',	0,	69,	182,	54,	1566306047),
(739,	'',	'Примеры внедрения',	0,	60,	182,	55,	1566306047),
(740,	'',	'Розыгрыш призов',	0,	61,	182,	56,	1566306047),
(741,	'',	'Литейный',	0,	55,	182,	2,	1566306047),
(742,	'',	'Лиговский',	0,	55,	182,	3,	1566306047),
(743,	'',	'Ленинский',	0,	55,	182,	4,	1566306047),
(744,	'',	'27166',	0,	43,	182,	1,	1566306047),
(745,	'',	'i18n::object-type-red',	0,	43,	182,	2,	1566306047),
(746,	'',	'L',	0,	43,	182,	3,	1566306047),
(747,	'',	'i18n::object-type-without_design',	0,	43,	182,	4,	1566306048),
(748,	'',	'еуые',	0,	43,	182,	5,	1566306048),
(749,	'',	'i18n::object-type-blue',	0,	43,	182,	6,	1566306048),
(750,	'',	'XL',	0,	43,	182,	7,	1566306048),
(751,	'',	'i18n::object-type-basic_design',	0,	43,	182,	8,	1566306048),
(752,	'',	'XXL',	0,	43,	182,	9,	1566306048),
(753,	'',	'i18n::object-type-personal_design',	0,	43,	182,	10,	1566306048),
(754,	'',	'i18n::object-digital',	0,	141,	182,	1,	1566306048),
(755,	'',	'i18n::object-complex',	0,	141,	182,	2,	1566306048),
(756,	'',	'items',	0,	90,	182,	2,	1566306048),
(757,	'',	'test',	0,	59,	182,	1,	1566306048),
(758,	'emarket-delivery-784-27234',	'i18n::object-type-test-delivery',	0,	97,	0,	1,	1566306048),
(759,	'',	'items',	0,	90,	182,	3,	1566306048),
(760,	'',	'orderPrice',	0,	92,	182,	4,	1566306048),
(761,	'',	'orderPrice',	0,	92,	182,	5,	1566306048),
(762,	'',	'orderPrice',	0,	92,	182,	6,	1566306048),
(763,	'',	'userGroups',	0,	94,	182,	7,	1566306048),
(764,	'',	'orderPrice',	0,	92,	182,	8,	1566306048),
(765,	'',	'userGroups',	0,	94,	182,	9,	1566306048),
(766,	'',	'orderPrice',	0,	92,	182,	10,	1566306048),
(767,	'',	'userGroups',	0,	94,	182,	11,	1566306048),
(768,	'',	'orderPrice',	0,	92,	182,	12,	1566306048),
(769,	'',	'userGroups',	0,	94,	182,	13,	1566306048),
(770,	'',	'i18n::object-users',	0,	57,	182,	14,	1566306048),
(771,	'',	'allOrdersPrices',	0,	93,	182,	15,	1566306048),
(772,	'',	'orderPrice',	0,	92,	182,	16,	1566306048),
(773,	'',	'userGroups',	0,	94,	182,	17,	1566306048),
(774,	'',	'i18n::object-users',	0,	57,	182,	18,	1566306048),
(775,	'',	'allOrdersPrices',	0,	93,	182,	19,	1566306048),
(776,	'',	'dateRange',	0,	91,	182,	20,	1566306048),
(777,	'',	'Каталог товаров в формате CSV',	0,	35,	182,	5,	1566306048),
(778,	'',	'Данные в формате umiDump 1.0',	0,	35,	182,	6,	1566306048),
(779,	'',	'Данные в формате umiDump 1.0',	0,	36,	182,	9,	1566306048),
(780,	'',	'left_banner_inner',	0,	113,	182,	1,	1566306048),
(781,	'',	'right_banner_inner',	0,	113,	182,	2,	1566306048),
(782,	'',	'top_banner',	0,	113,	182,	3,	1566306048),
(783,	'',	'text_banner',	0,	113,	182,	4,	1566306048),
(784,	'',	'text_banner_eng',	0,	113,	182,	5,	1566306048),
(785,	'',	'Simple image banner',	0,	115,	182,	1,	1566306306),
(786,	'',	'UMI-CMS 1',	0,	117,	182,	2,	1566306218),
(787,	'',	'UMI-CMS 2',	0,	117,	182,	3,	1566306048),
(788,	'',	'UMI-CMS 3',	0,	117,	182,	4,	1566306306),
(789,	'',	'UMI-CMS TEXT BANNER ENG',	0,	117,	182,	5,	1566306048),
(790,	'',	'Акции',	0,	82,	182,	1,	1566306048),
(791,	'',	'Новости компании',	0,	82,	182,	2,	1566306048),
(792,	'',	'Мой приватный e-mail',	0,	76,	182,	1,	1566306048),
(793,	'',	'220В',	0,	135,	182,	6,	1566306048),
(794,	'',	'Программируемая',	0,	134,	182,	5,	1566306048),
(795,	'',	'Программируемый',	0,	133,	182,	4,	1566306048),
(796,	'',	'Ласковый',	0,	131,	182,	3,	1566306048),
(797,	'',	'ГМО',	0,	129,	182,	7,	1566306048),
(798,	'',	'i18n::object-type-green',	0,	128,	182,	8,	1566306048),
(799,	'',	'178.16.152.254',	0,	88,	0,	1,	1566306048),
(800,	'',	'Гавайская рубашка',	0,	44,	0,	2,	1566306048),
(801,	'',	'Гавайская рубашка (XL, Красный, Без рисунка)',	0,	44,	0,	3,	1566306048),
(802,	'',	'Гавайская рубашка (Красный, XXL, Стандартный рисунок)',	0,	44,	0,	4,	1566306048),
(803,	'',	'Гавайская рубашка (Синий, XL, Без рисунка)',	0,	44,	0,	5,	1566306048),
(804,	'',	'Настенные часы',	0,	44,	0,	6,	1566306048),
(805,	'',	'Гавайская рубашка (Синий, XXL, Стандартный рисунок)',	0,	44,	0,	7,	1566306048),
(806,	'',	'Гавайская рубашка (Свой рисунок)',	0,	44,	0,	8,	1566306048),
(807,	'f92878f18258dde6be466657afbe597f425f92bb',	'EMS обыкновенный',	0,	14,	182,	12,	1566306048),
(808,	'c5f7a7eb8380a03c76ba26c22eb38118b6838b3b',	'i18n::object-ems_declared_value',	0,	14,	182,	13,	1566306048),
(809,	'47126638f57bd9d0f3e583b2b68ba080f16dc3b2',	'Заказная бандероль',	0,	14,	182,	14,	1566306048),
(810,	'44213024959016ae285efe9dd256d1451c7a5194',	'Заказная бандероль 1 кл.',	0,	14,	182,	15,	1566306048),
(811,	'e280cf173f5e9d92679dfd30af723848ca911949',	'Ценная бандероль',	0,	14,	182,	16,	1566306048),
(812,	'412392b58bd5e166cc32ce7d021041bd843fe3f6',	'Ценная бандероль 1 кл.',	0,	14,	182,	17,	1566306048),
(813,	'0c8124b837910c7341cb9d226319a31eeaa03756',	'Ценная посылка',	0,	14,	182,	18,	1566306048),
(814,	'',	'178.16.152.254',	0,	88,	0,	2,	1566306048),
(815,	'',	'178.16.152.254',	0,	88,	0,	3,	1566306048),
(816,	'',	'dummy',	0,	53,	182,	2,	1566306051),
(817,	'',	'178.16.152.254',	0,	88,	0,	4,	1566306048),
(818,	'',	'Хомячок пушистый',	0,	44,	182,	9,	1566306048),
(819,	'',	'Хомяк',	0,	44,	182,	10,	1566306048),
(820,	'',	'Тестовый хомяк',	0,	44,	182,	11,	1566306048),
(821,	'',	'Заказ #1',	0,	53,	182,	3,	1566306048),
(822,	'',	'Поводок леопардовый',	0,	44,	182,	12,	1566306048),
(823,	'',	'Заказ #2',	0,	53,	182,	4,	1566306048),
(824,	'',	'Хомячок обычный',	0,	44,	182,	13,	1566306048),
(825,	'',	'Хомячок на колесах',	0,	44,	182,	14,	1566306048),
(826,	'',	'Заказ #3',	0,	53,	182,	5,	1566306048),
(827,	'',	'Хомячок пушистый',	0,	44,	182,	15,	1566306048),
(828,	'',	'Хомячок с улыбкой',	0,	44,	182,	16,	1566306048),
(829,	'',	'Тестовый хомяк',	0,	44,	182,	17,	1566306048),
(830,	'',	'Заказ #4',	0,	53,	182,	6,	1566306048),
(831,	'',	'Хомяк',	0,	44,	182,	18,	1566306048),
(832,	'',	'Хомячок пушистый',	0,	44,	182,	19,	1566306048),
(833,	'',	'Заказ #5',	0,	53,	182,	7,	1566306048),
(834,	'',	'Колесо для самок',	0,	44,	182,	20,	1566306048),
(835,	'',	'Заказ #6',	0,	53,	182,	8,	1566306048),
(836,	'',	'Поводок леопардовый',	0,	44,	182,	21,	1566306048),
(837,	'',	'Поводок короткий',	0,	44,	182,	22,	1566306048),
(838,	'',	'Заказ #7',	0,	53,	182,	9,	1566306048),
(839,	'',	'Хомячок пушистый',	0,	44,	182,	23,	1566306048),
(840,	'',	'dummy',	0,	53,	182,	10,	1566306052),
(841,	'filemanager-elfinder',	'i18n::object-filemanager-elfinder',	0,	126,	182,	1,	1566306048),
(842,	'',	'Хомячок пушистый',	0,	44,	182,	24,	1566306048),
(843,	'',	'Заказ #8',	0,	53,	182,	11,	1566306048),
(844,	'',	'Поводок короткий',	0,	44,	182,	25,	1566306048),
(845,	'',	'Заказ #9',	0,	53,	182,	12,	1566306048),
(846,	'',	'Хомячок обычный',	0,	44,	0,	26,	1566306048),
(847,	'',	'100418',	0,	53,	0,	13,	1566306052),
(848,	'',	'178.16.152.254',	0,	88,	618,	5,	1566306048),
(849,	'',	'Хомячок пушистый',	0,	44,	0,	27,	1566306048),
(850,	'',	'100421',	0,	53,	0,	14,	1566306052),
(851,	'',	'178.16.152.254',	0,	88,	618,	6,	1566306048),
(852,	'',	'Хомячок пушистый',	0,	44,	0,	28,	1566306048),
(853,	'',	'100424',	0,	53,	0,	15,	1566306052),
(854,	'',	'178.16.152.254',	0,	88,	618,	7,	1566306048),
(855,	'',	'Хомячок обычный',	0,	44,	0,	29,	1566306048),
(856,	'',	'100427',	0,	53,	0,	16,	1566306052),
(857,	'',	'178.16.152.254',	0,	88,	618,	8,	1566306048),
(858,	'',	'Хомячок обычный',	0,	44,	0,	30,	1566306048),
(859,	'',	'100430',	0,	53,	0,	17,	1566306052),
(860,	'',	'178.16.152.254',	0,	88,	618,	9,	1566306048),
(861,	'',	'Хомячок пушистый',	0,	44,	0,	31,	1566306048),
(862,	'',	'100433',	0,	53,	0,	18,	1566306052),
(863,	'',	'178.16.152.254',	0,	88,	618,	10,	1566306048),
(864,	'',	'Колесо для самок',	0,	44,	0,	32,	1566306048),
(865,	'',	'100436',	0,	53,	0,	19,	1566306052),
(866,	'',	'178.16.152.254',	0,	88,	618,	11,	1566306048),
(867,	'',	'Поводок леопардовый',	0,	44,	0,	33,	1566306048),
(868,	'',	'100439',	0,	53,	0,	20,	1566306052),
(869,	'',	'178.16.152.254',	0,	88,	618,	12,	1566306048),
(870,	'',	'Хомячок прекрасный',	0,	44,	0,	34,	1566306048),
(871,	'',	'100442',	0,	53,	0,	21,	1566306052),
(872,	'',	'178.16.152.254',	0,	88,	618,	13,	1566306048),
(873,	'',	'Хомяк',	0,	44,	0,	35,	1566306048),
(874,	'',	'100447',	0,	53,	0,	22,	1566306052),
(875,	'',	'178.16.152.254',	0,	88,	618,	14,	1566306048),
(876,	'',	'Хомячок на колесах',	0,	44,	0,	36,	1566306048),
(877,	'',	'100446',	0,	53,	0,	23,	1566306052),
(878,	'',	'178.16.152.254',	0,	88,	618,	15,	1566306048),
(879,	'',	'Хомячок с улыбкой',	0,	44,	0,	37,	1566306048),
(880,	'',	'100451',	0,	53,	0,	24,	1566306052),
(881,	'',	'178.16.152.254',	0,	88,	618,	16,	1566306048),
(882,	'',	'Хомячок необыкновенный',	0,	44,	0,	38,	1566306048),
(883,	'',	'100454',	0,	53,	0,	25,	1566306052),
(884,	'',	'178.16.152.254',	0,	88,	618,	17,	1566306048),
(885,	'',	'Хомяк офигенный',	0,	44,	0,	39,	1566306048),
(886,	'',	'100457',	0,	53,	0,	26,	1566306052),
(887,	'',	'178.16.152.254',	0,	88,	618,	18,	1566306048),
(888,	'',	'Тестовый хомяк',	0,	44,	0,	40,	1566306048),
(889,	'',	'100460',	0,	53,	0,	27,	1566306052),
(890,	'',	'178.16.152.254',	0,	88,	618,	19,	1566306048),
(891,	'',	'Хомячок с улыбкой',	0,	44,	0,	41,	1566306048),
(892,	'',	'100463',	0,	53,	0,	28,	1566306052),
(893,	'',	'178.16.152.254',	0,	88,	618,	20,	1566306048),
(894,	'',	'Хомячок необыкновенный',	0,	44,	0,	42,	1566306048),
(895,	'',	'100466',	0,	53,	0,	29,	1566306052),
(896,	'',	'178.16.152.254',	0,	88,	618,	21,	1566306048),
(897,	'',	'Хомячок на колесах',	0,	44,	0,	43,	1566306048),
(898,	'',	'100469',	0,	53,	0,	30,	1566306052),
(899,	'',	'178.16.152.254',	0,	88,	618,	22,	1566306048),
(900,	'',	'Тестовый хомяк',	0,	44,	0,	44,	1566306048),
(901,	'',	'100472',	0,	53,	0,	31,	1566306052),
(902,	'',	'178.16.152.254',	0,	88,	618,	23,	1566306048),
(903,	'',	'Хомяк офигенный',	0,	44,	0,	45,	1566306048),
(904,	'',	'100475',	0,	53,	0,	32,	1566306052),
(905,	'',	'178.16.152.254',	0,	88,	618,	24,	1566306048),
(906,	'',	'Хомячок прекрасный',	0,	44,	0,	46,	1566306048),
(907,	'',	'100478',	0,	53,	0,	33,	1566306052),
(908,	'',	'178.16.152.254',	0,	88,	618,	25,	1566306048),
(909,	'',	'Хомяк',	0,	44,	0,	47,	1566306048),
(910,	'',	'100481',	0,	53,	0,	34,	1566306052),
(911,	'',	'178.16.152.254',	0,	88,	618,	26,	1566306048),
(912,	'',	'Колесо для самок',	0,	44,	0,	48,	1566306048),
(913,	'',	'100484',	0,	53,	0,	35,	1566306052),
(914,	'',	'178.16.152.254',	0,	88,	618,	27,	1566306048),
(915,	'',	'Поводок леопардовый',	0,	44,	0,	49,	1566306048),
(916,	'',	'100487',	0,	53,	0,	36,	1566306052),
(917,	'',	'178.16.152.254',	0,	88,	618,	28,	1566306048),
(918,	'',	'Хомячок пушистый',	0,	44,	0,	50,	1566306048),
(919,	'',	'100491',	0,	53,	0,	37,	1566306052),
(920,	'',	'178.16.152.254',	0,	88,	618,	29,	1566306048),
(921,	'',	'178.16.152.254',	0,	88,	618,	30,	1566306048),
(922,	'',	'100492',	0,	53,	0,	38,	1566306048);

DROP TABLE IF EXISTS `cms3_objects_expiration`;
CREATE TABLE `cms3_objects_expiration` (
  `obj_id` int(10) unsigned NOT NULL,
  `entrytime` int(10) unsigned NOT NULL,
  `expire` int(10) unsigned NOT NULL,
  PRIMARY KEY (`obj_id`),
  KEY `FK_ObjectsExpire to objects` (`obj_id`),
  KEY `entrytime` (`entrytime`,`expire`),
  CONSTRAINT `FK_ObjectsExpire to objects` FOREIGN KEY (`obj_id`) REFERENCES `cms3_objects` (`id`) ON DELETE CASCADE ON UPDATE CASCADE
) ENGINE=InnoDB DEFAULT CHARSET=utf8;


DROP TABLE IF EXISTS `cms3_object_content`;
CREATE TABLE `cms3_object_content` (
  `obj_id` int(10) unsigned DEFAULT NULL,
  `field_id` int(10) unsigned DEFAULT NULL,
  `int_val` bigint(20) DEFAULT NULL,
  `varchar_val` varchar(255) DEFAULT NULL,
  `text_val` mediumtext DEFAULT NULL,
  `rel_val` int(10) unsigned DEFAULT NULL,
  `tree_val` int(10) unsigned DEFAULT NULL,
  `float_val` double DEFAULT NULL,
  KEY `Content to object relation_FK` (`obj_id`),
  KEY `Contents field id relation_FK` (`field_id`),
  KEY `Relation value reference_FK` (`rel_val`),
  KEY `content2tree_FK` (`tree_val`),
  KEY `int_val` (`int_val`),
  KEY `varchar_val` (`varchar_val`),
  KEY `float_val` (`float_val`),
  KEY `text_val` (`text_val`(8)),
  KEY `K_Complex_FieldIdAndRelVal` (`field_id`,`rel_val`),
  KEY `K_Complex_FieldIdAndTreeVal` (`field_id`,`tree_val`),
  KEY `K_Complex_ObjIdAndFieldId` (`obj_id`,`field_id`),
  CONSTRAINT `FK_Content to object relation` FOREIGN KEY (`obj_id`) REFERENCES `cms3_objects` (`id`) ON DELETE CASCADE ON UPDATE CASCADE,
  CONSTRAINT `FK_Contents field id relation` FOREIGN KEY (`field_id`) REFERENCES `cms3_object_fields` (`id`) ON DELETE CASCADE ON UPDATE CASCADE,
  CONSTRAINT `FK_Relation value reference` FOREIGN KEY (`rel_val`) REFERENCES `cms3_objects` (`id`) ON DELETE CASCADE ON UPDATE CASCADE,
  CONSTRAINT `FK_content2tree` FOREIGN KEY (`tree_val`) REFERENCES `cms3_hierarchy` (`id`) ON DELETE CASCADE ON UPDATE CASCADE
) ENGINE=InnoDB DEFAULT CHARSET=utf8;

INSERT INTO `cms3_object_content` (`obj_id`, `field_id`, `int_val`, `varchar_val`, `text_val`, `rel_val`, `tree_val`, `float_val`) VALUES
(1,	76,	NULL,	'Демонстрационный магазин UMI.CMS',	NULL,	NULL,	NULL,	NULL),
(1,	77,	1,	NULL,	NULL,	NULL,	NULL,	NULL),
(1,	73,	NULL,	'vkontakte',	NULL,	NULL,	NULL,	NULL),
(6,	29,	NULL,	'low',	NULL,	NULL,	NULL,	NULL),
(7,	29,	NULL,	'normal',	NULL,	NULL,	NULL,	NULL),
(8,	29,	NULL,	'high',	NULL,	NULL,	NULL,	NULL),
(9,	30,	NULL,	'US',	NULL,	NULL,	NULL,	NULL),
(10,	30,	NULL,	'RU',	NULL,	NULL,	NULL,	NULL),
(179,	34,	NULL,	'item',	NULL,	NULL,	NULL,	NULL),
(179,	60,	NULL,	'Скидки этого типа могут быть применены к товарам, либо разделам в каталоге',	NULL,	NULL,	NULL,	NULL),
(180,	34,	NULL,	'order',	NULL,	NULL,	NULL,	NULL),
(180,	60,	NULL,	'Данный тип скидок используется для расчета итоговой цены заказа',	NULL,	NULL,	NULL,	NULL),
(181,	79,	NULL,	'Супервайзеры',	NULL,	NULL,	NULL,	NULL),
(182,	209,	1,	NULL,	NULL,	NULL,	NULL,	NULL),
(182,	214,	0,	NULL,	NULL,	NULL,	NULL,	NULL),
(182,	217,	NULL,	'content,users,emarket,catalog,data,trash',	NULL,	NULL,	NULL,	NULL),
(183,	34,	NULL,	'bonus',	NULL,	NULL,	NULL,	NULL),
(183,	60,	NULL,	'Зачисление бонусов за оплаченный заказ',	NULL,	NULL,	NULL,	NULL),
(184,	61,	NULL,	'proc',	NULL,	NULL,	NULL,	NULL),
(184,	62,	56,	NULL,	NULL,	NULL,	NULL,	NULL),
(184,	64,	NULL,	'emarket-discountmodificator-768',	NULL,	NULL,	NULL,	NULL),
(185,	235,	1,	NULL,	NULL,	NULL,	NULL,	NULL),
(186,	66,	NULL,	'items',	NULL,	NULL,	NULL,	NULL),
(186,	69,	NULL,	'emarket-discountrule-777',	NULL,	NULL,	NULL,	NULL),
(187,	87,	NULL,	'digital',	NULL,	NULL,	NULL,	NULL),
(188,	87,	NULL,	'optioned',	NULL,	NULL,	NULL,	NULL),
(189,	132,	NULL,	'self',	NULL,	NULL,	NULL,	NULL),
(189,	134,	NULL,	'emarket-delivery-783',	NULL,	NULL,	NULL,	NULL),
(190,	132,	NULL,	'courier',	NULL,	NULL,	NULL,	NULL),
(190,	134,	NULL,	'emarket-delivery-784',	NULL,	NULL,	NULL,	NULL),
(191,	112,	NULL,	'receipt',	NULL,	NULL,	NULL,	NULL),
(191,	114,	NULL,	'emarket-payment-791',	NULL,	NULL,	NULL,	NULL),
(192,	40,	NULL,	'canceled',	NULL,	NULL,	NULL,	NULL),
(192,	111,	50,	NULL,	NULL,	NULL,	NULL,	NULL),
(193,	40,	NULL,	'rejected',	NULL,	NULL,	NULL,	NULL),
(193,	111,	40,	NULL,	NULL,	NULL,	NULL,	NULL),
(194,	40,	NULL,	'payment',	NULL,	NULL,	NULL,	NULL),
(194,	111,	60,	NULL,	NULL,	NULL,	NULL,	NULL),
(195,	40,	NULL,	'delivery',	NULL,	NULL,	NULL,	NULL),
(195,	111,	70,	NULL,	NULL,	NULL,	NULL,	NULL),
(196,	40,	NULL,	'waiting',	NULL,	NULL,	NULL,	NULL),
(196,	111,	100,	NULL,	NULL,	NULL,	NULL,	NULL),
(197,	40,	NULL,	'accepted',	NULL,	NULL,	NULL,	NULL),
(197,	111,	80,	NULL,	NULL,	NULL,	NULL,	NULL),
(198,	40,	NULL,	'ready',	NULL,	NULL,	NULL,	NULL),
(198,	111,	30,	NULL,	NULL,	NULL,	NULL,	NULL),
(199,	40,	NULL,	'waiting_shipping',	NULL,	NULL,	NULL,	NULL),
(199,	111,	40,	NULL,	NULL,	NULL,	NULL,	NULL),
(200,	40,	NULL,	'shipping',	NULL,	NULL,	NULL,	NULL),
(200,	111,	50,	NULL,	NULL,	NULL,	NULL,	NULL),
(201,	40,	NULL,	'ready',	NULL,	NULL,	NULL,	NULL),
(201,	111,	60,	NULL,	NULL,	NULL,	NULL,	NULL),
(202,	40,	NULL,	'initialized',	NULL,	NULL,	NULL,	NULL),
(202,	111,	40,	NULL,	NULL,	NULL,	NULL,	NULL),
(203,	40,	NULL,	'validated',	NULL,	NULL,	NULL,	NULL),
(203,	111,	60,	NULL,	NULL,	NULL,	NULL,	NULL),
(204,	40,	NULL,	'declined',	NULL,	NULL,	NULL,	NULL),
(204,	111,	70,	NULL,	NULL,	NULL,	NULL,	NULL),
(205,	40,	NULL,	'accepted',	NULL,	NULL,	NULL,	NULL),
(205,	111,	50,	NULL,	NULL,	NULL,	NULL,	NULL),
(206,	66,	NULL,	'dateRange',	NULL,	NULL,	NULL,	NULL),
(206,	69,	NULL,	'emarket-discountrule-794',	NULL,	NULL,	NULL,	NULL),
(207,	66,	NULL,	'orderPrice',	NULL,	NULL,	NULL,	NULL),
(207,	69,	NULL,	'emarket-discountrule-795',	NULL,	NULL,	NULL,	NULL),
(208,	66,	NULL,	'allOrdersPrices',	NULL,	NULL,	NULL,	NULL),
(208,	69,	NULL,	'emarket-discountrule-796',	NULL,	NULL,	NULL,	NULL),
(209,	66,	NULL,	'userGroups',	NULL,	NULL,	NULL,	NULL),
(209,	69,	NULL,	'emarket-discountrule-797',	NULL,	NULL,	NULL,	NULL),
(210,	66,	NULL,	'users',	NULL,	NULL,	NULL,	NULL),
(210,	67,	57,	NULL,	NULL,	NULL,	NULL,	NULL),
(210,	69,	NULL,	'emarket-discountrule-798',	NULL,	NULL,	NULL,	NULL),
(211,	66,	NULL,	'relatedItems',	NULL,	NULL,	NULL,	NULL),
(211,	69,	NULL,	'emarket-discountrule-799',	NULL,	NULL,	NULL,	NULL),
(212,	61,	NULL,	'absolute',	NULL,	NULL,	NULL,	NULL),
(212,	64,	NULL,	'emarket-discountmodificator-800',	NULL,	NULL,	NULL,	NULL),
(213,	112,	NULL,	'payonline',	NULL,	NULL,	NULL,	NULL),
(213,	114,	NULL,	'emarket-payment-801',	NULL,	NULL,	NULL,	NULL),
(214,	112,	NULL,	'courier',	NULL,	NULL,	NULL,	NULL),
(214,	114,	NULL,	'emarket-payment-802',	NULL,	NULL,	NULL,	NULL),
(215,	31,	1,	NULL,	NULL,	NULL,	NULL,	NULL),
(216,	31,	2,	NULL,	NULL,	NULL,	NULL,	NULL),
(217,	31,	3,	NULL,	NULL,	NULL,	NULL,	NULL),
(218,	31,	4,	NULL,	NULL,	NULL,	NULL,	NULL),
(219,	132,	NULL,	'russianpost',	NULL,	NULL,	NULL,	NULL),
(219,	134,	NULL,	'emarket-delivery-808',	NULL,	NULL,	NULL,	NULL),
(220,	112,	NULL,	'robox',	NULL,	NULL,	NULL,	NULL),
(220,	114,	NULL,	'emarket-payment-812',	NULL,	NULL,	NULL,	NULL),
(221,	112,	NULL,	'rbk',	NULL,	NULL,	NULL,	NULL),
(221,	114,	NULL,	'emarket-payment-813',	NULL,	NULL,	NULL,	NULL),
(222,	32,	0,	NULL,	NULL,	NULL,	NULL,	NULL),
(223,	32,	1,	NULL,	NULL,	NULL,	NULL,	NULL),
(224,	32,	2,	NULL,	NULL,	NULL,	NULL,	NULL),
(225,	32,	3,	NULL,	NULL,	NULL,	NULL,	NULL),
(226,	32,	4,	NULL,	NULL,	NULL,	NULL,	NULL),
(227,	32,	5,	NULL,	NULL,	NULL,	NULL,	NULL),
(228,	32,	6,	NULL,	NULL,	NULL,	NULL,	NULL),
(229,	32,	7,	NULL,	NULL,	NULL,	NULL,	NULL),
(230,	32,	8,	NULL,	NULL,	NULL,	NULL,	NULL),
(231,	32,	9,	NULL,	NULL,	NULL,	NULL,	NULL),
(232,	32,	10,	NULL,	NULL,	NULL,	NULL,	NULL),
(233,	32,	11,	NULL,	NULL,	NULL,	NULL,	NULL),
(234,	32,	12,	NULL,	NULL,	NULL,	NULL,	NULL),
(235,	32,	13,	NULL,	NULL,	NULL,	NULL,	NULL),
(236,	32,	14,	NULL,	NULL,	NULL,	NULL,	NULL),
(237,	32,	15,	NULL,	NULL,	NULL,	NULL,	NULL),
(238,	32,	16,	NULL,	NULL,	NULL,	NULL,	NULL),
(239,	32,	17,	NULL,	NULL,	NULL,	NULL,	NULL),
(240,	32,	18,	NULL,	NULL,	NULL,	NULL,	NULL),
(241,	32,	19,	NULL,	NULL,	NULL,	NULL,	NULL),
(242,	32,	20,	NULL,	NULL,	NULL,	NULL,	NULL),
(243,	32,	21,	NULL,	NULL,	NULL,	NULL,	NULL),
(244,	32,	22,	NULL,	NULL,	NULL,	NULL,	NULL),
(245,	32,	23,	NULL,	NULL,	NULL,	NULL,	NULL),
(246,	32,	1,	NULL,	NULL,	NULL,	NULL,	NULL),
(247,	32,	2,	NULL,	NULL,	NULL,	NULL,	NULL),
(248,	32,	3,	NULL,	NULL,	NULL,	NULL,	NULL),
(249,	32,	4,	NULL,	NULL,	NULL,	NULL,	NULL),
(250,	32,	5,	NULL,	NULL,	NULL,	NULL,	NULL),
(251,	32,	6,	NULL,	NULL,	NULL,	NULL,	NULL),
(252,	32,	7,	NULL,	NULL,	NULL,	NULL,	NULL),
(253,	112,	NULL,	'invoice',	NULL,	NULL,	NULL,	NULL),
(253,	114,	NULL,	'emarket-payment-816',	NULL,	NULL,	NULL,	NULL),
(254,	33,	1,	NULL,	NULL,	NULL,	NULL,	NULL),
(255,	33,	2,	NULL,	NULL,	NULL,	NULL,	NULL),
(256,	33,	3,	NULL,	NULL,	NULL,	NULL,	NULL),
(257,	33,	4,	NULL,	NULL,	NULL,	NULL,	NULL),
(258,	33,	5,	NULL,	NULL,	NULL,	NULL,	NULL),
(259,	33,	7,	NULL,	NULL,	NULL,	NULL,	NULL),
(260,	33,	8,	NULL,	NULL,	NULL,	NULL,	NULL),
(261,	33,	9,	NULL,	NULL,	NULL,	NULL,	NULL),
(262,	33,	10,	NULL,	NULL,	NULL,	NULL,	NULL),
(263,	33,	11,	NULL,	NULL,	NULL,	NULL,	NULL),
(264,	33,	12,	NULL,	NULL,	NULL,	NULL,	NULL),
(265,	33,	13,	NULL,	NULL,	NULL,	NULL,	NULL),
(266,	33,	14,	NULL,	NULL,	NULL,	NULL,	NULL),
(267,	33,	15,	NULL,	NULL,	NULL,	NULL,	NULL),
(268,	33,	16,	NULL,	NULL,	NULL,	NULL,	NULL),
(269,	33,	17,	NULL,	NULL,	NULL,	NULL,	NULL),
(270,	33,	18,	NULL,	NULL,	NULL,	NULL,	NULL),
(271,	33,	19,	NULL,	NULL,	NULL,	NULL,	NULL),
(272,	33,	20,	NULL,	NULL,	NULL,	NULL,	NULL),
(273,	33,	21,	NULL,	NULL,	NULL,	NULL,	NULL),
(279,	112,	NULL,	'payanyway',	NULL,	NULL,	NULL,	NULL),
(279,	114,	NULL,	'emarket-payment-payanyway',	NULL,	NULL,	NULL,	NULL),
(280,	112,	NULL,	'dengionline',	NULL,	NULL,	NULL,	NULL),
(280,	114,	NULL,	'emarket-payment-dengionline',	NULL,	NULL,	NULL,	NULL),
(281,	40,	NULL,	'editing',	NULL,	NULL,	NULL,	NULL),
(281,	111,	90,	NULL,	NULL,	NULL,	NULL,	NULL),
(282,	34,	NULL,	'bank',	NULL,	NULL,	NULL,	NULL),
(283,	34,	NULL,	'partner',	NULL,	NULL,	NULL,	NULL),
(284,	112,	NULL,	'kupivkredit',	NULL,	NULL,	NULL,	NULL),
(284,	114,	NULL,	'emarket-payment-kvk',	NULL,	NULL,	NULL,	NULL),
(285,	40,	NULL,	'new',	NULL,	NULL,	NULL,	NULL),
(286,	40,	NULL,	'hol',	NULL,	NULL,	NULL,	NULL),
(287,	40,	NULL,	'ver',	NULL,	NULL,	NULL,	NULL),
(288,	40,	NULL,	'rej',	NULL,	NULL,	NULL,	NULL),
(289,	40,	NULL,	'can',	NULL,	NULL,	NULL,	NULL),
(290,	40,	NULL,	'ovr',	NULL,	NULL,	NULL,	NULL),
(291,	40,	NULL,	'agr',	NULL,	NULL,	NULL,	NULL),
(292,	40,	NULL,	'app',	NULL,	NULL,	NULL,	NULL),
(293,	40,	NULL,	'prr',	NULL,	NULL,	NULL,	NULL),
(294,	40,	NULL,	'pvr',	NULL,	NULL,	NULL,	NULL),
(295,	40,	NULL,	'fap',	NULL,	NULL,	NULL,	NULL),
(296,	41,	NULL,	'android',	NULL,	NULL,	NULL,	NULL),
(297,	41,	NULL,	'ios',	NULL,	NULL,	NULL,	NULL),
(298,	40,	NULL,	'not_defined',	NULL,	NULL,	NULL,	NULL),
(298,	111,	30,	NULL,	NULL,	NULL,	NULL,	NULL),
(299,	40,	NULL,	'not_defined',	NULL,	NULL,	NULL,	NULL),
(299,	111,	30,	NULL,	NULL,	NULL,	NULL,	NULL),
(300,	23,	NULL,	'cp1251',	NULL,	NULL,	NULL,	NULL),
(301,	23,	NULL,	'utf-8',	NULL,	NULL,	NULL,	NULL),
(302,	112,	NULL,	'acquiropay',	NULL,	NULL,	NULL,	NULL),
(302,	114,	NULL,	'emarket-payment-acquiropay',	NULL,	NULL,	NULL,	NULL),
(303,	112,	NULL,	'yandex30',	NULL,	NULL,	NULL,	NULL),
(303,	114,	NULL,	'emarket-payment-yandex30',	NULL,	NULL,	NULL,	NULL),
(304,	112,	NULL,	'paypal',	NULL,	NULL,	NULL,	NULL),
(304,	114,	NULL,	'emarket-payment-paypal',	NULL,	NULL,	NULL,	NULL),
(307,	132,	NULL,	'ApiShip',	NULL,	NULL,	NULL,	NULL),
(307,	134,	NULL,	'emarket-delivery-842',	NULL,	NULL,	NULL,	NULL),
(308,	40,	NULL,	'canceled',	NULL,	NULL,	NULL,	NULL),
(308,	111,	50,	NULL,	NULL,	NULL,	NULL,	NULL),
(309,	40,	NULL,	'return',	NULL,	NULL,	NULL,	NULL),
(309,	111,	60,	NULL,	NULL,	NULL,	NULL,	NULL),
(310,	30,	NULL,	'AU',	NULL,	NULL,	NULL,	NULL),
(311,	30,	NULL,	'AT',	NULL,	NULL,	NULL,	NULL),
(312,	30,	NULL,	'AZ',	NULL,	NULL,	NULL,	NULL),
(313,	30,	NULL,	'AX',	NULL,	NULL,	NULL,	NULL),
(314,	30,	NULL,	'AL',	NULL,	NULL,	NULL,	NULL),
(315,	30,	NULL,	'DZ',	NULL,	NULL,	NULL,	NULL),
(316,	30,	NULL,	'AS',	NULL,	NULL,	NULL,	NULL),
(317,	30,	NULL,	'AI',	NULL,	NULL,	NULL,	NULL),
(318,	30,	NULL,	'AO',	NULL,	NULL,	NULL,	NULL),
(319,	30,	NULL,	'AD',	NULL,	NULL,	NULL,	NULL),
(320,	30,	NULL,	'AQ',	NULL,	NULL,	NULL,	NULL),
(321,	30,	NULL,	'AG',	NULL,	NULL,	NULL,	NULL),
(322,	30,	NULL,	'AR',	NULL,	NULL,	NULL,	NULL),
(323,	30,	NULL,	'AM',	NULL,	NULL,	NULL,	NULL),
(324,	30,	NULL,	'AW',	NULL,	NULL,	NULL,	NULL),
(325,	30,	NULL,	'AF',	NULL,	NULL,	NULL,	NULL),
(326,	30,	NULL,	'BS',	NULL,	NULL,	NULL,	NULL),
(327,	30,	NULL,	'BD',	NULL,	NULL,	NULL,	NULL),
(328,	30,	NULL,	'BB',	NULL,	NULL,	NULL,	NULL),
(329,	30,	NULL,	'BH',	NULL,	NULL,	NULL,	NULL),
(330,	30,	NULL,	'BY',	NULL,	NULL,	NULL,	NULL),
(331,	30,	NULL,	'BZ',	NULL,	NULL,	NULL,	NULL),
(332,	30,	NULL,	'BE',	NULL,	NULL,	NULL,	NULL),
(333,	30,	NULL,	'BJ',	NULL,	NULL,	NULL,	NULL),
(334,	30,	NULL,	'BM',	NULL,	NULL,	NULL,	NULL),
(335,	30,	NULL,	'BG',	NULL,	NULL,	NULL,	NULL),
(336,	30,	NULL,	'BO',	NULL,	NULL,	NULL,	NULL),
(337,	30,	NULL,	'BQ',	NULL,	NULL,	NULL,	NULL),
(338,	30,	NULL,	'BA',	NULL,	NULL,	NULL,	NULL),
(339,	30,	NULL,	'BW',	NULL,	NULL,	NULL,	NULL),
(340,	30,	NULL,	'BR',	NULL,	NULL,	NULL,	NULL),
(341,	30,	NULL,	'IO',	NULL,	NULL,	NULL,	NULL),
(342,	30,	NULL,	'BN',	NULL,	NULL,	NULL,	NULL),
(343,	30,	NULL,	'BF',	NULL,	NULL,	NULL,	NULL),
(344,	30,	NULL,	'BI',	NULL,	NULL,	NULL,	NULL),
(345,	30,	NULL,	'BT',	NULL,	NULL,	NULL,	NULL),
(346,	30,	NULL,	'VU',	NULL,	NULL,	NULL,	NULL),
(347,	30,	NULL,	'VA',	NULL,	NULL,	NULL,	NULL),
(348,	30,	NULL,	'GB',	NULL,	NULL,	NULL,	NULL),
(349,	30,	NULL,	'HU',	NULL,	NULL,	NULL,	NULL),
(350,	30,	NULL,	'VE',	NULL,	NULL,	NULL,	NULL),
(351,	30,	NULL,	'VG',	NULL,	NULL,	NULL,	NULL),
(352,	30,	NULL,	'VI',	NULL,	NULL,	NULL,	NULL),
(353,	30,	NULL,	'UM',	NULL,	NULL,	NULL,	NULL),
(354,	30,	NULL,	'TL',	NULL,	NULL,	NULL,	NULL),
(355,	30,	NULL,	'VN',	NULL,	NULL,	NULL,	NULL),
(356,	30,	NULL,	'GA',	NULL,	NULL,	NULL,	NULL),
(357,	30,	NULL,	'HT',	NULL,	NULL,	NULL,	NULL),
(358,	30,	NULL,	'GY',	NULL,	NULL,	NULL,	NULL),
(359,	30,	NULL,	'GM',	NULL,	NULL,	NULL,	NULL),
(360,	30,	NULL,	'GH',	NULL,	NULL,	NULL,	NULL),
(361,	30,	NULL,	'GP',	NULL,	NULL,	NULL,	NULL),
(362,	30,	NULL,	'GT',	NULL,	NULL,	NULL,	NULL),
(363,	30,	NULL,	'GN',	NULL,	NULL,	NULL,	NULL),
(364,	30,	NULL,	'GW',	NULL,	NULL,	NULL,	NULL),
(365,	30,	NULL,	'DE',	NULL,	NULL,	NULL,	NULL),
(366,	30,	NULL,	'GG',	NULL,	NULL,	NULL,	NULL),
(367,	30,	NULL,	'GI',	NULL,	NULL,	NULL,	NULL),
(368,	30,	NULL,	'HN',	NULL,	NULL,	NULL,	NULL),
(369,	30,	NULL,	'HK',	NULL,	NULL,	NULL,	NULL),
(370,	30,	NULL,	'GD',	NULL,	NULL,	NULL,	NULL),
(371,	30,	NULL,	'GL',	NULL,	NULL,	NULL,	NULL),
(372,	30,	NULL,	'GR',	NULL,	NULL,	NULL,	NULL),
(373,	30,	NULL,	'GE',	NULL,	NULL,	NULL,	NULL),
(374,	30,	NULL,	'GU',	NULL,	NULL,	NULL,	NULL),
(375,	30,	NULL,	'DK',	NULL,	NULL,	NULL,	NULL),
(376,	30,	NULL,	'JE',	NULL,	NULL,	NULL,	NULL),
(377,	30,	NULL,	'DJ',	NULL,	NULL,	NULL,	NULL),
(378,	30,	NULL,	'DG',	NULL,	NULL,	NULL,	NULL),
(379,	30,	NULL,	'DM',	NULL,	NULL,	NULL,	NULL),
(380,	30,	NULL,	'DO',	NULL,	NULL,	NULL,	NULL),
(381,	30,	NULL,	'EG',	NULL,	NULL,	NULL,	NULL),
(382,	30,	NULL,	'ZM',	NULL,	NULL,	NULL,	NULL),
(383,	30,	NULL,	'EH',	NULL,	NULL,	NULL,	NULL),
(384,	30,	NULL,	'ZW',	NULL,	NULL,	NULL,	NULL),
(385,	30,	NULL,	'IL',	NULL,	NULL,	NULL,	NULL),
(386,	30,	NULL,	'IN',	NULL,	NULL,	NULL,	NULL),
(387,	30,	NULL,	'ID',	NULL,	NULL,	NULL,	NULL),
(388,	30,	NULL,	'JO',	NULL,	NULL,	NULL,	NULL),
(389,	30,	NULL,	'IQ',	NULL,	NULL,	NULL,	NULL),
(390,	30,	NULL,	'IR',	NULL,	NULL,	NULL,	NULL),
(391,	30,	NULL,	'IE',	NULL,	NULL,	NULL,	NULL),
(392,	30,	NULL,	'IS',	NULL,	NULL,	NULL,	NULL),
(393,	30,	NULL,	'ES',	NULL,	NULL,	NULL,	NULL),
(394,	30,	NULL,	'IT',	NULL,	NULL,	NULL,	NULL),
(395,	30,	NULL,	'YE',	NULL,	NULL,	NULL,	NULL),
(396,	30,	NULL,	'CV',	NULL,	NULL,	NULL,	NULL),
(397,	30,	NULL,	'KZ',	NULL,	NULL,	NULL,	NULL),
(398,	30,	NULL,	'KY',	NULL,	NULL,	NULL,	NULL),
(399,	30,	NULL,	'KH',	NULL,	NULL,	NULL,	NULL),
(400,	30,	NULL,	'CM',	NULL,	NULL,	NULL,	NULL),
(401,	30,	NULL,	'CA',	NULL,	NULL,	NULL,	NULL),
(402,	30,	NULL,	'IC',	NULL,	NULL,	NULL,	NULL),
(403,	30,	NULL,	'QA',	NULL,	NULL,	NULL,	NULL),
(404,	30,	NULL,	'KE',	NULL,	NULL,	NULL,	NULL),
(405,	30,	NULL,	'CY',	NULL,	NULL,	NULL,	NULL),
(406,	30,	NULL,	'KG',	NULL,	NULL,	NULL,	NULL),
(407,	30,	NULL,	'KI',	NULL,	NULL,	NULL,	NULL),
(408,	30,	NULL,	'CN',	NULL,	NULL,	NULL,	NULL),
(409,	30,	NULL,	'KP',	NULL,	NULL,	NULL,	NULL),
(410,	30,	NULL,	'CC',	NULL,	NULL,	NULL,	NULL),
(411,	30,	NULL,	'CO',	NULL,	NULL,	NULL,	NULL),
(412,	30,	NULL,	'KM',	NULL,	NULL,	NULL,	NULL),
(413,	30,	NULL,	'CG',	NULL,	NULL,	NULL,	NULL),
(414,	30,	NULL,	'CD',	NULL,	NULL,	NULL,	NULL),
(415,	30,	NULL,	'XK',	NULL,	NULL,	NULL,	NULL),
(416,	30,	NULL,	'CR',	NULL,	NULL,	NULL,	NULL),
(417,	30,	NULL,	'CI',	NULL,	NULL,	NULL,	NULL),
(418,	30,	NULL,	'CU',	NULL,	NULL,	NULL,	NULL),
(419,	30,	NULL,	'KW',	NULL,	NULL,	NULL,	NULL),
(420,	30,	NULL,	'CW',	NULL,	NULL,	NULL,	NULL),
(421,	30,	NULL,	'LA',	NULL,	NULL,	NULL,	NULL),
(422,	30,	NULL,	'LV',	NULL,	NULL,	NULL,	NULL),
(423,	30,	NULL,	'LS',	NULL,	NULL,	NULL,	NULL),
(424,	30,	NULL,	'LR',	NULL,	NULL,	NULL,	NULL),
(425,	30,	NULL,	'LB',	NULL,	NULL,	NULL,	NULL),
(426,	30,	NULL,	'LY',	NULL,	NULL,	NULL,	NULL),
(427,	30,	NULL,	'LT',	NULL,	NULL,	NULL,	NULL),
(428,	30,	NULL,	'LI',	NULL,	NULL,	NULL,	NULL),
(429,	30,	NULL,	'LU',	NULL,	NULL,	NULL,	NULL),
(430,	30,	NULL,	'MU',	NULL,	NULL,	NULL,	NULL),
(431,	30,	NULL,	'MR',	NULL,	NULL,	NULL,	NULL),
(432,	30,	NULL,	'MG',	NULL,	NULL,	NULL,	NULL),
(433,	30,	NULL,	'YT',	NULL,	NULL,	NULL,	NULL),
(434,	30,	NULL,	'MO',	NULL,	NULL,	NULL,	NULL),
(435,	30,	NULL,	'MK',	NULL,	NULL,	NULL,	NULL),
(436,	30,	NULL,	'MW',	NULL,	NULL,	NULL,	NULL),
(437,	30,	NULL,	'MY',	NULL,	NULL,	NULL,	NULL),
(438,	30,	NULL,	'ML',	NULL,	NULL,	NULL,	NULL),
(439,	30,	NULL,	'MV',	NULL,	NULL,	NULL,	NULL),
(440,	30,	NULL,	'MT',	NULL,	NULL,	NULL,	NULL),
(441,	30,	NULL,	'MA',	NULL,	NULL,	NULL,	NULL),
(442,	30,	NULL,	'MQ',	NULL,	NULL,	NULL,	NULL),
(443,	30,	NULL,	'MH',	NULL,	NULL,	NULL,	NULL),
(444,	30,	NULL,	'MX',	NULL,	NULL,	NULL,	NULL),
(445,	30,	NULL,	'MZ',	NULL,	NULL,	NULL,	NULL),
(446,	30,	NULL,	'MD',	NULL,	NULL,	NULL,	NULL),
(447,	30,	NULL,	'MC',	NULL,	NULL,	NULL,	NULL),
(448,	30,	NULL,	'MN',	NULL,	NULL,	NULL,	NULL),
(449,	30,	NULL,	'MS',	NULL,	NULL,	NULL,	NULL),
(450,	30,	NULL,	'MM',	NULL,	NULL,	NULL,	NULL),
(451,	30,	NULL,	'NA',	NULL,	NULL,	NULL,	NULL),
(452,	30,	NULL,	'NR',	NULL,	NULL,	NULL,	NULL),
(453,	30,	NULL,	'NP',	NULL,	NULL,	NULL,	NULL),
(454,	30,	NULL,	'NE',	NULL,	NULL,	NULL,	NULL),
(455,	30,	NULL,	'NG',	NULL,	NULL,	NULL,	NULL),
(456,	30,	NULL,	'NL',	NULL,	NULL,	NULL,	NULL),
(457,	30,	NULL,	'NI',	NULL,	NULL,	NULL,	NULL),
(458,	30,	NULL,	'NU',	NULL,	NULL,	NULL,	NULL),
(459,	30,	NULL,	'NZ',	NULL,	NULL,	NULL,	NULL),
(460,	30,	NULL,	'NC',	NULL,	NULL,	NULL,	NULL),
(461,	30,	NULL,	'NO',	NULL,	NULL,	NULL,	NULL),
(462,	30,	NULL,	'AC',	NULL,	NULL,	NULL,	NULL),
(463,	30,	NULL,	'IM',	NULL,	NULL,	NULL,	NULL),
(464,	30,	NULL,	'NF',	NULL,	NULL,	NULL,	NULL),
(465,	30,	NULL,	'CX',	NULL,	NULL,	NULL,	NULL),
(466,	30,	NULL,	'SH',	NULL,	NULL,	NULL,	NULL),
(467,	30,	NULL,	'CK',	NULL,	NULL,	NULL,	NULL),
(468,	30,	NULL,	'TC',	NULL,	NULL,	NULL,	NULL),
(469,	30,	NULL,	'AE',	NULL,	NULL,	NULL,	NULL),
(470,	30,	NULL,	'OM',	NULL,	NULL,	NULL,	NULL),
(471,	30,	NULL,	'PK',	NULL,	NULL,	NULL,	NULL),
(472,	30,	NULL,	'PW',	NULL,	NULL,	NULL,	NULL),
(473,	30,	NULL,	'PS',	NULL,	NULL,	NULL,	NULL),
(474,	30,	NULL,	'PA',	NULL,	NULL,	NULL,	NULL),
(475,	30,	NULL,	'PG',	NULL,	NULL,	NULL,	NULL),
(476,	30,	NULL,	'PY',	NULL,	NULL,	NULL,	NULL),
(477,	30,	NULL,	'PE',	NULL,	NULL,	NULL,	NULL),
(478,	30,	NULL,	'PN',	NULL,	NULL,	NULL,	NULL),
(479,	30,	NULL,	'PL',	NULL,	NULL,	NULL,	NULL),
(480,	30,	NULL,	'PT',	NULL,	NULL,	NULL,	NULL),
(481,	30,	NULL,	'PR',	NULL,	NULL,	NULL,	NULL),
(482,	30,	NULL,	'KR',	NULL,	NULL,	NULL,	NULL),
(483,	30,	NULL,	'RE',	NULL,	NULL,	NULL,	NULL),
(484,	30,	NULL,	'RW',	NULL,	NULL,	NULL,	NULL),
(485,	30,	NULL,	'RO',	NULL,	NULL,	NULL,	NULL),
(486,	30,	NULL,	'SV',	NULL,	NULL,	NULL,	NULL),
(487,	30,	NULL,	'WS',	NULL,	NULL,	NULL,	NULL),
(488,	30,	NULL,	'SM',	NULL,	NULL,	NULL,	NULL),
(489,	30,	NULL,	'ST',	NULL,	NULL,	NULL,	NULL),
(490,	30,	NULL,	'SA',	NULL,	NULL,	NULL,	NULL),
(491,	30,	NULL,	'SZ',	NULL,	NULL,	NULL,	NULL),
(492,	30,	NULL,	'MP',	NULL,	NULL,	NULL,	NULL),
(493,	30,	NULL,	'SC',	NULL,	NULL,	NULL,	NULL),
(494,	30,	NULL,	'BL',	NULL,	NULL,	NULL,	NULL),
(495,	30,	NULL,	'MF',	NULL,	NULL,	NULL,	NULL),
(496,	30,	NULL,	'PM',	NULL,	NULL,	NULL,	NULL),
(497,	30,	NULL,	'SN',	NULL,	NULL,	NULL,	NULL),
(498,	30,	NULL,	'VC',	NULL,	NULL,	NULL,	NULL),
(499,	30,	NULL,	'KN',	NULL,	NULL,	NULL,	NULL),
(500,	30,	NULL,	'LC',	NULL,	NULL,	NULL,	NULL),
(501,	30,	NULL,	'RS',	NULL,	NULL,	NULL,	NULL),
(502,	30,	NULL,	'EA',	NULL,	NULL,	NULL,	NULL),
(503,	30,	NULL,	'SG',	NULL,	NULL,	NULL,	NULL),
(504,	30,	NULL,	'SX',	NULL,	NULL,	NULL,	NULL),
(505,	30,	NULL,	'SY',	NULL,	NULL,	NULL,	NULL),
(506,	30,	NULL,	'SK',	NULL,	NULL,	NULL,	NULL),
(507,	30,	NULL,	'SI',	NULL,	NULL,	NULL,	NULL),
(508,	30,	NULL,	'SB',	NULL,	NULL,	NULL,	NULL),
(509,	30,	NULL,	'SO',	NULL,	NULL,	NULL,	NULL),
(510,	30,	NULL,	'SD',	NULL,	NULL,	NULL,	NULL),
(511,	30,	NULL,	'SR',	NULL,	NULL,	NULL,	NULL),
(512,	30,	NULL,	'SL',	NULL,	NULL,	NULL,	NULL),
(513,	30,	NULL,	'TJ',	NULL,	NULL,	NULL,	NULL),
(514,	30,	NULL,	'TH',	NULL,	NULL,	NULL,	NULL),
(515,	30,	NULL,	'TW',	NULL,	NULL,	NULL,	NULL),
(516,	30,	NULL,	'TZ',	NULL,	NULL,	NULL,	NULL),
(517,	30,	NULL,	'TG',	NULL,	NULL,	NULL,	NULL),
(518,	30,	NULL,	'TK',	NULL,	NULL,	NULL,	NULL),
(519,	30,	NULL,	'TO',	NULL,	NULL,	NULL,	NULL),
(520,	30,	NULL,	'TT',	NULL,	NULL,	NULL,	NULL),
(521,	30,	NULL,	'TA',	NULL,	NULL,	NULL,	NULL),
(522,	30,	NULL,	'TV',	NULL,	NULL,	NULL,	NULL),
(523,	30,	NULL,	'TN',	NULL,	NULL,	NULL,	NULL),
(524,	30,	NULL,	'TM',	NULL,	NULL,	NULL,	NULL),
(525,	30,	NULL,	'TR',	NULL,	NULL,	NULL,	NULL),
(526,	30,	NULL,	'UG',	NULL,	NULL,	NULL,	NULL),
(527,	30,	NULL,	'UZ',	NULL,	NULL,	NULL,	NULL),
(528,	30,	NULL,	'UA',	NULL,	NULL,	NULL,	NULL),
(529,	30,	NULL,	'WF',	NULL,	NULL,	NULL,	NULL),
(530,	30,	NULL,	'UY',	NULL,	NULL,	NULL,	NULL),
(531,	30,	NULL,	'FO',	NULL,	NULL,	NULL,	NULL),
(532,	30,	NULL,	'FM',	NULL,	NULL,	NULL,	NULL),
(533,	30,	NULL,	'FJ',	NULL,	NULL,	NULL,	NULL),
(534,	30,	NULL,	'PH',	NULL,	NULL,	NULL,	NULL),
(535,	30,	NULL,	'FI',	NULL,	NULL,	NULL,	NULL),
(536,	30,	NULL,	'FK',	NULL,	NULL,	NULL,	NULL),
(537,	30,	NULL,	'FR',	NULL,	NULL,	NULL,	NULL),
(538,	30,	NULL,	'GF',	NULL,	NULL,	NULL,	NULL),
(539,	30,	NULL,	'PF',	NULL,	NULL,	NULL,	NULL),
(540,	30,	NULL,	'TF',	NULL,	NULL,	NULL,	NULL),
(541,	30,	NULL,	'HR',	NULL,	NULL,	NULL,	NULL),
(542,	30,	NULL,	'CF',	NULL,	NULL,	NULL,	NULL),
(543,	30,	NULL,	'TD',	NULL,	NULL,	NULL,	NULL),
(544,	30,	NULL,	'ME',	NULL,	NULL,	NULL,	NULL),
(545,	30,	NULL,	'CZ',	NULL,	NULL,	NULL,	NULL),
(546,	30,	NULL,	'CL',	NULL,	NULL,	NULL,	NULL),
(547,	30,	NULL,	'CH',	NULL,	NULL,	NULL,	NULL),
(548,	30,	NULL,	'SE',	NULL,	NULL,	NULL,	NULL),
(549,	30,	NULL,	'SJ',	NULL,	NULL,	NULL,	NULL),
(550,	30,	NULL,	'LK',	NULL,	NULL,	NULL,	NULL),
(551,	30,	NULL,	'EC',	NULL,	NULL,	NULL,	NULL),
(552,	30,	NULL,	'GQ',	NULL,	NULL,	NULL,	NULL),
(553,	30,	NULL,	'ER',	NULL,	NULL,	NULL,	NULL),
(554,	30,	NULL,	'EE',	NULL,	NULL,	NULL,	NULL),
(555,	30,	NULL,	'ET',	NULL,	NULL,	NULL,	NULL),
(556,	30,	NULL,	'ZA',	NULL,	NULL,	NULL,	NULL),
(557,	30,	NULL,	'GS',	NULL,	NULL,	NULL,	NULL),
(558,	30,	NULL,	'SS',	NULL,	NULL,	NULL,	NULL),
(559,	30,	NULL,	'JM',	NULL,	NULL,	NULL,	NULL),
(560,	30,	NULL,	'JP',	NULL,	NULL,	NULL,	NULL),
(561,	112,	NULL,	'YandexKassa',	NULL,	NULL,	NULL,	NULL),
(561,	114,	NULL,	'emarket-payment-yandex-kassa',	NULL,	NULL,	NULL,	NULL),
(562,	87,	NULL,	'custom',	NULL,	NULL,	NULL,	NULL),
(563,	87,	NULL,	'TradeOffer',	NULL,	NULL,	NULL,	NULL),
(564,	1,	NULL,	'page_status_publish',	NULL,	NULL,	NULL,	NULL),
(565,	51,	1,	NULL,	NULL,	NULL,	NULL,	NULL),
(565,	52,	NULL,	'none',	NULL,	NULL,	NULL,	NULL),
(565,	53,	NULL,	'none',	NULL,	NULL,	NULL,	NULL),
(565,	54,	1105,	NULL,	NULL,	NULL,	NULL,	NULL),
(565,	55,	0,	NULL,	NULL,	NULL,	NULL,	NULL),
(565,	56,	NULL,	'none',	NULL,	NULL,	NULL,	NULL),
(566,	31,	3000,	NULL,	NULL,	NULL,	NULL,	NULL),
(567,	57,	NULL,	'commodity',	NULL,	NULL,	NULL,	NULL),
(567,	53,	NULL,	'commodity',	NULL,	NULL,	NULL,	NULL),
(567,	58,	NULL,	'commodity',	NULL,	NULL,	NULL,	NULL),
(567,	59,	1,	NULL,	NULL,	NULL,	NULL,	NULL),
(567,	55,	1,	NULL,	NULL,	NULL,	NULL,	NULL),
(568,	57,	NULL,	'full_prepayment',	NULL,	NULL,	NULL,	NULL),
(568,	53,	NULL,	'full_prepayment',	NULL,	NULL,	NULL,	NULL),
(568,	58,	NULL,	'full_prepayment',	NULL,	NULL,	NULL,	NULL),
(568,	59,	1,	NULL,	NULL,	NULL,	NULL,	NULL),
(568,	55,	1,	NULL,	NULL,	NULL,	NULL,	NULL),
(569,	1,	NULL,	'page_status_unpublish',	NULL,	NULL,	NULL,	NULL),
(570,	31,	3010,	NULL,	NULL,	NULL,	NULL,	NULL),
(571,	51,	2,	NULL,	NULL,	NULL,	NULL,	NULL),
(571,	52,	NULL,	'vat0',	NULL,	NULL,	NULL,	NULL),
(571,	53,	NULL,	'vat0',	NULL,	NULL,	NULL,	NULL),
(571,	54,	1104,	NULL,	NULL,	NULL,	NULL,	NULL),
(571,	55,	1,	NULL,	NULL,	NULL,	NULL,	NULL),
(571,	56,	NULL,	'0',	NULL,	NULL,	NULL,	NULL),
(572,	57,	NULL,	'excise',	NULL,	NULL,	NULL,	NULL),
(572,	53,	NULL,	'excise',	NULL,	NULL,	NULL,	NULL),
(572,	58,	NULL,	'excise',	NULL,	NULL,	NULL,	NULL),
(572,	59,	2,	NULL,	NULL,	NULL,	NULL,	NULL),
(572,	55,	2,	NULL,	NULL,	NULL,	NULL,	NULL),
(573,	57,	NULL,	'partial_prepayment',	NULL,	NULL,	NULL,	NULL),
(573,	53,	NULL,	'prepayment',	NULL,	NULL,	NULL,	NULL),
(573,	58,	NULL,	'prepayment',	NULL,	NULL,	NULL,	NULL),
(573,	59,	2,	NULL,	NULL,	NULL,	NULL,	NULL),
(573,	55,	2,	NULL,	NULL,	NULL,	NULL,	NULL),
(574,	1,	NULL,	'page_status_preunpublish',	NULL,	NULL,	NULL,	NULL),
(575,	31,	3020,	NULL,	NULL,	NULL,	NULL,	NULL),
(576,	51,	3,	NULL,	NULL,	NULL,	NULL,	NULL),
(576,	52,	NULL,	'vat10',	NULL,	NULL,	NULL,	NULL),
(576,	53,	NULL,	'vat10',	NULL,	NULL,	NULL,	NULL),
(576,	54,	1103,	NULL,	NULL,	NULL,	NULL,	NULL),
(576,	55,	2,	NULL,	NULL,	NULL,	NULL,	NULL),
(576,	56,	NULL,	'10',	NULL,	NULL,	NULL,	NULL),
(577,	57,	NULL,	'job',	NULL,	NULL,	NULL,	NULL),
(577,	53,	NULL,	'job',	NULL,	NULL,	NULL,	NULL),
(577,	58,	NULL,	'job',	NULL,	NULL,	NULL,	NULL),
(577,	59,	3,	NULL,	NULL,	NULL,	NULL,	NULL),
(577,	55,	3,	NULL,	NULL,	NULL,	NULL,	NULL),
(578,	57,	NULL,	'advance',	NULL,	NULL,	NULL,	NULL),
(578,	53,	NULL,	'advance',	NULL,	NULL,	NULL,	NULL),
(578,	58,	NULL,	'advance',	NULL,	NULL,	NULL,	NULL),
(578,	59,	3,	NULL,	NULL,	NULL,	NULL,	NULL),
(578,	55,	3,	NULL,	NULL,	NULL,	NULL,	NULL),
(579,	31,	16010,	NULL,	NULL,	NULL,	NULL,	NULL),
(580,	51,	4,	NULL,	NULL,	NULL,	NULL,	NULL),
(580,	52,	NULL,	'vat20',	NULL,	NULL,	NULL,	NULL),
(580,	53,	NULL,	'vat20',	NULL,	NULL,	NULL,	NULL),
(580,	54,	1102,	NULL,	NULL,	NULL,	NULL,	NULL),
(580,	55,	6,	NULL,	NULL,	NULL,	NULL,	NULL),
(580,	56,	NULL,	'20',	NULL,	NULL,	NULL,	NULL),
(581,	57,	NULL,	'service',	NULL,	NULL,	NULL,	NULL),
(581,	53,	NULL,	'service',	NULL,	NULL,	NULL,	NULL),
(581,	58,	NULL,	'service',	NULL,	NULL,	NULL,	NULL),
(581,	59,	4,	NULL,	NULL,	NULL,	NULL,	NULL),
(581,	55,	4,	NULL,	NULL,	NULL,	NULL,	NULL),
(582,	57,	NULL,	'full_payment',	NULL,	NULL,	NULL,	NULL),
(582,	53,	NULL,	'full_payment',	NULL,	NULL,	NULL,	NULL),
(582,	58,	NULL,	'full_payment',	NULL,	NULL,	NULL,	NULL),
(582,	59,	4,	NULL,	NULL,	NULL,	NULL,	NULL),
(582,	55,	4,	NULL,	NULL,	NULL,	NULL,	NULL),
(583,	31,	16020,	NULL,	NULL,	NULL,	NULL,	NULL),
(584,	51,	5,	NULL,	NULL,	NULL,	NULL,	NULL),
(584,	52,	NULL,	'vat110',	NULL,	NULL,	NULL,	NULL),
(584,	53,	NULL,	'vat110',	NULL,	NULL,	NULL,	NULL),
(584,	54,	1107,	NULL,	NULL,	NULL,	NULL,	NULL),
(584,	55,	4,	NULL,	NULL,	NULL,	NULL,	NULL),
(584,	56,	NULL,	'10/110',	NULL,	NULL,	NULL,	NULL),
(585,	57,	NULL,	'gambling_bet',	NULL,	NULL,	NULL,	NULL),
(585,	53,	NULL,	'gambling_bet',	NULL,	NULL,	NULL,	NULL),
(585,	58,	NULL,	'gambling_bet',	NULL,	NULL,	NULL,	NULL),
(585,	59,	5,	NULL,	NULL,	NULL,	NULL,	NULL),
(585,	55,	5,	NULL,	NULL,	NULL,	NULL,	NULL),
(586,	57,	NULL,	'partial_payment',	NULL,	NULL,	NULL,	NULL),
(586,	53,	NULL,	'partial_payment',	NULL,	NULL,	NULL,	NULL),
(586,	58,	NULL,	'partial_payment',	NULL,	NULL,	NULL,	NULL),
(586,	59,	5,	NULL,	NULL,	NULL,	NULL,	NULL),
(586,	55,	5,	NULL,	NULL,	NULL,	NULL,	NULL),
(587,	51,	6,	NULL,	NULL,	NULL,	NULL,	NULL),
(587,	52,	NULL,	'vat120',	NULL,	NULL,	NULL,	NULL),
(587,	53,	NULL,	'vat120',	NULL,	NULL,	NULL,	NULL),
(587,	54,	1106,	NULL,	NULL,	NULL,	NULL,	NULL),
(587,	55,	7,	NULL,	NULL,	NULL,	NULL,	NULL),
(587,	56,	NULL,	'20/120',	NULL,	NULL,	NULL,	NULL),
(588,	31,	27030,	NULL,	NULL,	NULL,	NULL,	NULL),
(589,	57,	NULL,	'gambling_prize',	NULL,	NULL,	NULL,	NULL),
(589,	53,	NULL,	'gambling_prize',	NULL,	NULL,	NULL,	NULL),
(589,	58,	NULL,	'gambling_prize',	NULL,	NULL,	NULL,	NULL),
(589,	59,	6,	NULL,	NULL,	NULL,	NULL,	NULL),
(589,	55,	6,	NULL,	NULL,	NULL,	NULL,	NULL),
(590,	57,	NULL,	'credit',	NULL,	NULL,	NULL,	NULL),
(590,	53,	NULL,	'credit',	NULL,	NULL,	NULL,	NULL),
(590,	58,	NULL,	'credit',	NULL,	NULL,	NULL,	NULL),
(590,	59,	6,	NULL,	NULL,	NULL,	NULL,	NULL),
(590,	55,	6,	NULL,	NULL,	NULL,	NULL,	NULL),
(591,	31,	27020,	NULL,	NULL,	NULL,	NULL,	NULL),
(592,	57,	NULL,	'lottery',	NULL,	NULL,	NULL,	NULL),
(592,	53,	NULL,	'lottery',	NULL,	NULL,	NULL,	NULL),
(592,	58,	NULL,	'lottery',	NULL,	NULL,	NULL,	NULL),
(592,	59,	7,	NULL,	NULL,	NULL,	NULL,	NULL),
(592,	55,	7,	NULL,	NULL,	NULL,	NULL,	NULL),
(593,	57,	NULL,	'credit_payment',	NULL,	NULL,	NULL,	NULL),
(593,	53,	NULL,	'credit_payment',	NULL,	NULL,	NULL,	NULL),
(593,	58,	NULL,	'credit_payment',	NULL,	NULL,	NULL,	NULL),
(593,	59,	7,	NULL,	NULL,	NULL,	NULL,	NULL),
(593,	55,	7,	NULL,	NULL,	NULL,	NULL,	NULL),
(594,	31,	47030,	NULL,	NULL,	NULL,	NULL,	NULL),
(595,	57,	NULL,	'lottery_prize',	NULL,	NULL,	NULL,	NULL),
(595,	53,	NULL,	'lottery_prize',	NULL,	NULL,	NULL,	NULL),
(595,	58,	NULL,	'lottery_prize',	NULL,	NULL,	NULL,	NULL),
(595,	59,	8,	NULL,	NULL,	NULL,	NULL,	NULL),
(595,	55,	8,	NULL,	NULL,	NULL,	NULL,	NULL),
(596,	31,	47020,	NULL,	NULL,	NULL,	NULL,	NULL),
(597,	57,	NULL,	'intellectual_activity',	NULL,	NULL,	NULL,	NULL),
(597,	53,	NULL,	'intellectual_activity',	NULL,	NULL,	NULL,	NULL),
(597,	58,	NULL,	'intellectual_activity',	NULL,	NULL,	NULL,	NULL),
(597,	59,	9,	NULL,	NULL,	NULL,	NULL,	NULL),
(597,	55,	9,	NULL,	NULL,	NULL,	NULL,	NULL),
(598,	31,	7030,	NULL,	NULL,	NULL,	NULL,	NULL),
(599,	57,	NULL,	'payment',	NULL,	NULL,	NULL,	NULL),
(599,	53,	NULL,	'payment',	NULL,	NULL,	NULL,	NULL),
(599,	58,	NULL,	'payment',	NULL,	NULL,	NULL,	NULL),
(599,	59,	10,	NULL,	NULL,	NULL,	NULL,	NULL),
(599,	55,	10,	NULL,	NULL,	NULL,	NULL,	NULL),
(600,	31,	7020,	NULL,	NULL,	NULL,	NULL,	NULL),
(601,	57,	NULL,	'agent_commission',	NULL,	NULL,	NULL,	NULL),
(601,	53,	NULL,	'agent_commission',	NULL,	NULL,	NULL,	NULL),
(601,	58,	NULL,	'agent_commission',	NULL,	NULL,	NULL,	NULL),
(601,	59,	11,	NULL,	NULL,	NULL,	NULL,	NULL),
(601,	55,	11,	NULL,	NULL,	NULL,	NULL,	NULL),
(602,	57,	NULL,	'composite',	NULL,	NULL,	NULL,	NULL),
(602,	53,	NULL,	'composite',	NULL,	NULL,	NULL,	NULL),
(602,	58,	NULL,	'composite',	NULL,	NULL,	NULL,	NULL),
(602,	59,	12,	NULL,	NULL,	NULL,	NULL,	NULL),
(602,	55,	12,	NULL,	NULL,	NULL,	NULL,	NULL),
(603,	57,	NULL,	'another',	NULL,	NULL,	NULL,	NULL),
(603,	53,	NULL,	'another',	NULL,	NULL,	NULL,	NULL),
(603,	58,	NULL,	'another',	NULL,	NULL,	NULL,	NULL),
(603,	59,	13,	NULL,	NULL,	NULL,	NULL,	NULL),
(603,	55,	13,	NULL,	NULL,	NULL,	NULL,	NULL),
(604,	236,	NULL,	NULL,	NULL,	NULL,	NULL,	12),
(606,	71,	NULL,	'commerceML2',	NULL,	NULL,	NULL,	NULL),
(607,	71,	NULL,	'umiDump20',	NULL,	NULL,	NULL,	NULL),
(608,	71,	NULL,	'CSV',	NULL,	NULL,	NULL,	NULL),
(609,	71,	NULL,	'transfer',	NULL,	NULL,	NULL,	NULL),
(610,	72,	NULL,	'catalogCommerceML',	NULL,	NULL,	NULL,	NULL),
(611,	72,	NULL,	'offersCommerceML',	NULL,	NULL,	NULL,	NULL),
(612,	72,	NULL,	'ordersCommerceML',	NULL,	NULL,	NULL,	NULL),
(613,	72,	NULL,	'YML',	NULL,	NULL,	NULL,	NULL),
(614,	72,	NULL,	'umiDump20',	NULL,	NULL,	NULL,	NULL),
(615,	72,	NULL,	'CSV',	NULL,	NULL,	NULL,	NULL),
(616,	72,	NULL,	'transfer',	NULL,	NULL,	NULL,	NULL),
(617,	72,	NULL,	'commerceML',	NULL,	NULL,	NULL,	NULL),
(618,	203,	NULL,	'Гость',	NULL,	NULL,	NULL,	NULL),
(618,	204,	NULL,	'084e0343a0486ff05530df6c705c8bb4',	NULL,	NULL,	NULL,	NULL),
(618,	205,	NULL,	'anonymous@somedomain.com',	NULL,	NULL,	NULL,	NULL),
(618,	209,	1,	NULL,	NULL,	NULL,	NULL,	NULL),
(618,	210,	0,	NULL,	NULL,	NULL,	NULL,	NULL),
(618,	214,	0,	NULL,	NULL,	NULL,	NULL,	NULL),
(618,	230,	NULL,	'Посетитель',	NULL,	NULL,	NULL,	NULL),
(619,	79,	NULL,	'Зарегистрированные пользователи',	NULL,	NULL,	NULL,	NULL),
(620,	35,	NULL,	'RUR',	NULL,	NULL,	NULL,	NULL),
(620,	36,	1,	NULL,	NULL,	NULL,	NULL,	NULL),
(620,	37,	NULL,	NULL,	NULL,	NULL,	NULL,	1),
(620,	39,	NULL,	'руб',	NULL,	NULL,	NULL,	NULL),
(621,	35,	NULL,	'USD',	NULL,	NULL,	NULL,	NULL),
(621,	36,	1,	NULL,	NULL,	NULL,	NULL,	NULL),
(621,	37,	NULL,	NULL,	NULL,	NULL,	NULL,	31.5),
(621,	38,	NULL,	'$',	NULL,	NULL,	NULL,	NULL),
(622,	35,	NULL,	'EUR',	NULL,	NULL,	NULL,	NULL),
(622,	36,	1,	NULL,	NULL,	NULL,	NULL,	NULL),
(622,	37,	NULL,	NULL,	NULL,	NULL,	NULL,	35),
(622,	38,	NULL,	'€',	NULL,	NULL,	NULL,	NULL),
(182,	206,	NULL,	NULL,	NULL,	181,	NULL,	NULL),
(184,	63,	NULL,	NULL,	NULL,	180,	NULL,	NULL),
(184,	63,	NULL,	NULL,	NULL,	183,	NULL,	NULL),
(184,	63,	NULL,	NULL,	NULL,	179,	NULL,	NULL),
(186,	68,	NULL,	NULL,	NULL,	179,	NULL,	NULL),
(206,	68,	NULL,	NULL,	NULL,	180,	NULL,	NULL),
(206,	68,	NULL,	NULL,	NULL,	183,	NULL,	NULL),
(206,	68,	NULL,	NULL,	NULL,	179,	NULL,	NULL),
(207,	68,	NULL,	NULL,	NULL,	180,	NULL,	NULL),
(207,	68,	NULL,	NULL,	NULL,	183,	NULL,	NULL),
(208,	68,	NULL,	NULL,	NULL,	180,	NULL,	NULL),
(208,	68,	NULL,	NULL,	NULL,	183,	NULL,	NULL),
(208,	68,	NULL,	NULL,	NULL,	179,	NULL,	NULL),
(209,	68,	NULL,	NULL,	NULL,	180,	NULL,	NULL),
(209,	68,	NULL,	NULL,	NULL,	183,	NULL,	NULL),
(209,	68,	NULL,	NULL,	NULL,	179,	NULL,	NULL),
(210,	68,	NULL,	NULL,	NULL,	180,	NULL,	NULL),
(210,	68,	NULL,	NULL,	NULL,	183,	NULL,	NULL),
(210,	68,	NULL,	NULL,	NULL,	179,	NULL,	NULL),
(211,	68,	NULL,	NULL,	NULL,	179,	NULL,	NULL),
(604,	65,	NULL,	NULL,	NULL,	184,	NULL,	NULL),
(605,	70,	NULL,	NULL,	NULL,	210,	NULL,	NULL),
(623,	81,	9898989,	NULL,	NULL,	NULL,	NULL,	NULL),
(623,	82,	NULL,	'Северо-Западный ФО',	NULL,	NULL,	NULL,	NULL),
(623,	83,	NULL,	'Санкт-Петербург',	NULL,	NULL,	NULL,	NULL),
(623,	84,	NULL,	'Строителей',	NULL,	NULL,	NULL,	NULL),
(623,	85,	NULL,	'12',	NULL,	NULL,	NULL,	NULL),
(623,	86,	NULL,	'456',	NULL,	NULL,	NULL,	NULL),
(624,	81,	2434234,	NULL,	NULL,	NULL,	NULL,	NULL),
(624,	82,	NULL,	'Северо-Западный ФО',	NULL,	NULL,	NULL,	NULL),
(624,	83,	NULL,	'Тосно',	NULL,	NULL,	NULL,	NULL),
(624,	84,	NULL,	'Пушкина',	NULL,	NULL,	NULL,	NULL),
(624,	85,	NULL,	'89',	NULL,	NULL,	NULL,	NULL),
(624,	86,	NULL,	'34',	NULL,	NULL,	NULL,	NULL),
(625,	81,	32434,	NULL,	NULL,	NULL,	NULL,	NULL),
(625,	82,	NULL,	'Северо-Западный ФО',	NULL,	NULL,	NULL,	NULL),
(625,	83,	NULL,	'Санкт-Петербург',	NULL,	NULL,	NULL,	NULL),
(625,	84,	NULL,	'Долгоозерная',	NULL,	NULL,	NULL,	NULL),
(625,	85,	NULL,	'23',	NULL,	NULL,	NULL,	NULL),
(625,	86,	NULL,	'34',	NULL,	NULL,	NULL,	NULL),
(626,	81,	2332443,	NULL,	NULL,	NULL,	NULL,	NULL),
(626,	82,	NULL,	'Северо-Западный ФО',	NULL,	NULL,	NULL,	NULL),
(626,	83,	NULL,	'Санкт-Петербург',	NULL,	NULL,	NULL,	NULL),
(626,	84,	NULL,	'Карелина',	NULL,	NULL,	NULL,	NULL),
(626,	85,	NULL,	'34',	NULL,	NULL,	NULL,	NULL),
(626,	86,	NULL,	'90',	NULL,	NULL,	NULL,	NULL),
(627,	81,	34535345,	NULL,	NULL,	NULL,	NULL,	NULL),
(627,	82,	NULL,	'Центральный ФО',	NULL,	NULL,	NULL,	NULL),
(627,	83,	NULL,	'Москва',	NULL,	NULL,	NULL,	NULL),
(627,	84,	NULL,	'Автовская',	NULL,	NULL,	NULL,	NULL),
(627,	85,	NULL,	'34',	NULL,	NULL,	NULL,	NULL),
(627,	86,	NULL,	'45',	NULL,	NULL,	NULL,	NULL),
(628,	81,	34535345,	NULL,	NULL,	NULL,	NULL,	NULL),
(628,	82,	NULL,	'Северо-Западный ФО',	NULL,	NULL,	NULL,	NULL),
(628,	83,	NULL,	'Санкт-Петербург',	NULL,	NULL,	NULL,	NULL),
(628,	84,	NULL,	'Пионерская',	NULL,	NULL,	NULL,	NULL),
(628,	85,	NULL,	'12',	NULL,	NULL,	NULL,	NULL),
(628,	86,	NULL,	'34',	NULL,	NULL,	NULL,	NULL),
(629,	81,	34535345,	NULL,	NULL,	NULL,	NULL,	NULL),
(629,	82,	NULL,	'Северо-Западный ФО',	NULL,	NULL,	NULL,	NULL),
(629,	83,	NULL,	'Санкт-Петербург',	NULL,	NULL,	NULL,	NULL),
(629,	84,	NULL,	'Кипелова',	NULL,	NULL,	NULL,	NULL),
(629,	85,	NULL,	'67',	NULL,	NULL,	NULL,	NULL),
(629,	86,	NULL,	'3',	NULL,	NULL,	NULL,	NULL),
(638,	3,	NULL,	'Хомячок необыкновенный',	NULL,	NULL,	NULL,	NULL),
(638,	336,	NULL,	NULL,	NULL,	NULL,	NULL,	3450),
(638,	340,	0,	NULL,	NULL,	NULL,	NULL,	NULL),
(638,	15,	1,	NULL,	NULL,	NULL,	NULL,	NULL),
(638,	16,	3,	NULL,	NULL,	NULL,	NULL,	NULL),
(638,	505,	4,	NULL,	NULL,	NULL,	NULL,	NULL),
(638,	506,	NULL,	NULL,	NULL,	NULL,	NULL,	36),
(638,	507,	240,	NULL,	NULL,	NULL,	NULL,	NULL),
(638,	508,	NULL,	NULL,	NULL,	NULL,	NULL,	201),
(638,	509,	NULL,	NULL,	NULL,	NULL,	NULL,	235),
(640,	93,	1,	NULL,	NULL,	NULL,	NULL,	NULL),
(640,	94,	NULL,	NULL,	NULL,	NULL,	NULL,	3450),
(640,	95,	NULL,	NULL,	NULL,	NULL,	NULL,	3450),
(640,	97,	NULL,	NULL,	NULL,	NULL,	NULL,	3450),
(191,	113,	100,	NULL,	NULL,	NULL,	NULL,	NULL),
(189,	133,	96,	NULL,	NULL,	NULL,	NULL,	NULL),
(642,	135,	NULL,	NULL,	'Самовывоз со склада',	NULL,	NULL,	NULL),
(643,	145,	10,	NULL,	NULL,	NULL,	NULL,	NULL),
(643,	152,	NULL,	NULL,	NULL,	NULL,	NULL,	3450),
(643,	153,	NULL,	NULL,	NULL,	NULL,	NULL,	3450),
(643,	154,	1,	NULL,	NULL,	NULL,	NULL,	NULL),
(643,	155,	1352977090,	NULL,	NULL,	NULL,	NULL,	NULL),
(643,	156,	1352977091,	NULL,	NULL,	NULL,	NULL,	NULL),
(643,	158,	1,	NULL,	NULL,	NULL,	NULL,	NULL),
(643,	167,	NULL,	NULL,	'http://demoold.updates.umi-cms.ru/emarket/purchase/payment/choose/',	NULL,	NULL,	NULL),
(643,	168,	NULL,	NULL,	'/',	NULL,	NULL,	NULL),
(643,	179,	NULL,	'100412',	NULL,	NULL,	NULL,	NULL),
(643,	201,	1,	NULL,	NULL,	NULL,	NULL,	NULL),
(182,	210,	1396015497,	NULL,	NULL,	NULL,	NULL,	NULL),
(182,	219,	NULL,	NULL,	'a:3:{s:15:\"tree-data-types\";a:1:{s:8:\"expanded\";s:6:\"{0}{5}\";}s:19:\"tree-emarket-orders\";a:1:{s:8:\"expanded\";s:3:\"{0}\";}s:17:\"tree-catalog-tree\";a:1:{s:8:\"expanded\";s:7:\"{0}{30}\";}}',	NULL,	NULL,	NULL),
(644,	3,	NULL,	'Добро пожаловать',	NULL,	NULL,	NULL,	NULL),
(644,	4,	NULL,	NULL,	'<p>Вы находитесь на демо-сайте UMI.CMS.</p>\r\n<p>Вы можете перейти в&nbsp;<a href=\"/admin/\">режим администрирования</a>.</p>',	NULL,	NULL,	NULL),
(644,	12,	1,	NULL,	NULL,	NULL,	NULL,	NULL),
(645,	3,	NULL,	'Форум',	NULL,	NULL,	NULL,	NULL),
(645,	4,	NULL,	NULL,	'<p>%forum confs_list()%</p>',	NULL,	NULL,	NULL),
(646,	3,	NULL,	'Все новости',	NULL,	NULL,	NULL,	NULL),
(647,	2,	NULL,	'Обратная связь',	NULL,	NULL,	NULL,	NULL),
(647,	3,	NULL,	'Обратная связь',	NULL,	NULL,	NULL,	NULL),
(647,	4,	NULL,	NULL,	'<p>%webforms insert()%</p>',	NULL,	NULL,	NULL),
(647,	11,	1,	NULL,	NULL,	NULL,	NULL,	NULL),
(648,	2,	NULL,	'FAQ',	NULL,	NULL,	NULL,	NULL),
(648,	3,	NULL,	'UMI.CMS',	NULL,	NULL,	NULL,	NULL),
(648,	4,	NULL,	NULL,	'<p>Вопросы о коммерческом продукте UMI.CMS.</p>',	NULL,	NULL,	NULL),
(649,	3,	NULL,	'Фотогалерея',	NULL,	NULL,	NULL,	NULL),
(649,	267,	NULL,	NULL,	'<p>Наши любимые фотографии.</p>',	NULL,	NULL,	NULL),
(650,	273,	1,	NULL,	NULL,	NULL,	NULL,	NULL),
(651,	273,	0,	NULL,	NULL,	NULL,	NULL,	NULL),
(652,	273,	1,	NULL,	NULL,	NULL,	NULL,	NULL),
(654,	276,	NULL,	NULL,	'Какой ваш любимый цвет?',	NULL,	NULL,	NULL),
(655,	3,	NULL,	'Скачать',	NULL,	NULL,	NULL,	NULL),
(655,	4,	NULL,	NULL,	'<p>			<div id=\"download_info\">\n		<h3>PHP Manual</h3>\n		<p>Документация по PHP, частично переведенная на русский язык.</p> <br />\n		<a href=\"/downloads/php_manual/\">Скачать</a>\n	</div>\n	\n</p>',	NULL,	NULL,	NULL),
(655,	12,	1,	NULL,	NULL,	NULL,	NULL,	NULL),
(656,	2,	NULL,	'Каталог товаров',	NULL,	NULL,	NULL,	NULL),
(656,	3,	NULL,	'Каталог товаров',	NULL,	NULL,	NULL,	NULL),
(657,	2,	NULL,	'Еще блог',	NULL,	NULL,	NULL,	NULL),
(657,	257,	NULL,	'Блог второй. Тоже для примера.',	NULL,	NULL,	NULL,	NULL),
(658,	3,	NULL,	'Акции',	NULL,	NULL,	NULL,	NULL),
(659,	3,	NULL,	'Обычная страница',	NULL,	NULL,	NULL,	NULL),
(659,	7,	NULL,	'testtag',	NULL,	NULL,	NULL,	NULL),
(659,	4,	NULL,	NULL,	'<p>В 2006 году нами была выпущена первая коммерческая редакция системы UMI.CMS Lite и бесплатный вариант - UMI.CMS Free. С тех пор обладателями лицензий на нашу систему стало свыше 4000 пользователей! В 2007-м, после долгой подготовительной работы мы выпускаем наиболее полный вариант нашего CMS-решения - UMI.CMS Pro, которая имеет все шансы побороться за лидерство среди российских CMS.</p>\r\n<p>В 2007 году была создана новая компания &laquo;Юмисофт&raquo;, которая состредоточится на продаже и дальнейшей разработке наших программных продуктов. Несмотря на это, мы оставили прежним бренд UMI.CMS, ведь даже при отсутствии рекламы и системы распространиения, имя нашей системы уже стало широко известно в кругах веб-разработчиков.</p>\r\n<p>Работа над UMI.CMS продолжается. В планах &ndash; разработка системы на основе технологии ASP.NET и платформах Microsoft. Традиция передовых решений будет с нами и дальше.</p>\r\n<p>И еще один важный момент: наша задача &ndash; сделать CMS максимально полезной для пользователя. Дальнейшее развитие UMI.CMS, разработка нового функционала или комплектация отдельных редакций системы во многом зависит от ваших пожеланий. Пишите нам!</p>\r\n<p>%content tagsDomainCloud()%</p>',	NULL,	NULL,	NULL),
(660,	2,	NULL,	'Видео',	NULL,	NULL,	NULL,	NULL),
(660,	3,	NULL,	'Видео',	NULL,	NULL,	NULL,	NULL),
(660,	6,	NULL,	'Видео',	NULL,	NULL,	NULL,	NULL),
(660,	5,	NULL,	'Видео',	NULL,	NULL,	NULL,	NULL),
(660,	7,	NULL,	'Видео',	NULL,	NULL,	NULL,	NULL),
(660,	4,	NULL,	NULL,	'<div id=\"myFlash\">&nbsp;</div>\r\n<div id=\"myFlash2\">&nbsp;</div>',	NULL,	NULL,	NULL),
(660,	12,	1,	NULL,	NULL,	NULL,	NULL,	NULL),
(660,	13,	1,	NULL,	NULL,	NULL,	NULL,	NULL),
(661,	259,	1,	NULL,	NULL,	NULL,	NULL,	NULL),
(662,	2,	NULL,	'Кто я и зачем?',	NULL,	NULL,	NULL,	NULL),
(662,	3,	NULL,	'Кто я и зачем?',	NULL,	NULL,	NULL,	NULL),
(662,	272,	NULL,	NULL,	'Зачем, куда и почему?<br />',	NULL,	NULL,	NULL),
(662,	243,	1261602900,	NULL,	NULL,	NULL,	NULL,	NULL),
(663,	2,	NULL,	'Кто я и зачем?',	NULL,	NULL,	NULL,	NULL),
(663,	3,	NULL,	'Кто я и зачем?',	NULL,	NULL,	NULL,	NULL),
(663,	269,	2,	NULL,	NULL,	NULL,	NULL,	NULL),
(663,	243,	1261602840,	NULL,	NULL,	NULL,	NULL,	NULL),
(663,	271,	1261688400,	NULL,	NULL,	NULL,	NULL,	NULL),
(664,	3,	NULL,	'Общий',	NULL,	NULL,	NULL,	NULL),
(664,	267,	NULL,	NULL,	'<p>Тут можно обсудить все, что угодно - флеймить и постить всякий мусор.</p>',	NULL,	NULL,	NULL),
(664,	268,	2,	NULL,	NULL,	NULL,	NULL,	NULL),
(664,	269,	5,	NULL,	NULL,	NULL,	NULL,	NULL),
(665,	2,	NULL,	'Где взять денег?',	NULL,	NULL,	NULL,	NULL),
(665,	3,	NULL,	'Где взять денег?',	NULL,	NULL,	NULL,	NULL),
(665,	272,	NULL,	NULL,	'Где взять денег? Достать из кармана? Жалко. Заначка тоже не вариант. Наверное, есть какой-то тру-способ?<br />',	NULL,	NULL,	NULL),
(665,	243,	1261688400,	NULL,	NULL,	NULL,	NULL,	NULL),
(666,	2,	NULL,	'Где взять денег?',	NULL,	NULL,	NULL,	NULL),
(666,	3,	NULL,	'Где взять денег?',	NULL,	NULL,	NULL,	NULL),
(666,	243,	1261602000,	NULL,	NULL,	NULL,	NULL,	NULL),
(666,	271,	1261688400,	NULL,	NULL,	NULL,	NULL,	NULL),
(667,	3,	NULL,	'Где взять?',	NULL,	NULL,	NULL,	NULL),
(667,	267,	NULL,	NULL,	'<p>Тут хорошие люди делятся софтом и лекарствами.</p>',	NULL,	NULL,	NULL),
(668,	3,	NULL,	'Новости из мира хомячков',	NULL,	NULL,	NULL,	NULL),
(669,	3,	NULL,	'Новости экономики',	NULL,	NULL,	NULL,	NULL),
(670,	3,	NULL,	'Новости сайта',	NULL,	NULL,	NULL,	NULL),
(671,	2,	NULL,	'Инженерам удалось извлечь энергию из бега хомяка',	NULL,	NULL,	NULL,	NULL),
(671,	3,	NULL,	'Инженерам удалось извлечь энергию из бега хомяка',	NULL,	NULL,	NULL,	NULL),
(671,	240,	NULL,	NULL,	'<p>Домашний хомяк теперь не только любимый питомец, но и источник электроэнергии. Инженеры одели животное в курточку со встроенным наногенератором. И теперь питомец не просто бегает в колесе, а вырабатывает ток.</p>',	NULL,	NULL,	NULL),
(671,	4,	NULL,	NULL,	'<p>Группа наноисследований профессора Жон Линь Вана из Школы материаловедения и инженерии Института технологий Джорджии (School of Materials Science &amp; Engineering Georgia Institute of Technology) уже не первый год работает над микро&mdash; и наногенераторами для преобразования механической энергии в электрическую. И команда эта, пожалуй, дальше всего продвинулась в этой области.  Так, например, несколько месяцев назад им, наконец, удалось создать генератор тока на основе пьезоэлектрического оксида цинка. Принцип его работы базировался на пьезоэлектрическом эффекте &mdash; возникновении электрического тока в диэлектрике при его механической деформации.  Но главное &mdash; ученым удалось испытать свое устройство на живых объектах. Ученые прикрепили его к крохотной курточке и надели ее на хомяка. Бегая в колесе, грызун работал своими крохотными мускулами. При их сокращении гибкая пластинка, закрепленная на плотной курточке, деформировалась, вызывая тем самым деформацию пьезоэлектрических волокон, а значит, и электрическое напряжения на их концах.  Это одно из направлений, в котором может пойти разработка наногенераторов. Есть и другое. Профессор Ван, например, уверен, что в ближайшие пять-десять лет удастся сильно повысить КПД таких устройств, а значит, и их мощность. Так что пьезоэлектрические волокна уже на фабриках будут вплетаться в ткани, из которых будут шиться куртки. Только не для хомяков, а для человека. От таких курток их владельцы смогут подзаряжать свои портативные электронные устройства.</p>',	NULL,	NULL,	NULL),
(671,	241,	NULL,	'INFOX.RU',	NULL,	NULL,	NULL,	NULL),
(671,	242,	NULL,	'http://infox.ru/science/tech/2009/02/13/nano_generator.phtml',	NULL,	NULL,	NULL,	NULL),
(671,	243,	1261515600,	NULL,	NULL,	NULL,	NULL,	NULL),
(672,	3,	NULL,	'Re: Инженерам удалось извлечь энергию из бега хомяка',	NULL,	NULL,	NULL,	NULL),
(672,	272,	NULL,	NULL,	'Кто бы мог подумать',	NULL,	NULL,	NULL),
(672,	243,	1261678844,	NULL,	NULL,	NULL,	NULL,	NULL),
(673,	3,	NULL,	'Онищенко предлагает пугать курильщиков до смерти',	NULL,	NULL,	NULL,	NULL),
(673,	240,	NULL,	NULL,	'<p>Главный санитарный врач России Геннадий Онищенко предложил размещать на сигаретных пачках изображение, наглядно демонстрирующее смертельную опасность курения. Как передает агентство <a href=\"http://www.interfax.ru/\">\"Интерфакс\"</a>, на пресс-конференции во вторник, 6 февраля, он заявил: \"Моя мечта - сделать, как в Канаде - помещать на пачку изображение легких курильщика на стадии рака\".</p>',	NULL,	NULL,	NULL),
(673,	4,	NULL,	NULL,	'<p>Главный санитарный врач России Геннадий Онищенко предложил размещать на сигаретных пачках изображение, наглядно демонстрирующее смертельную опасность курения. Как передает агентство \"Интерфакс\", на пресс-конференции во вторник, 6 февраля, он заявил: \"Моя мечта - сделать, как в Канаде - помещать на пачку изображение легких курильщика на стадии рака\".  Онищенко также выразил озабоченность ростом числа курильщиков среди подростков. По его словам, к 11-му классу в России курят 60 процентов мальчиков и 40 процентов девочек, сообщает РИА Новости.  \"Табачный бизнес сегодня втягивает все больше наших детей, снижая тем самым их здоровье\", - отметил главный санитарный врач РФ.</p>',	NULL,	NULL,	NULL),
(673,	243,	1261170000,	NULL,	NULL,	NULL,	NULL,	NULL),
(674,	3,	NULL,	'Белоруссия отменит квоты на сигареты из России',	NULL,	NULL,	NULL,	NULL),
(674,	240,	NULL,	NULL,	'<p>Белоруссия намерена отменить квоты на импорт сигарет из России.<br />Соответствующие поправки внесены министерством торговли в Совет<br />министров, сообщает агентство &lt;a href=\"http://www.belta.by/\"&gt;БЕЛТА&lt;/a&gt;.</p>',	NULL,	NULL,	NULL),
(674,	4,	NULL,	NULL,	'<p>Белоруссия намерена отменить квоты на импорт сигарет из России. Соответствующие поправки внесены министерством торговли в Совет министров, сообщает агентство БЕЛТА.  В последнее время Белоруссия постепенно сокращает квоты на ввоз сигарет, который, в основном, идет с российских предприятий. В 2006 году квота составила полтора миллиарда сигарет, а в 2005 году - три миллиарда. При этом только четыре белорусских компании могут приобретать сигареты за рубежом.  Уменьшением квот Белоруссия пыталась добиться того, чтобы крупные иностранные производители делали сигареты на местных фабриках. В настоящее время белорусские заводы выпускают по лицензии табак под марками Alliance, Viceroy, Magna, Winston, West и другими.  Отмена квот на российские сигареты будет выполнена согласно договоренности между премьер-министрами России и Белоруссии Михаилом Фрадковым и Сергеем Сидорским. Когда в начале января чиновники подписали документы об экспорте нефти и нефтепродуктов, Сидорский пообещал в ближайшем времени отменить около 40 правительственных актов, затрудняющих движение российских товаров.</p>',	NULL,	NULL,	NULL),
(674,	243,	1260910800,	NULL,	NULL,	NULL,	NULL,	NULL),
(675,	3,	NULL,	'Россия и Белоруссия отказались от ограничений во взаимной торговле',	NULL,	NULL,	NULL,	NULL),
(675,	240,	NULL,	NULL,	'<p>Россия и Белоруссия подписали соглашение о мерах по развитию торгово-экономического сотрудничества, которое отменяет существующие ограничения в торговле между странами. Об этом сообщает <a href=\"http://www.rian.ru\" target=\"_blank\">РИА Новости</a></p>\r\n<p>.</p>',	NULL,	NULL,	NULL),
(675,	4,	NULL,	NULL,	'<p>Россия и Белоруссия подписали соглашение о мерах по развитию торгово-экономического сотрудничества, которое отменяет существующие ограничения в торговле между странами. Об этом сообщает РИА Новости.  Свои подписи под документом поставили вице-премьер Белоруссии Андрей Кобяков и замглавы Минэкономразвития России Виталий Савельев. Чиновники также договорились и о поставках белорусского сахара в Россию в 2007 и 2008 годах.  Подписание соглашения по торговому сотрудничеству планировалось еще 20 марта. Однако в последний момент белорусская сторона внесла в проект ряд изменений, в связи с чем его пришлось заново согласовывать. По информации газеты \"Коммерсант\", Белоруссия в последний момент выступила за сдвиг сроков реализации соглашений.  До настоящего времени в Белоруссии существуют квоты на ввоз российского пива, сигарет и морепродуктов. В свою очередь, Россия ограничивает импорт белорусского сахара.  На подготовку соглашения о развитии торгово-экономического сотрудничества ушло около года. Серьезный прогресс в переговорах был достигнут после встречи премьер-министров России и Белоруссии Михаила Фрадкова и Сергея Сидорского в январе 2007 года. Они пообещали отменить около 40 правительственных актов, затрудняющих ввоз российских товаров на территорию Белоруссии.</p>',	NULL,	NULL,	NULL),
(675,	243,	1261515600,	NULL,	NULL,	NULL,	NULL,	NULL),
(676,	2,	NULL,	' Фотоконкурс  - Началось голосование',	NULL,	NULL,	NULL,	NULL),
(676,	3,	NULL,	' Фотоконкурс  - Началось голосование',	NULL,	NULL,	NULL,	NULL),
(676,	240,	NULL,	NULL,	'<p>&nbsp;Фотоконкурс  - Началось голосование</p>',	NULL,	NULL,	NULL),
(676,	4,	NULL,	NULL,	'<p>Приглашаем принять участие в голосовании.</p>',	NULL,	NULL,	NULL),
(676,	243,	1261602000,	NULL,	NULL,	NULL,	NULL,	NULL),
(677,	3,	NULL,	'Общие вопросы по UMI.CMS',	NULL,	NULL,	NULL,	NULL),
(677,	4,	NULL,	NULL,	'<p>Общие вопросы по UMI.CMS</p>',	NULL,	NULL,	NULL),
(678,	3,	NULL,	'Почему UMI.CMS написана на PHP5?',	NULL,	NULL,	NULL,	NULL),
(678,	276,	NULL,	NULL,	'Почему UMI.CMS написана на PHP5?',	NULL,	NULL,	NULL),
(678,	301,	NULL,	NULL,	'<p>UMI.CMS &mdash; одна из первых коммерческих CMS на PHP5, этот язык мы выбрали как один  из перспективных, в нем реализована концепция ООП. На сайте есть <a href=\"http://www.umi-cms.ru/support/umi_cms_system_requirements/php5_cms/\">заметка о том, почему мы  выбрали PHP5</a>. Еще почитайте форумы разработчиков, например, <a href=\"http://www.umi-cms.ru/support/forum/\">вот этот</a>.</p>',	NULL,	NULL,	NULL),
(679,	3,	NULL,	'Трудно ли найти хостинг?',	NULL,	NULL,	NULL,	NULL),
(679,	276,	NULL,	NULL,	'Трудно ли найти хостинг?',	NULL,	NULL,	NULL),
(679,	301,	NULL,	NULL,	'<p>Сейчас все больше хостеров поддерживают PHP5 с рекомендуемыми настройками.  Хостинг найти уже нетрудно, тем более что для наших посетителей мы составили <a href=\"http://www.umi-cms.ru/support/umi-cms-recommended-php5-hosting/\">список рекомендуемых  хостеров</a>.</p>',	NULL,	NULL,	NULL),
(680,	3,	NULL,	'Чем UMI.CMS лучше?',	NULL,	NULL,	NULL,	NULL),
(680,	276,	NULL,	NULL,	'Чем UMI.CMS лучше?',	NULL,	NULL,	NULL),
(680,	301,	NULL,	NULL,	'<p>UMI.CMS быстрее и <a href=\"../../../../../advantages/usability/\">удобнее</a>, чем многие  аналоги. По функциональности лидирующие системы приблизились друг к другу,  различия в безопасности, быстродействии и удобстве. Именно удобство (или  неудобство) является тем показателем, который не приводится в сравнительных  таблицах и оценивается труднее всего. Пробуйте и убеждайтесь сами!</p>',	NULL,	NULL,	NULL),
(681,	3,	NULL,	'Сложно ли установить UMI.CMS?',	NULL,	NULL,	NULL,	NULL),
(681,	276,	NULL,	NULL,	'Сложно ли установить UMI.CMS?',	NULL,	NULL,	NULL),
(681,	301,	NULL,	NULL,	'<p>Установить UMI.CMS очень просто. Надо скопировать установочные файлы в корневую  директорию сайта (она должна быть доступна на чтение и запись). Удалите  .htaccess (если он там есть). Затем набираете в адресной строке  ваш_домен/install.php и просто следуете инструкциям инсталлятора. <strong>Он сам  все установит и настроит</strong>, можно будет сразу же приступать к наполнению  и смотреть его в шаблоне, поставляемом по умолчанию с системой. Не забудьте  после установки удалить файл install.php!</p>',	NULL,	NULL,	NULL),
(682,	3,	NULL,	'Осень',	NULL,	NULL,	NULL,	NULL),
(682,	267,	NULL,	NULL,	'<p>Это - тестовая осень.</p>',	NULL,	NULL,	NULL),
(683,	3,	NULL,	'Птица',	NULL,	NULL,	NULL,	NULL),
(683,	267,	NULL,	NULL,	'<p>Птица-тукан. Смешное живтное.</p>',	NULL,	NULL,	NULL),
(684,	3,	NULL,	'Дерево',	NULL,	NULL,	NULL,	NULL),
(684,	267,	NULL,	NULL,	'<p>А там оно, дерево...</p>',	NULL,	NULL,	NULL),
(685,	3,	NULL,	'Пустыня',	NULL,	NULL,	NULL,	NULL),
(685,	267,	NULL,	NULL,	'<p>Скучный, пустынный ландшафт.</p>',	NULL,	NULL,	NULL),
(686,	3,	NULL,	'Водопад',	NULL,	NULL,	NULL,	NULL),
(686,	267,	NULL,	NULL,	'<p>С ароматом альпийской свежести.</p>',	NULL,	NULL,	NULL),
(687,	3,	NULL,	'PHP Manual',	NULL,	NULL,	NULL,	NULL),
(687,	6,	NULL,	'PHP manual',	NULL,	NULL,	NULL,	NULL),
(687,	7,	NULL,	'PHP manual',	NULL,	NULL,	NULL,	NULL),
(687,	4,	NULL,	NULL,	'<p>Документация по PHP, частично переведенная на русский язык.</p>',	NULL,	NULL,	NULL),
(687,	467,	NULL,	NULL,	'./files/php.manual.zip',	NULL,	NULL,	NULL),
(687,	468,	4,	NULL,	NULL,	NULL,	NULL,	NULL),
(695,	3,	NULL,	'Колесо для самок',	NULL,	NULL,	NULL,	NULL),
(695,	336,	NULL,	NULL,	NULL,	NULL,	NULL,	480),
(695,	340,	0,	NULL,	NULL,	NULL,	NULL,	NULL),
(695,	515,	NULL,	NULL,	NULL,	NULL,	NULL,	34),
(700,	2,	NULL,	'Хомячок на колесах',	NULL,	NULL,	NULL,	NULL),
(700,	3,	NULL,	'Хомячок на колесах',	NULL,	NULL,	NULL,	NULL),
(700,	336,	NULL,	NULL,	NULL,	NULL,	NULL,	1999),
(700,	340,	0,	NULL,	NULL,	NULL,	NULL,	NULL),
(700,	15,	1,	NULL,	NULL,	NULL,	NULL,	NULL),
(700,	16,	4,	NULL,	NULL,	NULL,	NULL,	NULL),
(700,	500,	NULL,	NULL,	NULL,	NULL,	NULL,	149),
(700,	505,	5,	NULL,	NULL,	NULL,	NULL,	NULL),
(700,	506,	NULL,	NULL,	NULL,	NULL,	NULL,	98),
(700,	507,	240,	NULL,	NULL,	NULL,	NULL,	NULL),
(700,	508,	NULL,	NULL,	NULL,	NULL,	NULL,	221),
(700,	509,	NULL,	NULL,	NULL,	NULL,	NULL,	211),
(705,	2,	NULL,	'Хомячок с улыбкой',	NULL,	NULL,	NULL,	NULL),
(705,	3,	NULL,	'Хомячок с улыбкой',	NULL,	NULL,	NULL,	NULL),
(705,	336,	NULL,	NULL,	NULL,	NULL,	NULL,	546),
(705,	340,	0,	NULL,	NULL,	NULL,	NULL,	NULL),
(705,	15,	1,	NULL,	NULL,	NULL,	NULL,	NULL),
(705,	16,	4,	NULL,	NULL,	NULL,	NULL,	NULL),
(705,	505,	4,	NULL,	NULL,	NULL,	NULL,	NULL),
(705,	506,	NULL,	NULL,	NULL,	NULL,	NULL,	69),
(705,	507,	110,	NULL,	NULL,	NULL,	NULL,	NULL),
(705,	508,	NULL,	NULL,	NULL,	NULL,	NULL,	79),
(709,	2,	NULL,	'Хомяк офигенный',	NULL,	NULL,	NULL,	NULL),
(709,	3,	NULL,	'Хомяк офигенный',	NULL,	NULL,	NULL,	NULL),
(709,	336,	NULL,	NULL,	NULL,	NULL,	NULL,	2998),
(709,	15,	1,	NULL,	NULL,	NULL,	NULL,	NULL),
(709,	16,	4,	NULL,	NULL,	NULL,	NULL,	NULL),
(709,	505,	4,	NULL,	NULL,	NULL,	NULL,	NULL),
(709,	506,	NULL,	NULL,	NULL,	NULL,	NULL,	76),
(709,	507,	198,	NULL,	NULL,	NULL,	NULL,	NULL),
(709,	508,	NULL,	NULL,	NULL,	NULL,	NULL,	175),
(709,	509,	NULL,	NULL,	NULL,	NULL,	NULL,	192),
(713,	3,	NULL,	'Тестовый хомяк',	NULL,	NULL,	NULL,	NULL),
(713,	340,	0,	NULL,	NULL,	NULL,	NULL,	NULL),
(713,	15,	1,	NULL,	NULL,	NULL,	NULL,	NULL),
(713,	16,	3,	NULL,	NULL,	NULL,	NULL,	NULL),
(713,	505,	3,	NULL,	NULL,	NULL,	NULL,	NULL),
(713,	506,	NULL,	NULL,	NULL,	NULL,	NULL,	2),
(713,	507,	100,	NULL,	NULL,	NULL,	NULL,	NULL),
(713,	509,	NULL,	NULL,	NULL,	NULL,	NULL,	10),
(714,	3,	NULL,	'Поводок леопардовый',	NULL,	NULL,	NULL,	NULL),
(714,	336,	NULL,	NULL,	NULL,	NULL,	NULL,	670),
(714,	340,	0,	NULL,	NULL,	NULL,	NULL,	NULL),
(714,	15,	1,	NULL,	NULL,	NULL,	NULL,	NULL),
(714,	16,	4,	NULL,	NULL,	NULL,	NULL,	NULL),
(716,	3,	NULL,	'Хомячок пушистый',	NULL,	NULL,	NULL,	NULL),
(716,	336,	NULL,	NULL,	NULL,	NULL,	NULL,	159),
(716,	340,	0,	NULL,	NULL,	NULL,	NULL,	NULL),
(716,	15,	11,	NULL,	NULL,	NULL,	NULL,	NULL),
(716,	16,	34,	NULL,	NULL,	NULL,	NULL,	NULL),
(716,	500,	NULL,	NULL,	NULL,	NULL,	NULL,	211),
(716,	505,	4,	NULL,	NULL,	NULL,	NULL,	NULL),
(716,	506,	NULL,	NULL,	NULL,	NULL,	NULL,	77),
(716,	507,	50,	NULL,	NULL,	NULL,	NULL,	NULL),
(716,	508,	NULL,	NULL,	NULL,	NULL,	NULL,	134),
(719,	2,	NULL,	'Хомячок обычный',	NULL,	NULL,	NULL,	NULL),
(719,	3,	NULL,	'Хомячок обычный',	NULL,	NULL,	NULL,	NULL),
(719,	336,	NULL,	NULL,	NULL,	NULL,	NULL,	99),
(719,	340,	0,	NULL,	NULL,	NULL,	NULL,	NULL),
(719,	15,	10,	NULL,	NULL,	NULL,	NULL,	NULL),
(719,	16,	28,	NULL,	NULL,	NULL,	NULL,	NULL),
(719,	500,	NULL,	NULL,	NULL,	NULL,	NULL,	210),
(719,	505,	4,	NULL,	NULL,	NULL,	NULL,	NULL),
(719,	506,	NULL,	NULL,	NULL,	NULL,	NULL,	70),
(719,	507,	42,	NULL,	NULL,	NULL,	NULL,	NULL),
(719,	509,	NULL,	NULL,	NULL,	NULL,	NULL,	123),
(723,	2,	NULL,	'Хомяк',	NULL,	NULL,	NULL,	NULL),
(723,	3,	NULL,	'Хомяк',	NULL,	NULL,	NULL,	NULL),
(723,	336,	NULL,	NULL,	NULL,	NULL,	NULL,	220),
(723,	340,	0,	NULL,	NULL,	NULL,	NULL,	NULL),
(723,	15,	1,	NULL,	NULL,	NULL,	NULL,	NULL),
(723,	16,	4,	NULL,	NULL,	NULL,	NULL,	NULL),
(723,	500,	NULL,	NULL,	NULL,	NULL,	NULL,	450),
(723,	505,	4,	NULL,	NULL,	NULL,	NULL,	NULL),
(723,	506,	NULL,	NULL,	NULL,	NULL,	NULL,	111),
(723,	507,	5,	NULL,	NULL,	NULL,	NULL,	NULL),
(723,	509,	NULL,	NULL,	NULL,	NULL,	NULL,	78),
(726,	2,	NULL,	'Хомячок прекрасный',	NULL,	NULL,	NULL,	NULL),
(726,	336,	NULL,	NULL,	NULL,	NULL,	NULL,	1356),
(726,	15,	1,	NULL,	NULL,	NULL,	NULL,	NULL),
(726,	16,	2,	NULL,	NULL,	NULL,	NULL,	NULL),
(726,	500,	NULL,	NULL,	NULL,	NULL,	NULL,	198),
(726,	505,	3,	NULL,	NULL,	NULL,	NULL,	NULL),
(726,	506,	NULL,	NULL,	NULL,	NULL,	NULL,	144),
(726,	507,	112,	NULL,	NULL,	NULL,	NULL,	NULL),
(726,	508,	NULL,	NULL,	NULL,	NULL,	NULL,	176),
(726,	509,	NULL,	NULL,	NULL,	NULL,	NULL,	156),
(727,	3,	NULL,	'Re: Хомячок пушистый',	NULL,	NULL,	NULL,	NULL),
(727,	272,	NULL,	NULL,	'Приобрел недавно этот девайс. Багов не обнаружил. Рекомендую.',	NULL,	NULL,	NULL),
(727,	243,	1261679059,	NULL,	NULL,	NULL,	NULL,	NULL),
(728,	3,	NULL,	'Re: Хомячок с улыбкой',	NULL,	NULL,	NULL,	NULL),
(728,	272,	NULL,	NULL,	'Он улыбается мне! [smile:2]',	NULL,	NULL,	NULL),
(728,	243,	1352977182,	NULL,	NULL,	NULL,	NULL,	NULL),
(729,	3,	NULL,	'Re: Хомячок необыкновенный',	NULL,	NULL,	NULL,	NULL),
(729,	272,	NULL,	NULL,	'Можно подзаряжать телефон.[smile:3]',	NULL,	NULL,	NULL),
(729,	243,	1352977151,	NULL,	NULL,	NULL,	NULL,	NULL),
(732,	3,	NULL,	'Поводок короткий',	NULL,	NULL,	NULL,	NULL),
(732,	6,	NULL,	'поводок, хомяк',	NULL,	NULL,	NULL,	NULL),
(732,	7,	NULL,	'поводок',	NULL,	NULL,	NULL,	NULL),
(732,	336,	NULL,	NULL,	NULL,	NULL,	NULL,	1350),
(732,	340,	0,	NULL,	NULL,	NULL,	NULL,	NULL),
(732,	15,	1,	NULL,	NULL,	NULL,	NULL,	NULL),
(732,	16,	3,	NULL,	NULL,	NULL,	NULL,	NULL),
(733,	2,	NULL,	'Пост блога',	NULL,	NULL,	NULL,	NULL),
(733,	3,	NULL,	'Пост блога',	NULL,	NULL,	NULL,	NULL),
(733,	4,	NULL,	NULL,	'<p>Первый пост второго блога</p>',	NULL,	NULL,	NULL),
(733,	7,	NULL,	'звезда',	NULL,	NULL,	NULL,	NULL),
(734,	2,	NULL,	'Re: Новые идеи',	NULL,	NULL,	NULL,	NULL),
(734,	3,	NULL,	'Re: Новые идеи',	NULL,	NULL,	NULL,	NULL),
(734,	272,	NULL,	NULL,	'и не оборачиваться?',	NULL,	NULL,	NULL),
(734,	243,	1352977335,	NULL,	NULL,	NULL,	NULL,	NULL),
(735,	2,	NULL,	'Новые идеи',	NULL,	NULL,	NULL,	NULL),
(735,	3,	NULL,	'Новые идеи',	NULL,	NULL,	NULL,	NULL),
(735,	269,	3,	NULL,	NULL,	NULL,	NULL,	NULL),
(735,	243,	1260997200,	NULL,	NULL,	NULL,	NULL,	NULL),
(735,	271,	1352977335,	NULL,	NULL,	NULL,	NULL,	NULL),
(736,	2,	NULL,	'Re: Кто я и зачем?',	NULL,	NULL,	NULL,	NULL),
(736,	3,	NULL,	'Re: Кто я и зачем?',	NULL,	NULL,	NULL,	NULL),
(736,	272,	NULL,	NULL,	'Этот философский вопрос мучает аудиторию сайта днями и ночами.',	NULL,	NULL,	NULL),
(736,	243,	1261688400,	NULL,	NULL,	NULL,	NULL,	NULL),
(737,	2,	NULL,	'примеры',	NULL,	NULL,	NULL,	NULL),
(737,	3,	NULL,	'примеры',	NULL,	NULL,	NULL,	NULL),
(737,	272,	NULL,	NULL,	'идти вперед',	NULL,	NULL,	NULL),
(737,	243,	1261774800,	NULL,	NULL,	NULL,	NULL,	NULL),
(738,	2,	NULL,	'Re: Новые идеи',	NULL,	NULL,	NULL,	NULL),
(738,	3,	NULL,	'Re: Новые идеи',	NULL,	NULL,	NULL,	NULL),
(738,	272,	NULL,	NULL,	'И только вперед',	NULL,	NULL,	NULL),
(738,	243,	1261659112,	NULL,	NULL,	NULL,	NULL,	NULL),
(739,	3,	NULL,	'Примеры внедрения',	NULL,	NULL,	NULL,	NULL),
(739,	240,	NULL,	NULL,	'<p>На системе управления контентом UMI.CMS работает множество сайтов: от корпоративных до интернет-СМИ. Вот лишь <a href=\"http://www.umi-cms.ru/product/clients/\"><span style=\"font-weight: bold\">некоторые примеры</span></a> внедрений UMI.CMS</p>',	NULL,	NULL,	NULL),
(739,	243,	1261602000,	NULL,	NULL,	NULL,	NULL,	NULL),
(740,	3,	NULL,	'Розыгрыш призов',	NULL,	NULL,	NULL,	NULL),
(740,	4,	NULL,	NULL,	'<p>На системе управления контентом UMI.CMS работает множество сайтов: от корпоративных до интернет-СМИ. Вот лишь <span style=\"font-weight: bold;\">некоторые примеры</span> внедрений UMI.CMS</p>',	NULL,	NULL,	NULL),
(740,	12,	1,	NULL,	NULL,	NULL,	NULL,	NULL),
(186,	67,	90,	NULL,	NULL,	NULL,	NULL,	NULL),
(754,	87,	NULL,	'digital',	NULL,	NULL,	NULL,	NULL),
(755,	87,	NULL,	'optioned',	NULL,	NULL,	NULL,	NULL),
(190,	133,	97,	NULL,	NULL,	NULL,	NULL,	NULL),
(758,	135,	NULL,	NULL,	'Тестовое описание курьерской доставки',	NULL,	NULL,	NULL),
(758,	361,	NULL,	NULL,	NULL,	NULL,	NULL,	1000),
(758,	137,	NULL,	NULL,	NULL,	NULL,	NULL,	200),
(206,	67,	91,	NULL,	NULL,	NULL,	NULL,	NULL),
(207,	67,	92,	NULL,	NULL,	NULL,	NULL,	NULL),
(208,	67,	93,	NULL,	NULL,	NULL,	NULL,	NULL),
(209,	67,	94,	NULL,	NULL,	NULL,	NULL,	NULL),
(211,	67,	95,	NULL,	NULL,	NULL,	NULL,	NULL),
(772,	355,	NULL,	NULL,	NULL,	NULL,	NULL,	1000),
(772,	356,	NULL,	NULL,	NULL,	NULL,	NULL,	100000),
(775,	357,	NULL,	NULL,	NULL,	NULL,	NULL,	12),
(775,	358,	NULL,	NULL,	NULL,	NULL,	NULL,	23123),
(212,	62,	89,	NULL,	NULL,	NULL,	NULL,	NULL),
(213,	113,	101,	NULL,	NULL,	NULL,	NULL,	NULL),
(214,	113,	102,	NULL,	NULL,	NULL,	NULL,	NULL),
(777,	71,	NULL,	'csv',	NULL,	NULL,	NULL,	NULL),
(778,	71,	NULL,	'umiDump',	NULL,	NULL,	NULL,	NULL),
(779,	72,	NULL,	'umiDump',	NULL,	NULL,	NULL,	NULL),
(780,	424,	NULL,	NULL,	'Левые баннеры',	NULL,	NULL,	NULL),
(780,	425,	1,	NULL,	NULL,	NULL,	NULL,	NULL),
(782,	424,	NULL,	NULL,	'Баннер главной страницы сайта',	NULL,	NULL,	NULL),
(783,	425,	1,	NULL,	NULL,	NULL,	NULL,	NULL),
(785,	426,	1,	NULL,	NULL,	NULL,	NULL,	NULL),
(785,	450,	NULL,	'некий  магазин',	NULL,	NULL,	NULL,	NULL),
(785,	428,	NULL,	'http://www.umi-cms.ru',	NULL,	NULL,	NULL,	NULL),
(785,	429,	1,	NULL,	NULL,	NULL,	NULL,	NULL),
(785,	433,	1261602000,	NULL,	NULL,	NULL,	NULL,	NULL),
(786,	426,	1,	NULL,	NULL,	NULL,	NULL,	NULL),
(786,	453,	NULL,	NULL,	'<h3>UMI.CMS &mdash; это современная система управления контентом</h3>',	NULL,	NULL,	NULL),
(786,	433,	1261602000,	NULL,	NULL,	NULL,	NULL,	NULL),
(787,	426,	1,	NULL,	NULL,	NULL,	NULL,	NULL),
(787,	453,	NULL,	NULL,	'<p>UMI.CMS <strong>ориентирована на рядового пользователя</strong>, а не на технического специалиста.</p>',	NULL,	NULL,	NULL),
(787,	430,	461,	NULL,	NULL,	NULL,	NULL,	NULL),
(787,	433,	1261602000,	NULL,	NULL,	NULL,	NULL,	NULL),
(788,	426,	1,	NULL,	NULL,	NULL,	NULL,	NULL),
(788,	453,	NULL,	NULL,	'<p>UMI.CMS <strong>экономно расходует ресурсы</strong> сервера благодаря многоуровневому кэшированию и оптимизации запросов.</p>',	NULL,	NULL,	NULL),
(788,	433,	1261602000,	NULL,	NULL,	NULL,	NULL,	NULL),
(789,	426,	1,	NULL,	NULL,	NULL,	NULL,	NULL),
(789,	453,	NULL,	NULL,	'<p><span id=\"r_text\">UMI.CMS is focused on the ordinary user,  instead of on the technical expert.</span></p>',	NULL,	NULL,	NULL),
(789,	433,	1261602000,	NULL,	NULL,	NULL,	NULL,	NULL),
(790,	303,	NULL,	NULL,	'Акции нашей компании',	NULL,	NULL,	NULL),
(790,	306,	1,	NULL,	NULL,	NULL,	NULL,	NULL),
(791,	303,	NULL,	NULL,	'Новости компании',	NULL,	NULL,	NULL),
(791,	306,	1,	NULL,	NULL,	NULL,	NULL,	NULL),
(792,	295,	NULL,	'Мой приватный e-mail',	NULL,	NULL,	NULL,	NULL),
(792,	296,	NULL,	'somebody@example.com',	NULL,	NULL,	NULL,	NULL),
(800,	93,	1,	NULL,	NULL,	NULL,	NULL,	NULL),
(800,	94,	NULL,	NULL,	NULL,	NULL,	NULL,	1860),
(800,	95,	NULL,	NULL,	NULL,	NULL,	NULL,	1860),
(800,	97,	NULL,	NULL,	NULL,	NULL,	NULL,	1729.8),
(801,	93,	1,	NULL,	NULL,	NULL,	NULL,	NULL),
(801,	94,	NULL,	NULL,	NULL,	NULL,	NULL,	1860),
(801,	95,	NULL,	NULL,	NULL,	NULL,	NULL,	1860),
(801,	97,	NULL,	NULL,	NULL,	NULL,	NULL,	1729.8),
(802,	93,	1,	NULL,	NULL,	NULL,	NULL,	NULL),
(802,	94,	NULL,	NULL,	NULL,	NULL,	NULL,	1860),
(802,	95,	NULL,	NULL,	NULL,	NULL,	NULL,	1860),
(802,	97,	NULL,	NULL,	NULL,	NULL,	NULL,	1729.8),
(803,	93,	1,	NULL,	NULL,	NULL,	NULL,	NULL),
(803,	94,	NULL,	NULL,	NULL,	NULL,	NULL,	1860),
(803,	95,	NULL,	NULL,	NULL,	NULL,	NULL,	1860),
(803,	97,	NULL,	NULL,	NULL,	NULL,	NULL,	1729.8),
(804,	93,	1,	NULL,	NULL,	NULL,	NULL,	NULL),
(804,	94,	NULL,	NULL,	NULL,	NULL,	NULL,	3000),
(804,	95,	NULL,	NULL,	NULL,	NULL,	NULL,	3000),
(804,	97,	NULL,	NULL,	NULL,	NULL,	NULL,	3000),
(805,	93,	1,	NULL,	NULL,	NULL,	NULL,	NULL),
(805,	94,	NULL,	NULL,	NULL,	NULL,	NULL,	1860),
(805,	95,	NULL,	NULL,	NULL,	NULL,	NULL,	1860),
(805,	97,	NULL,	NULL,	NULL,	NULL,	NULL,	1729.8),
(806,	93,	1,	NULL,	NULL,	NULL,	NULL,	NULL),
(806,	94,	NULL,	NULL,	NULL,	NULL,	NULL,	2300),
(806,	95,	NULL,	NULL,	NULL,	NULL,	NULL,	2300),
(806,	97,	NULL,	NULL,	NULL,	NULL,	NULL,	2300),
(807,	31,	44,	NULL,	NULL,	NULL,	NULL,	NULL),
(808,	31,	45,	NULL,	NULL,	NULL,	NULL,	NULL),
(809,	31,	23,	NULL,	NULL,	NULL,	NULL,	NULL),
(810,	31,	52,	NULL,	NULL,	NULL,	NULL,	NULL),
(811,	31,	26,	NULL,	NULL,	NULL,	NULL,	NULL),
(812,	31,	53,	NULL,	NULL,	NULL,	NULL,	NULL),
(813,	31,	36,	NULL,	NULL,	NULL,	NULL,	NULL),
(219,	133,	98,	NULL,	NULL,	NULL,	NULL,	NULL),
(220,	113,	103,	NULL,	NULL,	NULL,	NULL,	NULL),
(221,	113,	104,	NULL,	NULL,	NULL,	NULL,	NULL),
(816,	154,	0,	NULL,	NULL,	NULL,	NULL,	NULL),
(816,	168,	NULL,	NULL,	'/',	NULL,	NULL,	NULL),
(818,	93,	1,	NULL,	NULL,	NULL,	NULL,	NULL),
(818,	94,	NULL,	NULL,	NULL,	NULL,	NULL,	159),
(818,	95,	NULL,	NULL,	NULL,	NULL,	NULL,	159),
(818,	97,	NULL,	NULL,	NULL,	NULL,	NULL,	159),
(819,	93,	1,	NULL,	NULL,	NULL,	NULL,	NULL),
(819,	94,	NULL,	NULL,	NULL,	NULL,	NULL,	220),
(819,	95,	NULL,	NULL,	NULL,	NULL,	NULL,	220),
(819,	97,	NULL,	NULL,	NULL,	NULL,	NULL,	220),
(820,	93,	1,	NULL,	NULL,	NULL,	NULL,	NULL),
(820,	94,	NULL,	NULL,	NULL,	NULL,	NULL,	0),
(821,	145,	1,	NULL,	NULL,	NULL,	NULL,	NULL),
(821,	152,	NULL,	NULL,	NULL,	NULL,	NULL,	379),
(821,	153,	NULL,	NULL,	NULL,	NULL,	NULL,	379),
(821,	154,	3,	NULL,	NULL,	NULL,	NULL,	NULL),
(821,	155,	1310111803,	NULL,	NULL,	NULL,	NULL,	NULL),
(821,	156,	1310111509,	NULL,	NULL,	NULL,	NULL,	NULL),
(821,	179,	NULL,	'100337',	NULL,	NULL,	NULL,	NULL),
(821,	201,	1,	NULL,	NULL,	NULL,	NULL,	NULL),
(822,	93,	1,	NULL,	NULL,	NULL,	NULL,	NULL),
(822,	94,	NULL,	NULL,	NULL,	NULL,	NULL,	670),
(822,	95,	NULL,	NULL,	NULL,	NULL,	NULL,	670),
(822,	97,	NULL,	NULL,	NULL,	NULL,	NULL,	670),
(823,	145,	2,	NULL,	NULL,	NULL,	NULL,	NULL),
(823,	152,	NULL,	NULL,	NULL,	NULL,	NULL,	670),
(823,	153,	NULL,	NULL,	NULL,	NULL,	NULL,	870),
(823,	154,	1,	NULL,	NULL,	NULL,	NULL,	NULL),
(823,	155,	1310111811,	NULL,	NULL,	NULL,	NULL,	NULL),
(823,	156,	1310111575,	NULL,	NULL,	NULL,	NULL,	NULL),
(823,	158,	1,	NULL,	NULL,	NULL,	NULL,	NULL),
(823,	179,	NULL,	'100342',	NULL,	NULL,	NULL,	NULL),
(823,	191,	NULL,	NULL,	NULL,	NULL,	NULL,	200),
(823,	201,	1,	NULL,	NULL,	NULL,	NULL,	NULL),
(824,	93,	1,	NULL,	NULL,	NULL,	NULL,	NULL),
(824,	94,	NULL,	NULL,	NULL,	NULL,	NULL,	99),
(824,	95,	NULL,	NULL,	NULL,	NULL,	NULL,	99),
(824,	97,	NULL,	NULL,	NULL,	NULL,	NULL,	99),
(825,	93,	1,	NULL,	NULL,	NULL,	NULL,	NULL),
(825,	94,	NULL,	NULL,	NULL,	NULL,	NULL,	1999),
(825,	95,	NULL,	NULL,	NULL,	NULL,	NULL,	1999),
(825,	97,	NULL,	NULL,	NULL,	NULL,	NULL,	1999),
(826,	145,	3,	NULL,	NULL,	NULL,	NULL,	NULL),
(826,	152,	NULL,	NULL,	NULL,	NULL,	NULL,	2098),
(826,	153,	NULL,	NULL,	NULL,	NULL,	NULL,	2098),
(826,	154,	2,	NULL,	NULL,	NULL,	NULL,	NULL),
(826,	155,	1310111816,	NULL,	NULL,	NULL,	NULL,	NULL),
(826,	156,	1310111688,	NULL,	NULL,	NULL,	NULL,	NULL),
(826,	158,	1,	NULL,	NULL,	NULL,	NULL,	NULL),
(826,	179,	NULL,	'100345',	NULL,	NULL,	NULL,	NULL),
(826,	201,	1,	NULL,	NULL,	NULL,	NULL,	NULL),
(827,	93,	1,	NULL,	NULL,	NULL,	NULL,	NULL),
(827,	94,	NULL,	NULL,	NULL,	NULL,	NULL,	159),
(827,	95,	NULL,	NULL,	NULL,	NULL,	NULL,	159),
(827,	97,	NULL,	NULL,	NULL,	NULL,	NULL,	159),
(828,	93,	1,	NULL,	NULL,	NULL,	NULL,	NULL),
(828,	94,	NULL,	NULL,	NULL,	NULL,	NULL,	546),
(828,	95,	NULL,	NULL,	NULL,	NULL,	NULL,	546),
(828,	97,	NULL,	NULL,	NULL,	NULL,	NULL,	546),
(829,	93,	1,	NULL,	NULL,	NULL,	NULL,	NULL),
(829,	94,	NULL,	NULL,	NULL,	NULL,	NULL,	0),
(830,	145,	4,	NULL,	NULL,	NULL,	NULL,	NULL),
(830,	152,	NULL,	NULL,	NULL,	NULL,	NULL,	705),
(830,	153,	NULL,	NULL,	NULL,	NULL,	NULL,	705),
(830,	154,	3,	NULL,	NULL,	NULL,	NULL,	NULL),
(830,	155,	1310111821,	NULL,	NULL,	NULL,	NULL,	NULL),
(830,	156,	1310111774,	NULL,	NULL,	NULL,	NULL,	NULL),
(830,	158,	1,	NULL,	NULL,	NULL,	NULL,	NULL),
(830,	179,	NULL,	'100349',	NULL,	NULL,	NULL,	NULL),
(830,	201,	1,	NULL,	NULL,	NULL,	NULL,	NULL),
(831,	93,	3,	NULL,	NULL,	NULL,	NULL,	NULL),
(831,	94,	NULL,	NULL,	NULL,	NULL,	NULL,	220),
(831,	95,	NULL,	NULL,	NULL,	NULL,	NULL,	660),
(831,	97,	NULL,	NULL,	NULL,	NULL,	NULL,	660),
(832,	93,	1,	NULL,	NULL,	NULL,	NULL,	NULL),
(832,	94,	NULL,	NULL,	NULL,	NULL,	NULL,	159),
(832,	95,	NULL,	NULL,	NULL,	NULL,	NULL,	159),
(832,	97,	NULL,	NULL,	NULL,	NULL,	NULL,	159),
(833,	145,	5,	NULL,	NULL,	NULL,	NULL,	NULL),
(833,	152,	NULL,	NULL,	NULL,	NULL,	NULL,	819),
(833,	153,	NULL,	NULL,	NULL,	NULL,	NULL,	819),
(833,	154,	4,	NULL,	NULL,	NULL,	NULL,	NULL),
(833,	155,	1310112474,	NULL,	NULL,	NULL,	NULL,	NULL),
(833,	156,	1310112346,	NULL,	NULL,	NULL,	NULL,	NULL),
(833,	158,	1,	NULL,	NULL,	NULL,	NULL,	NULL),
(833,	179,	NULL,	'100354',	NULL,	NULL,	NULL,	NULL),
(833,	201,	1,	NULL,	NULL,	NULL,	NULL,	NULL),
(834,	93,	1,	NULL,	NULL,	NULL,	NULL,	NULL),
(834,	94,	NULL,	NULL,	NULL,	NULL,	NULL,	480),
(834,	95,	NULL,	NULL,	NULL,	NULL,	NULL,	480),
(834,	97,	NULL,	NULL,	NULL,	NULL,	NULL,	480),
(835,	145,	6,	NULL,	NULL,	NULL,	NULL,	NULL),
(835,	152,	NULL,	NULL,	NULL,	NULL,	NULL,	480),
(835,	153,	NULL,	NULL,	NULL,	NULL,	NULL,	680),
(835,	154,	1,	NULL,	NULL,	NULL,	NULL,	NULL),
(835,	155,	1310112483,	NULL,	NULL,	NULL,	NULL,	NULL),
(835,	156,	1310112403,	NULL,	NULL,	NULL,	NULL,	NULL),
(835,	179,	NULL,	'100358',	NULL,	NULL,	NULL,	NULL),
(835,	191,	NULL,	NULL,	NULL,	NULL,	NULL,	200),
(835,	201,	1,	NULL,	NULL,	NULL,	NULL,	NULL),
(836,	93,	1,	NULL,	NULL,	NULL,	NULL,	NULL),
(836,	94,	NULL,	NULL,	NULL,	NULL,	NULL,	670),
(836,	95,	NULL,	NULL,	NULL,	NULL,	NULL,	670),
(836,	97,	NULL,	NULL,	NULL,	NULL,	NULL,	670),
(837,	93,	1,	NULL,	NULL,	NULL,	NULL,	NULL),
(837,	94,	NULL,	NULL,	NULL,	NULL,	NULL,	1350),
(837,	95,	NULL,	NULL,	NULL,	NULL,	NULL,	1350),
(837,	97,	NULL,	NULL,	NULL,	NULL,	NULL,	1350),
(838,	145,	7,	NULL,	NULL,	NULL,	NULL,	NULL),
(838,	152,	NULL,	NULL,	NULL,	NULL,	NULL,	2020),
(838,	153,	NULL,	NULL,	NULL,	NULL,	NULL,	2020),
(838,	154,	2,	NULL,	NULL,	NULL,	NULL,	NULL),
(838,	155,	1310112500,	NULL,	NULL,	NULL,	NULL,	NULL),
(838,	156,	1310112461,	NULL,	NULL,	NULL,	NULL,	NULL),
(838,	158,	1,	NULL,	NULL,	NULL,	NULL,	NULL),
(838,	179,	NULL,	'100361',	NULL,	NULL,	NULL,	NULL),
(838,	201,	1,	NULL,	NULL,	NULL,	NULL,	NULL),
(839,	93,	1,	NULL,	NULL,	NULL,	NULL,	NULL),
(839,	94,	NULL,	NULL,	NULL,	NULL,	NULL,	159),
(839,	95,	NULL,	NULL,	NULL,	NULL,	NULL,	159),
(839,	97,	NULL,	NULL,	NULL,	NULL,	NULL,	159),
(840,	154,	0,	NULL,	NULL,	NULL,	NULL,	NULL),
(840,	168,	NULL,	NULL,	'/users/forget/',	NULL,	NULL,	NULL),
(253,	113,	105,	NULL,	NULL,	NULL,	NULL,	NULL),
(279,	113,	127,	NULL,	NULL,	NULL,	NULL,	NULL),
(280,	113,	107,	NULL,	NULL,	NULL,	NULL,	NULL),
(841,	484,	NULL,	'elfinder',	NULL,	NULL,	NULL,	NULL),
(842,	93,	1,	NULL,	NULL,	NULL,	NULL,	NULL),
(842,	94,	NULL,	NULL,	NULL,	NULL,	NULL,	159),
(842,	95,	NULL,	NULL,	NULL,	NULL,	NULL,	159),
(842,	97,	NULL,	NULL,	NULL,	NULL,	NULL,	159),
(843,	145,	8,	NULL,	NULL,	NULL,	NULL,	NULL),
(843,	152,	NULL,	NULL,	NULL,	NULL,	NULL,	159),
(843,	153,	NULL,	NULL,	NULL,	NULL,	NULL,	159),
(843,	154,	1,	NULL,	NULL,	NULL,	NULL,	NULL),
(843,	155,	1352976894,	NULL,	NULL,	NULL,	NULL,	NULL),
(843,	156,	1352976894,	NULL,	NULL,	NULL,	NULL,	NULL),
(843,	158,	1,	NULL,	NULL,	NULL,	NULL,	NULL),
(843,	167,	NULL,	NULL,	'http://demoold.updates.umi-cms.ru/emarket/purchase/payment/choose/',	NULL,	NULL,	NULL),
(843,	168,	NULL,	NULL,	'/',	NULL,	NULL,	NULL),
(843,	179,	NULL,	'100408',	NULL,	NULL,	NULL,	NULL),
(843,	201,	1,	NULL,	NULL,	NULL,	NULL,	NULL),
(844,	93,	1,	NULL,	NULL,	NULL,	NULL,	NULL),
(844,	94,	NULL,	NULL,	NULL,	NULL,	NULL,	1350),
(844,	95,	NULL,	NULL,	NULL,	NULL,	NULL,	1350),
(844,	97,	NULL,	NULL,	NULL,	NULL,	NULL,	1350),
(845,	145,	9,	NULL,	NULL,	NULL,	NULL,	NULL),
(845,	152,	NULL,	NULL,	NULL,	NULL,	NULL,	1350),
(845,	153,	NULL,	NULL,	NULL,	NULL,	NULL,	1350),
(845,	154,	1,	NULL,	NULL,	NULL,	NULL,	NULL),
(845,	155,	1352977003,	NULL,	NULL,	NULL,	NULL,	NULL),
(845,	156,	1352977003,	NULL,	NULL,	NULL,	NULL,	NULL),
(845,	158,	1,	NULL,	NULL,	NULL,	NULL,	NULL),
(845,	167,	NULL,	NULL,	'http://demoold.updates.umi-cms.ru/emarket/purchase/payment/choose/',	NULL,	NULL,	NULL),
(845,	168,	NULL,	NULL,	'/',	NULL,	NULL,	NULL),
(845,	179,	NULL,	'100410',	NULL,	NULL,	NULL,	NULL),
(845,	201,	1,	NULL,	NULL,	NULL,	NULL,	NULL),
(846,	93,	1,	NULL,	NULL,	NULL,	NULL,	NULL),
(846,	94,	NULL,	NULL,	NULL,	NULL,	NULL,	99),
(846,	95,	NULL,	NULL,	NULL,	NULL,	NULL,	99),
(846,	97,	NULL,	NULL,	NULL,	NULL,	NULL,	99),
(847,	152,	NULL,	NULL,	NULL,	NULL,	NULL,	99),
(847,	153,	NULL,	NULL,	NULL,	NULL,	NULL,	99),
(847,	154,	1,	NULL,	NULL,	NULL,	NULL,	NULL),
(847,	168,	NULL,	NULL,	'/emarket/basket/put/element/33/',	NULL,	NULL,	NULL),
(849,	93,	1,	NULL,	NULL,	NULL,	NULL,	NULL),
(849,	94,	NULL,	NULL,	NULL,	NULL,	NULL,	159),
(849,	95,	NULL,	NULL,	NULL,	NULL,	NULL,	159),
(849,	97,	NULL,	NULL,	NULL,	NULL,	NULL,	159),
(850,	152,	NULL,	NULL,	NULL,	NULL,	NULL,	159),
(850,	153,	NULL,	NULL,	NULL,	NULL,	NULL,	159),
(850,	154,	1,	NULL,	NULL,	NULL,	NULL,	NULL),
(850,	168,	NULL,	NULL,	'/emarket/basket/put/element/32/',	NULL,	NULL,	NULL),
(852,	93,	1,	NULL,	NULL,	NULL,	NULL,	NULL),
(852,	94,	NULL,	NULL,	NULL,	NULL,	NULL,	159),
(852,	95,	NULL,	NULL,	NULL,	NULL,	NULL,	159),
(852,	97,	NULL,	NULL,	NULL,	NULL,	NULL,	159),
(853,	152,	NULL,	NULL,	NULL,	NULL,	NULL,	159),
(853,	153,	NULL,	NULL,	NULL,	NULL,	NULL,	159),
(853,	154,	1,	NULL,	NULL,	NULL,	NULL,	NULL),
(853,	168,	NULL,	NULL,	'/emarket/basket/put/element/32/',	NULL,	NULL,	NULL),
(855,	93,	1,	NULL,	NULL,	NULL,	NULL,	NULL),
(855,	94,	NULL,	NULL,	NULL,	NULL,	NULL,	99),
(855,	95,	NULL,	NULL,	NULL,	NULL,	NULL,	99),
(855,	97,	NULL,	NULL,	NULL,	NULL,	NULL,	99),
(856,	152,	NULL,	NULL,	NULL,	NULL,	NULL,	99),
(856,	153,	NULL,	NULL,	NULL,	NULL,	NULL,	99),
(856,	154,	1,	NULL,	NULL,	NULL,	NULL,	NULL),
(856,	168,	NULL,	NULL,	'/emarket/basket/put/element/33/',	NULL,	NULL,	NULL),
(858,	93,	1,	NULL,	NULL,	NULL,	NULL,	NULL),
(858,	94,	NULL,	NULL,	NULL,	NULL,	NULL,	99),
(858,	95,	NULL,	NULL,	NULL,	NULL,	NULL,	99),
(858,	97,	NULL,	NULL,	NULL,	NULL,	NULL,	99),
(859,	152,	NULL,	NULL,	NULL,	NULL,	NULL,	99),
(859,	153,	NULL,	NULL,	NULL,	NULL,	NULL,	99),
(859,	154,	1,	NULL,	NULL,	NULL,	NULL,	NULL),
(859,	168,	NULL,	NULL,	'/emarket/basket/put/element/33/',	NULL,	NULL,	NULL),
(861,	93,	1,	NULL,	NULL,	NULL,	NULL,	NULL),
(861,	94,	NULL,	NULL,	NULL,	NULL,	NULL,	159),
(861,	95,	NULL,	NULL,	NULL,	NULL,	NULL,	159),
(861,	97,	NULL,	NULL,	NULL,	NULL,	NULL,	159),
(862,	152,	NULL,	NULL,	NULL,	NULL,	NULL,	159),
(862,	153,	NULL,	NULL,	NULL,	NULL,	NULL,	159),
(862,	154,	1,	NULL,	NULL,	NULL,	NULL,	NULL),
(862,	168,	NULL,	NULL,	'/emarket/basket/put/element/32/',	NULL,	NULL,	NULL),
(864,	93,	1,	NULL,	NULL,	NULL,	NULL,	NULL),
(864,	94,	NULL,	NULL,	NULL,	NULL,	NULL,	480),
(864,	95,	NULL,	NULL,	NULL,	NULL,	NULL,	480),
(864,	97,	NULL,	NULL,	NULL,	NULL,	NULL,	480),
(865,	152,	NULL,	NULL,	NULL,	NULL,	NULL,	480),
(865,	153,	NULL,	NULL,	NULL,	NULL,	NULL,	480),
(865,	154,	1,	NULL,	NULL,	NULL,	NULL,	NULL),
(865,	168,	NULL,	NULL,	'/emarket/basket/put/element/43/',	NULL,	NULL,	NULL),
(867,	93,	1,	NULL,	NULL,	NULL,	NULL,	NULL),
(867,	94,	NULL,	NULL,	NULL,	NULL,	NULL,	670),
(867,	95,	NULL,	NULL,	NULL,	NULL,	NULL,	670),
(867,	97,	NULL,	NULL,	NULL,	NULL,	NULL,	670),
(868,	152,	NULL,	NULL,	NULL,	NULL,	NULL,	670),
(868,	153,	NULL,	NULL,	NULL,	NULL,	NULL,	670),
(868,	154,	1,	NULL,	NULL,	NULL,	NULL,	NULL),
(868,	168,	NULL,	NULL,	'/emarket/basket/put/element/46/',	NULL,	NULL,	NULL),
(870,	93,	1,	NULL,	NULL,	NULL,	NULL,	NULL),
(870,	94,	NULL,	NULL,	NULL,	NULL,	NULL,	1356),
(870,	95,	NULL,	NULL,	NULL,	NULL,	NULL,	1356),
(870,	97,	NULL,	NULL,	NULL,	NULL,	NULL,	1356),
(871,	152,	NULL,	NULL,	NULL,	NULL,	NULL,	1356),
(871,	153,	NULL,	NULL,	NULL,	NULL,	NULL,	1356),
(871,	154,	1,	NULL,	NULL,	NULL,	NULL,	NULL),
(871,	168,	NULL,	NULL,	'/emarket/basket/put/element/39/',	NULL,	NULL,	NULL),
(873,	93,	1,	NULL,	NULL,	NULL,	NULL,	NULL),
(873,	94,	NULL,	NULL,	NULL,	NULL,	NULL,	220),
(873,	95,	NULL,	NULL,	NULL,	NULL,	NULL,	220),
(873,	97,	NULL,	NULL,	NULL,	NULL,	NULL,	220),
(874,	152,	NULL,	NULL,	NULL,	NULL,	NULL,	220),
(874,	153,	NULL,	NULL,	NULL,	NULL,	NULL,	220),
(874,	154,	1,	NULL,	NULL,	NULL,	NULL,	NULL),
(874,	168,	NULL,	NULL,	'/emarket/basket/put/element/35/',	NULL,	NULL,	NULL),
(876,	93,	1,	NULL,	NULL,	NULL,	NULL,	NULL),
(876,	94,	NULL,	NULL,	NULL,	NULL,	NULL,	1999),
(876,	95,	NULL,	NULL,	NULL,	NULL,	NULL,	1999),
(876,	97,	NULL,	NULL,	NULL,	NULL,	NULL,	1999),
(877,	152,	NULL,	NULL,	NULL,	NULL,	NULL,	1999),
(877,	153,	NULL,	NULL,	NULL,	NULL,	NULL,	1999),
(877,	154,	1,	NULL,	NULL,	NULL,	NULL,	NULL),
(877,	168,	NULL,	NULL,	'/emarket/basket/put/element/34/',	NULL,	NULL,	NULL),
(879,	93,	1,	NULL,	NULL,	NULL,	NULL,	NULL),
(879,	94,	NULL,	NULL,	NULL,	NULL,	NULL,	546),
(879,	95,	NULL,	NULL,	NULL,	NULL,	NULL,	546),
(879,	97,	NULL,	NULL,	NULL,	NULL,	NULL,	546),
(880,	152,	NULL,	NULL,	NULL,	NULL,	NULL,	546),
(880,	153,	NULL,	NULL,	NULL,	NULL,	NULL,	546),
(880,	154,	1,	NULL,	NULL,	NULL,	NULL,	NULL),
(880,	168,	NULL,	NULL,	'/emarket/basket/put/element/36/',	NULL,	NULL,	NULL),
(882,	93,	1,	NULL,	NULL,	NULL,	NULL,	NULL),
(882,	94,	NULL,	NULL,	NULL,	NULL,	NULL,	3450),
(882,	95,	NULL,	NULL,	NULL,	NULL,	NULL,	3450),
(882,	97,	NULL,	NULL,	NULL,	NULL,	NULL,	3450),
(883,	152,	NULL,	NULL,	NULL,	NULL,	NULL,	3450),
(883,	153,	NULL,	NULL,	NULL,	NULL,	NULL,	3450),
(883,	154,	1,	NULL,	NULL,	NULL,	NULL,	NULL),
(883,	168,	NULL,	NULL,	'/emarket/basket/put/element/37/',	NULL,	NULL,	NULL),
(885,	93,	1,	NULL,	NULL,	NULL,	NULL,	NULL),
(885,	94,	NULL,	NULL,	NULL,	NULL,	NULL,	2998),
(885,	95,	NULL,	NULL,	NULL,	NULL,	NULL,	2998),
(885,	97,	NULL,	NULL,	NULL,	NULL,	NULL,	2998),
(886,	152,	NULL,	NULL,	NULL,	NULL,	NULL,	2998),
(886,	153,	NULL,	NULL,	NULL,	NULL,	NULL,	2998),
(886,	154,	1,	NULL,	NULL,	NULL,	NULL,	NULL),
(886,	168,	NULL,	NULL,	'/emarket/basket/put/element/38/',	NULL,	NULL,	NULL),
(888,	93,	1,	NULL,	NULL,	NULL,	NULL,	NULL),
(888,	94,	NULL,	NULL,	NULL,	NULL,	NULL,	0),
(889,	154,	1,	NULL,	NULL,	NULL,	NULL,	NULL),
(889,	168,	NULL,	NULL,	'/emarket/basket/put/element/40/',	NULL,	NULL,	NULL),
(891,	93,	1,	NULL,	NULL,	NULL,	NULL,	NULL),
(891,	94,	NULL,	NULL,	NULL,	NULL,	NULL,	546),
(891,	95,	NULL,	NULL,	NULL,	NULL,	NULL,	546),
(891,	97,	NULL,	NULL,	NULL,	NULL,	NULL,	546),
(892,	152,	NULL,	NULL,	NULL,	NULL,	NULL,	546),
(892,	153,	NULL,	NULL,	NULL,	NULL,	NULL,	546),
(892,	154,	1,	NULL,	NULL,	NULL,	NULL,	NULL),
(892,	168,	NULL,	NULL,	'/emarket/basket/put/element/36/',	NULL,	NULL,	NULL),
(894,	93,	1,	NULL,	NULL,	NULL,	NULL,	NULL),
(894,	94,	NULL,	NULL,	NULL,	NULL,	NULL,	3450),
(894,	95,	NULL,	NULL,	NULL,	NULL,	NULL,	3450),
(894,	97,	NULL,	NULL,	NULL,	NULL,	NULL,	3450),
(895,	152,	NULL,	NULL,	NULL,	NULL,	NULL,	3450),
(895,	153,	NULL,	NULL,	NULL,	NULL,	NULL,	3450),
(895,	154,	1,	NULL,	NULL,	NULL,	NULL,	NULL),
(895,	168,	NULL,	NULL,	'/emarket/basket/put/element/37/',	NULL,	NULL,	NULL),
(897,	93,	1,	NULL,	NULL,	NULL,	NULL,	NULL),
(897,	94,	NULL,	NULL,	NULL,	NULL,	NULL,	1999),
(897,	95,	NULL,	NULL,	NULL,	NULL,	NULL,	1999),
(897,	97,	NULL,	NULL,	NULL,	NULL,	NULL,	1999),
(898,	152,	NULL,	NULL,	NULL,	NULL,	NULL,	1999),
(898,	153,	NULL,	NULL,	NULL,	NULL,	NULL,	1999),
(898,	154,	1,	NULL,	NULL,	NULL,	NULL,	NULL),
(898,	168,	NULL,	NULL,	'/emarket/basket/put/element/34/',	NULL,	NULL,	NULL),
(900,	93,	1,	NULL,	NULL,	NULL,	NULL,	NULL),
(900,	94,	NULL,	NULL,	NULL,	NULL,	NULL,	0),
(901,	154,	1,	NULL,	NULL,	NULL,	NULL,	NULL),
(901,	168,	NULL,	NULL,	'/emarket/basket/put/element/40/',	NULL,	NULL,	NULL),
(903,	93,	1,	NULL,	NULL,	NULL,	NULL,	NULL),
(903,	94,	NULL,	NULL,	NULL,	NULL,	NULL,	2998),
(903,	95,	NULL,	NULL,	NULL,	NULL,	NULL,	2998),
(903,	97,	NULL,	NULL,	NULL,	NULL,	NULL,	2998),
(904,	152,	NULL,	NULL,	NULL,	NULL,	NULL,	2998),
(904,	153,	NULL,	NULL,	NULL,	NULL,	NULL,	2998),
(904,	154,	1,	NULL,	NULL,	NULL,	NULL,	NULL),
(904,	168,	NULL,	NULL,	'/emarket/basket/put/element/38/',	NULL,	NULL,	NULL),
(906,	93,	1,	NULL,	NULL,	NULL,	NULL,	NULL),
(906,	94,	NULL,	NULL,	NULL,	NULL,	NULL,	1356),
(906,	95,	NULL,	NULL,	NULL,	NULL,	NULL,	1356),
(906,	97,	NULL,	NULL,	NULL,	NULL,	NULL,	1356),
(907,	152,	NULL,	NULL,	NULL,	NULL,	NULL,	1356),
(907,	153,	NULL,	NULL,	NULL,	NULL,	NULL,	1356),
(907,	154,	1,	NULL,	NULL,	NULL,	NULL,	NULL),
(907,	168,	NULL,	NULL,	'/emarket/basket/put/element/39/',	NULL,	NULL,	NULL),
(909,	93,	1,	NULL,	NULL,	NULL,	NULL,	NULL),
(909,	94,	NULL,	NULL,	NULL,	NULL,	NULL,	220),
(909,	95,	NULL,	NULL,	NULL,	NULL,	NULL,	220),
(909,	97,	NULL,	NULL,	NULL,	NULL,	NULL,	220),
(910,	152,	NULL,	NULL,	NULL,	NULL,	NULL,	220),
(910,	153,	NULL,	NULL,	NULL,	NULL,	NULL,	220),
(910,	154,	1,	NULL,	NULL,	NULL,	NULL,	NULL),
(910,	168,	NULL,	NULL,	'/emarket/basket/put/element/35/',	NULL,	NULL,	NULL),
(912,	93,	1,	NULL,	NULL,	NULL,	NULL,	NULL),
(912,	94,	NULL,	NULL,	NULL,	NULL,	NULL,	480),
(912,	95,	NULL,	NULL,	NULL,	NULL,	NULL,	480),
(912,	97,	NULL,	NULL,	NULL,	NULL,	NULL,	480),
(913,	152,	NULL,	NULL,	NULL,	NULL,	NULL,	480),
(913,	153,	NULL,	NULL,	NULL,	NULL,	NULL,	480),
(913,	154,	1,	NULL,	NULL,	NULL,	NULL,	NULL),
(913,	168,	NULL,	NULL,	'/emarket/basket/put/element/43/',	NULL,	NULL,	NULL),
(915,	93,	1,	NULL,	NULL,	NULL,	NULL,	NULL),
(915,	94,	NULL,	NULL,	NULL,	NULL,	NULL,	670),
(915,	95,	NULL,	NULL,	NULL,	NULL,	NULL,	670),
(915,	97,	NULL,	NULL,	NULL,	NULL,	NULL,	670),
(916,	152,	NULL,	NULL,	NULL,	NULL,	NULL,	670),
(916,	153,	NULL,	NULL,	NULL,	NULL,	NULL,	670),
(916,	154,	1,	NULL,	NULL,	NULL,	NULL,	NULL),
(916,	168,	NULL,	NULL,	'/emarket/basket/put/element/46/',	NULL,	NULL,	NULL),
(918,	93,	1,	NULL,	NULL,	NULL,	NULL,	NULL),
(918,	94,	NULL,	NULL,	NULL,	NULL,	NULL,	159),
(918,	95,	NULL,	NULL,	NULL,	NULL,	NULL,	159),
(918,	97,	NULL,	NULL,	NULL,	NULL,	NULL,	159),
(919,	152,	NULL,	NULL,	NULL,	NULL,	NULL,	159),
(919,	153,	NULL,	NULL,	NULL,	NULL,	NULL,	159),
(919,	154,	1,	NULL,	NULL,	NULL,	NULL,	NULL),
(919,	168,	NULL,	NULL,	'/emarket/basket/put/element/32/',	NULL,	NULL,	NULL),
(682,	7,	NULL,	'фото',	NULL,	NULL,	NULL,	NULL),
(682,	7,	NULL,	'кино',	NULL,	NULL,	NULL,	NULL),
(682,	7,	NULL,	'невский',	NULL,	NULL,	NULL,	NULL),
(683,	7,	NULL,	'фото',	NULL,	NULL,	NULL,	NULL),
(683,	7,	NULL,	'питер',	NULL,	NULL,	NULL,	NULL),
(683,	7,	NULL,	'ледяной дворец',	NULL,	NULL,	NULL,	NULL),
(684,	7,	NULL,	'фото',	NULL,	NULL,	NULL,	NULL),
(684,	7,	NULL,	'питер',	NULL,	NULL,	NULL,	NULL),
(684,	7,	NULL,	'ледяной дворец',	NULL,	NULL,	NULL,	NULL),
(684,	7,	NULL,	'дерево',	NULL,	NULL,	NULL,	NULL),
(685,	7,	NULL,	'фото',	NULL,	NULL,	NULL,	NULL),
(685,	7,	NULL,	'питер',	NULL,	NULL,	NULL,	NULL),
(685,	7,	NULL,	'ледяной дворец',	NULL,	NULL,	NULL,	NULL),
(685,	7,	NULL,	'монетки',	NULL,	NULL,	NULL,	NULL),
(686,	7,	NULL,	'фото',	NULL,	NULL,	NULL,	NULL),
(686,	7,	NULL,	'питер',	NULL,	NULL,	NULL,	NULL),
(686,	7,	NULL,	'ледяной дворец',	NULL,	NULL,	NULL,	NULL),
(686,	7,	NULL,	'ведро',	NULL,	NULL,	NULL,	NULL),
(623,	80,	NULL,	NULL,	NULL,	10,	NULL,	NULL),
(624,	80,	NULL,	NULL,	NULL,	10,	NULL,	NULL),
(625,	80,	NULL,	NULL,	NULL,	10,	NULL,	NULL),
(626,	80,	NULL,	NULL,	NULL,	10,	NULL,	NULL),
(627,	80,	NULL,	NULL,	NULL,	10,	NULL,	NULL),
(628,	80,	NULL,	NULL,	NULL,	10,	NULL,	NULL),
(629,	80,	NULL,	NULL,	NULL,	10,	NULL,	NULL),
(638,	501,	NULL,	NULL,	NULL,	630,	NULL,	NULL),
(638,	502,	NULL,	NULL,	NULL,	631,	NULL,	NULL),
(638,	503,	NULL,	NULL,	NULL,	632,	NULL,	NULL),
(638,	504,	NULL,	NULL,	NULL,	633,	NULL,	NULL),
(638,	510,	NULL,	NULL,	NULL,	634,	NULL,	NULL),
(638,	511,	NULL,	NULL,	NULL,	635,	NULL,	NULL),
(638,	512,	NULL,	NULL,	NULL,	636,	NULL,	NULL),
(638,	513,	NULL,	NULL,	NULL,	637,	NULL,	NULL),
(640,	99,	NULL,	NULL,	NULL,	NULL,	1,	NULL),
(641,	115,	NULL,	NULL,	NULL,	191,	NULL,	NULL),
(642,	136,	NULL,	NULL,	NULL,	189,	NULL,	NULL),
(643,	144,	NULL,	NULL,	NULL,	640,	NULL,	NULL),
(643,	148,	NULL,	NULL,	NULL,	182,	NULL,	NULL),
(643,	151,	NULL,	NULL,	NULL,	196,	NULL,	NULL),
(643,	175,	NULL,	NULL,	NULL,	641,	NULL,	NULL),
(643,	181,	NULL,	NULL,	NULL,	642,	NULL,	NULL),
(643,	184,	NULL,	NULL,	NULL,	623,	NULL,	NULL),
(182,	216,	NULL,	NULL,	NULL,	623,	NULL,	NULL),
(182,	216,	NULL,	NULL,	NULL,	624,	NULL,	NULL),
(182,	216,	NULL,	NULL,	NULL,	625,	NULL,	NULL),
(182,	216,	NULL,	NULL,	NULL,	626,	NULL,	NULL),
(182,	216,	NULL,	NULL,	NULL,	627,	NULL,	NULL),
(182,	216,	NULL,	NULL,	NULL,	628,	NULL,	NULL),
(182,	216,	NULL,	NULL,	NULL,	629,	NULL,	NULL),
(650,	274,	NULL,	NULL,	NULL,	654,	NULL,	NULL),
(651,	274,	NULL,	NULL,	NULL,	654,	NULL,	NULL),
(652,	274,	NULL,	NULL,	NULL,	654,	NULL,	NULL),
(653,	274,	NULL,	NULL,	NULL,	654,	NULL,	NULL),
(654,	277,	NULL,	NULL,	NULL,	650,	NULL,	NULL),
(654,	277,	NULL,	NULL,	NULL,	651,	NULL,	NULL),
(654,	277,	NULL,	NULL,	NULL,	652,	NULL,	NULL),
(654,	277,	NULL,	NULL,	NULL,	653,	NULL,	NULL),
(661,	260,	NULL,	NULL,	NULL,	182,	NULL,	NULL),
(662,	264,	NULL,	NULL,	NULL,	661,	NULL,	NULL),
(663,	270,	NULL,	NULL,	NULL,	NULL,	16,	NULL),
(663,	264,	NULL,	NULL,	NULL,	661,	NULL,	NULL),
(664,	270,	NULL,	NULL,	NULL,	NULL,	16,	NULL),
(665,	264,	NULL,	NULL,	NULL,	661,	NULL,	NULL),
(666,	270,	NULL,	NULL,	NULL,	NULL,	19,	NULL),
(666,	264,	NULL,	NULL,	NULL,	661,	NULL,	NULL),
(667,	270,	NULL,	NULL,	NULL,	NULL,	19,	NULL),
(672,	264,	NULL,	NULL,	NULL,	661,	NULL,	NULL),
(700,	501,	NULL,	NULL,	NULL,	698,	NULL,	NULL),
(700,	502,	NULL,	NULL,	NULL,	631,	NULL,	NULL),
(700,	503,	NULL,	NULL,	NULL,	632,	NULL,	NULL),
(700,	504,	NULL,	NULL,	NULL,	633,	NULL,	NULL),
(700,	510,	NULL,	NULL,	NULL,	634,	NULL,	NULL),
(700,	511,	NULL,	NULL,	NULL,	692,	NULL,	NULL),
(700,	512,	NULL,	NULL,	NULL,	636,	NULL,	NULL),
(700,	513,	NULL,	NULL,	NULL,	699,	NULL,	NULL),
(705,	501,	NULL,	NULL,	NULL,	698,	NULL,	NULL),
(705,	502,	NULL,	NULL,	NULL,	701,	NULL,	NULL),
(705,	503,	NULL,	NULL,	NULL,	702,	NULL,	NULL),
(705,	504,	NULL,	NULL,	NULL,	691,	NULL,	NULL),
(705,	510,	NULL,	NULL,	NULL,	634,	NULL,	NULL),
(705,	511,	NULL,	NULL,	NULL,	703,	NULL,	NULL),
(705,	512,	NULL,	NULL,	NULL,	704,	NULL,	NULL),
(705,	513,	NULL,	NULL,	NULL,	699,	NULL,	NULL),
(709,	501,	NULL,	NULL,	NULL,	706,	NULL,	NULL),
(709,	502,	NULL,	NULL,	NULL,	631,	NULL,	NULL),
(709,	503,	NULL,	NULL,	NULL,	632,	NULL,	NULL),
(709,	504,	NULL,	NULL,	NULL,	633,	NULL,	NULL),
(709,	510,	NULL,	NULL,	NULL,	707,	NULL,	NULL),
(709,	511,	NULL,	NULL,	NULL,	708,	NULL,	NULL),
(709,	513,	NULL,	NULL,	NULL,	699,	NULL,	NULL),
(713,	501,	NULL,	NULL,	NULL,	710,	NULL,	NULL),
(713,	502,	NULL,	NULL,	NULL,	711,	NULL,	NULL),
(713,	503,	NULL,	NULL,	NULL,	632,	NULL,	NULL),
(713,	504,	NULL,	NULL,	NULL,	633,	NULL,	NULL),
(713,	510,	NULL,	NULL,	NULL,	712,	NULL,	NULL),
(713,	511,	NULL,	NULL,	NULL,	692,	NULL,	NULL),
(713,	513,	NULL,	NULL,	NULL,	699,	NULL,	NULL),
(714,	516,	NULL,	NULL,	NULL,	697,	NULL,	NULL),
(714,	517,	NULL,	NULL,	NULL,	NULL,	51,	NULL),
(714,	517,	NULL,	NULL,	NULL,	NULL,	45,	NULL),
(714,	517,	NULL,	NULL,	NULL,	NULL,	46,	NULL),
(714,	517,	NULL,	NULL,	NULL,	NULL,	47,	NULL),
(714,	517,	NULL,	NULL,	NULL,	NULL,	48,	NULL),
(716,	501,	NULL,	NULL,	NULL,	689,	NULL,	NULL),
(716,	502,	NULL,	NULL,	NULL,	690,	NULL,	NULL),
(716,	503,	NULL,	NULL,	NULL,	632,	NULL,	NULL),
(716,	504,	NULL,	NULL,	NULL,	691,	NULL,	NULL),
(716,	510,	NULL,	NULL,	NULL,	634,	NULL,	NULL),
(716,	511,	NULL,	NULL,	NULL,	692,	NULL,	NULL),
(716,	512,	NULL,	NULL,	NULL,	693,	NULL,	NULL),
(716,	513,	NULL,	NULL,	NULL,	694,	NULL,	NULL),
(716,	514,	NULL,	NULL,	NULL,	NULL,	43,	NULL),
(716,	514,	NULL,	NULL,	NULL,	NULL,	49,	NULL),
(719,	501,	NULL,	NULL,	NULL,	717,	NULL,	NULL),
(719,	502,	NULL,	NULL,	NULL,	711,	NULL,	NULL),
(719,	503,	NULL,	NULL,	NULL,	632,	NULL,	NULL),
(719,	504,	NULL,	NULL,	NULL,	633,	NULL,	NULL),
(719,	510,	NULL,	NULL,	NULL,	712,	NULL,	NULL),
(719,	511,	NULL,	NULL,	NULL,	708,	NULL,	NULL),
(719,	512,	NULL,	NULL,	NULL,	718,	NULL,	NULL),
(719,	513,	NULL,	NULL,	NULL,	699,	NULL,	NULL),
(723,	501,	NULL,	NULL,	NULL,	720,	NULL,	NULL),
(723,	502,	NULL,	NULL,	NULL,	721,	NULL,	NULL),
(723,	503,	NULL,	NULL,	NULL,	632,	NULL,	NULL),
(723,	510,	NULL,	NULL,	NULL,	707,	NULL,	NULL),
(723,	511,	NULL,	NULL,	NULL,	703,	NULL,	NULL),
(723,	512,	NULL,	NULL,	NULL,	722,	NULL,	NULL),
(723,	513,	NULL,	NULL,	NULL,	694,	NULL,	NULL),
(726,	501,	NULL,	NULL,	NULL,	710,	NULL,	NULL),
(726,	502,	NULL,	NULL,	NULL,	724,	NULL,	NULL),
(726,	503,	NULL,	NULL,	NULL,	632,	NULL,	NULL),
(726,	504,	NULL,	NULL,	NULL,	633,	NULL,	NULL),
(726,	510,	NULL,	NULL,	NULL,	634,	NULL,	NULL),
(726,	511,	NULL,	NULL,	NULL,	635,	NULL,	NULL),
(726,	512,	NULL,	NULL,	NULL,	704,	NULL,	NULL),
(726,	513,	NULL,	NULL,	NULL,	725,	NULL,	NULL),
(727,	264,	NULL,	NULL,	NULL,	661,	NULL,	NULL),
(728,	264,	NULL,	NULL,	NULL,	661,	NULL,	NULL),
(729,	264,	NULL,	NULL,	NULL,	661,	NULL,	NULL),
(732,	516,	NULL,	NULL,	NULL,	731,	NULL,	NULL),
(732,	517,	NULL,	NULL,	NULL,	NULL,	48,	NULL),
(732,	517,	NULL,	NULL,	NULL,	NULL,	54,	NULL),
(732,	517,	NULL,	NULL,	NULL,	NULL,	1,	NULL),
(732,	517,	NULL,	NULL,	NULL,	NULL,	46,	NULL),
(732,	517,	NULL,	NULL,	NULL,	NULL,	45,	NULL),
(732,	517,	NULL,	NULL,	NULL,	NULL,	52,	NULL),
(734,	264,	NULL,	NULL,	NULL,	661,	NULL,	NULL),
(735,	270,	NULL,	NULL,	NULL,	NULL,	61,	NULL),
(735,	264,	NULL,	NULL,	NULL,	661,	NULL,	NULL),
(736,	264,	NULL,	NULL,	NULL,	661,	NULL,	NULL),
(737,	264,	NULL,	NULL,	NULL,	661,	NULL,	NULL),
(738,	264,	NULL,	NULL,	NULL,	661,	NULL,	NULL),
(756,	70,	NULL,	NULL,	NULL,	186,	NULL,	NULL),
(758,	136,	NULL,	NULL,	NULL,	190,	NULL,	NULL),
(759,	70,	NULL,	NULL,	NULL,	186,	NULL,	NULL),
(760,	70,	NULL,	NULL,	NULL,	207,	NULL,	NULL),
(761,	70,	NULL,	NULL,	NULL,	207,	NULL,	NULL),
(762,	70,	NULL,	NULL,	NULL,	207,	NULL,	NULL),
(763,	70,	NULL,	NULL,	NULL,	209,	NULL,	NULL),
(764,	70,	NULL,	NULL,	NULL,	207,	NULL,	NULL),
(765,	70,	NULL,	NULL,	NULL,	209,	NULL,	NULL),
(766,	70,	NULL,	NULL,	NULL,	207,	NULL,	NULL),
(767,	70,	NULL,	NULL,	NULL,	209,	NULL,	NULL),
(768,	70,	NULL,	NULL,	NULL,	207,	NULL,	NULL),
(769,	70,	NULL,	NULL,	NULL,	209,	NULL,	NULL),
(770,	70,	NULL,	NULL,	NULL,	210,	NULL,	NULL),
(771,	70,	NULL,	NULL,	NULL,	208,	NULL,	NULL),
(772,	70,	NULL,	NULL,	NULL,	207,	NULL,	NULL),
(773,	70,	NULL,	NULL,	NULL,	209,	NULL,	NULL),
(773,	359,	NULL,	NULL,	NULL,	619,	NULL,	NULL),
(773,	359,	NULL,	NULL,	NULL,	181,	NULL,	NULL),
(774,	70,	NULL,	NULL,	NULL,	210,	NULL,	NULL),
(774,	237,	NULL,	NULL,	NULL,	182,	NULL,	NULL),
(775,	70,	NULL,	NULL,	NULL,	208,	NULL,	NULL),
(776,	70,	NULL,	NULL,	NULL,	206,	NULL,	NULL),
(212,	63,	NULL,	NULL,	NULL,	180,	NULL,	NULL),
(212,	63,	NULL,	NULL,	NULL,	183,	NULL,	NULL),
(785,	437,	NULL,	NULL,	NULL,	782,	NULL,	NULL),
(786,	437,	NULL,	NULL,	NULL,	783,	NULL,	NULL),
(787,	437,	NULL,	NULL,	NULL,	783,	NULL,	NULL),
(788,	437,	NULL,	NULL,	NULL,	783,	NULL,	NULL),
(789,	437,	NULL,	NULL,	NULL,	784,	NULL,	NULL),
(818,	99,	NULL,	NULL,	NULL,	NULL,	51,	NULL),
(819,	99,	NULL,	NULL,	NULL,	NULL,	53,	NULL),
(820,	99,	NULL,	NULL,	NULL,	NULL,	48,	NULL),
(821,	144,	NULL,	NULL,	NULL,	818,	NULL,	NULL),
(821,	144,	NULL,	NULL,	NULL,	819,	NULL,	NULL),
(821,	144,	NULL,	NULL,	NULL,	820,	NULL,	NULL),
(821,	148,	NULL,	NULL,	NULL,	182,	NULL,	NULL),
(821,	151,	NULL,	NULL,	NULL,	198,	NULL,	NULL),
(821,	175,	NULL,	NULL,	NULL,	641,	NULL,	NULL),
(821,	181,	NULL,	NULL,	NULL,	642,	NULL,	NULL),
(821,	184,	NULL,	NULL,	NULL,	623,	NULL,	NULL),
(822,	99,	NULL,	NULL,	NULL,	NULL,	49,	NULL),
(823,	144,	NULL,	NULL,	NULL,	822,	NULL,	NULL),
(823,	148,	NULL,	NULL,	NULL,	182,	NULL,	NULL),
(823,	151,	NULL,	NULL,	NULL,	197,	NULL,	NULL),
(823,	175,	NULL,	NULL,	NULL,	641,	NULL,	NULL),
(823,	181,	NULL,	NULL,	NULL,	758,	NULL,	NULL),
(823,	184,	NULL,	NULL,	NULL,	624,	NULL,	NULL),
(824,	99,	NULL,	NULL,	NULL,	NULL,	52,	NULL),
(825,	99,	NULL,	NULL,	NULL,	NULL,	45,	NULL),
(826,	144,	NULL,	NULL,	NULL,	824,	NULL,	NULL),
(826,	144,	NULL,	NULL,	NULL,	825,	NULL,	NULL),
(826,	148,	NULL,	NULL,	NULL,	182,	NULL,	NULL),
(826,	151,	NULL,	NULL,	NULL,	195,	NULL,	NULL),
(826,	175,	NULL,	NULL,	NULL,	641,	NULL,	NULL),
(826,	181,	NULL,	NULL,	NULL,	642,	NULL,	NULL),
(826,	184,	NULL,	NULL,	NULL,	625,	NULL,	NULL),
(827,	99,	NULL,	NULL,	NULL,	NULL,	51,	NULL),
(828,	99,	NULL,	NULL,	NULL,	NULL,	46,	NULL),
(829,	99,	NULL,	NULL,	NULL,	NULL,	48,	NULL),
(830,	144,	NULL,	NULL,	NULL,	827,	NULL,	NULL),
(830,	144,	NULL,	NULL,	NULL,	828,	NULL,	NULL),
(830,	144,	NULL,	NULL,	NULL,	829,	NULL,	NULL),
(830,	148,	NULL,	NULL,	NULL,	182,	NULL,	NULL),
(830,	151,	NULL,	NULL,	NULL,	196,	NULL,	NULL),
(830,	175,	NULL,	NULL,	NULL,	641,	NULL,	NULL),
(830,	181,	NULL,	NULL,	NULL,	642,	NULL,	NULL),
(830,	184,	NULL,	NULL,	NULL,	626,	NULL,	NULL),
(831,	99,	NULL,	NULL,	NULL,	NULL,	53,	NULL),
(832,	99,	NULL,	NULL,	NULL,	NULL,	51,	NULL),
(833,	144,	NULL,	NULL,	NULL,	831,	NULL,	NULL),
(833,	144,	NULL,	NULL,	NULL,	832,	NULL,	NULL),
(833,	148,	NULL,	NULL,	NULL,	182,	NULL,	NULL),
(833,	151,	NULL,	NULL,	NULL,	194,	NULL,	NULL),
(833,	175,	NULL,	NULL,	NULL,	641,	NULL,	NULL),
(833,	181,	NULL,	NULL,	NULL,	642,	NULL,	NULL),
(833,	184,	NULL,	NULL,	NULL,	627,	NULL,	NULL),
(834,	99,	NULL,	NULL,	NULL,	NULL,	43,	NULL),
(835,	144,	NULL,	NULL,	NULL,	834,	NULL,	NULL),
(835,	148,	NULL,	NULL,	NULL,	182,	NULL,	NULL),
(835,	151,	NULL,	NULL,	NULL,	192,	NULL,	NULL),
(835,	175,	NULL,	NULL,	NULL,	641,	NULL,	NULL),
(835,	181,	NULL,	NULL,	NULL,	758,	NULL,	NULL),
(835,	184,	NULL,	NULL,	NULL,	628,	NULL,	NULL),
(836,	99,	NULL,	NULL,	NULL,	NULL,	49,	NULL),
(837,	99,	NULL,	NULL,	NULL,	NULL,	59,	NULL),
(838,	144,	NULL,	NULL,	NULL,	836,	NULL,	NULL),
(838,	144,	NULL,	NULL,	NULL,	837,	NULL,	NULL),
(838,	148,	NULL,	NULL,	NULL,	182,	NULL,	NULL),
(838,	151,	NULL,	NULL,	NULL,	193,	NULL,	NULL),
(838,	175,	NULL,	NULL,	NULL,	641,	NULL,	NULL),
(838,	181,	NULL,	NULL,	NULL,	758,	NULL,	NULL),
(838,	184,	NULL,	NULL,	NULL,	629,	NULL,	NULL),
(839,	99,	NULL,	NULL,	NULL,	NULL,	51,	NULL),
(842,	99,	NULL,	NULL,	NULL,	NULL,	51,	NULL),
(843,	144,	NULL,	NULL,	NULL,	842,	NULL,	NULL),
(843,	148,	NULL,	NULL,	NULL,	182,	NULL,	NULL),
(843,	151,	NULL,	NULL,	NULL,	196,	NULL,	NULL),
(843,	175,	NULL,	NULL,	NULL,	641,	NULL,	NULL),
(843,	181,	NULL,	NULL,	NULL,	642,	NULL,	NULL),
(843,	184,	NULL,	NULL,	NULL,	623,	NULL,	NULL),
(844,	99,	NULL,	NULL,	NULL,	NULL,	59,	NULL),
(845,	144,	NULL,	NULL,	NULL,	844,	NULL,	NULL),
(845,	148,	NULL,	NULL,	NULL,	182,	NULL,	NULL),
(845,	151,	NULL,	NULL,	NULL,	196,	NULL,	NULL),
(845,	175,	NULL,	NULL,	NULL,	641,	NULL,	NULL),
(845,	181,	NULL,	NULL,	NULL,	642,	NULL,	NULL),
(845,	184,	NULL,	NULL,	NULL,	623,	NULL,	NULL),
(846,	99,	NULL,	NULL,	NULL,	NULL,	52,	NULL),
(847,	144,	NULL,	NULL,	NULL,	846,	NULL,	NULL),
(847,	148,	NULL,	NULL,	NULL,	848,	NULL,	NULL),
(849,	99,	NULL,	NULL,	NULL,	NULL,	51,	NULL),
(850,	144,	NULL,	NULL,	NULL,	849,	NULL,	NULL),
(850,	148,	NULL,	NULL,	NULL,	851,	NULL,	NULL),
(852,	99,	NULL,	NULL,	NULL,	NULL,	51,	NULL),
(853,	144,	NULL,	NULL,	NULL,	852,	NULL,	NULL),
(853,	148,	NULL,	NULL,	NULL,	854,	NULL,	NULL),
(855,	99,	NULL,	NULL,	NULL,	NULL,	52,	NULL),
(856,	144,	NULL,	NULL,	NULL,	855,	NULL,	NULL),
(856,	148,	NULL,	NULL,	NULL,	857,	NULL,	NULL),
(858,	99,	NULL,	NULL,	NULL,	NULL,	52,	NULL),
(859,	144,	NULL,	NULL,	NULL,	858,	NULL,	NULL),
(859,	148,	NULL,	NULL,	NULL,	860,	NULL,	NULL),
(861,	99,	NULL,	NULL,	NULL,	NULL,	51,	NULL),
(862,	144,	NULL,	NULL,	NULL,	861,	NULL,	NULL),
(862,	148,	NULL,	NULL,	NULL,	863,	NULL,	NULL),
(864,	99,	NULL,	NULL,	NULL,	NULL,	43,	NULL),
(865,	144,	NULL,	NULL,	NULL,	864,	NULL,	NULL),
(865,	148,	NULL,	NULL,	NULL,	866,	NULL,	NULL),
(867,	99,	NULL,	NULL,	NULL,	NULL,	49,	NULL),
(868,	144,	NULL,	NULL,	NULL,	867,	NULL,	NULL),
(868,	148,	NULL,	NULL,	NULL,	869,	NULL,	NULL),
(870,	99,	NULL,	NULL,	NULL,	NULL,	54,	NULL),
(871,	144,	NULL,	NULL,	NULL,	870,	NULL,	NULL),
(871,	148,	NULL,	NULL,	NULL,	872,	NULL,	NULL),
(873,	99,	NULL,	NULL,	NULL,	NULL,	53,	NULL),
(874,	144,	NULL,	NULL,	NULL,	873,	NULL,	NULL),
(874,	148,	NULL,	NULL,	NULL,	875,	NULL,	NULL),
(876,	99,	NULL,	NULL,	NULL,	NULL,	45,	NULL),
(877,	144,	NULL,	NULL,	NULL,	876,	NULL,	NULL),
(877,	148,	NULL,	NULL,	NULL,	878,	NULL,	NULL),
(879,	99,	NULL,	NULL,	NULL,	NULL,	46,	NULL),
(880,	144,	NULL,	NULL,	NULL,	879,	NULL,	NULL),
(880,	148,	NULL,	NULL,	NULL,	881,	NULL,	NULL),
(882,	99,	NULL,	NULL,	NULL,	NULL,	1,	NULL),
(883,	144,	NULL,	NULL,	NULL,	882,	NULL,	NULL),
(883,	148,	NULL,	NULL,	NULL,	884,	NULL,	NULL),
(885,	99,	NULL,	NULL,	NULL,	NULL,	47,	NULL),
(886,	144,	NULL,	NULL,	NULL,	885,	NULL,	NULL),
(886,	148,	NULL,	NULL,	NULL,	887,	NULL,	NULL),
(888,	99,	NULL,	NULL,	NULL,	NULL,	48,	NULL),
(889,	144,	NULL,	NULL,	NULL,	888,	NULL,	NULL),
(889,	148,	NULL,	NULL,	NULL,	890,	NULL,	NULL),
(891,	99,	NULL,	NULL,	NULL,	NULL,	46,	NULL),
(892,	144,	NULL,	NULL,	NULL,	891,	NULL,	NULL),
(892,	148,	NULL,	NULL,	NULL,	893,	NULL,	NULL),
(894,	99,	NULL,	NULL,	NULL,	NULL,	1,	NULL),
(895,	144,	NULL,	NULL,	NULL,	894,	NULL,	NULL),
(895,	148,	NULL,	NULL,	NULL,	896,	NULL,	NULL),
(897,	99,	NULL,	NULL,	NULL,	NULL,	45,	NULL),
(898,	144,	NULL,	NULL,	NULL,	897,	NULL,	NULL),
(898,	148,	NULL,	NULL,	NULL,	899,	NULL,	NULL),
(900,	99,	NULL,	NULL,	NULL,	NULL,	48,	NULL),
(901,	144,	NULL,	NULL,	NULL,	900,	NULL,	NULL),
(901,	148,	NULL,	NULL,	NULL,	902,	NULL,	NULL),
(903,	99,	NULL,	NULL,	NULL,	NULL,	47,	NULL),
(904,	144,	NULL,	NULL,	NULL,	903,	NULL,	NULL),
(904,	148,	NULL,	NULL,	NULL,	905,	NULL,	NULL),
(906,	99,	NULL,	NULL,	NULL,	NULL,	54,	NULL),
(907,	144,	NULL,	NULL,	NULL,	906,	NULL,	NULL),
(907,	148,	NULL,	NULL,	NULL,	908,	NULL,	NULL),
(909,	99,	NULL,	NULL,	NULL,	NULL,	53,	NULL),
(910,	144,	NULL,	NULL,	NULL,	909,	NULL,	NULL),
(910,	148,	NULL,	NULL,	NULL,	911,	NULL,	NULL),
(912,	99,	NULL,	NULL,	NULL,	NULL,	43,	NULL),
(913,	144,	NULL,	NULL,	NULL,	912,	NULL,	NULL),
(913,	148,	NULL,	NULL,	NULL,	914,	NULL,	NULL),
(915,	99,	NULL,	NULL,	NULL,	NULL,	49,	NULL),
(916,	144,	NULL,	NULL,	NULL,	915,	NULL,	NULL),
(916,	148,	NULL,	NULL,	NULL,	917,	NULL,	NULL),
(918,	99,	NULL,	NULL,	NULL,	NULL,	51,	NULL),
(919,	144,	NULL,	NULL,	NULL,	918,	NULL,	NULL),
(919,	148,	NULL,	NULL,	NULL,	920,	NULL,	NULL),
(922,	148,	NULL,	NULL,	NULL,	921,	NULL,	NULL),
(182,	220,	NULL,	NULL,	NULL,	643,	NULL,	1),
(848,	345,	NULL,	NULL,	NULL,	847,	NULL,	1),
(851,	345,	NULL,	NULL,	NULL,	850,	NULL,	1),
(854,	345,	NULL,	NULL,	NULL,	853,	NULL,	1),
(857,	345,	NULL,	NULL,	NULL,	856,	NULL,	1),
(860,	345,	NULL,	NULL,	NULL,	859,	NULL,	1),
(863,	345,	NULL,	NULL,	NULL,	862,	NULL,	1),
(866,	345,	NULL,	NULL,	NULL,	865,	NULL,	1),
(869,	345,	NULL,	NULL,	NULL,	868,	NULL,	1),
(872,	345,	NULL,	NULL,	NULL,	871,	NULL,	1),
(875,	345,	NULL,	NULL,	NULL,	874,	NULL,	1),
(878,	345,	NULL,	NULL,	NULL,	877,	NULL,	1),
(881,	345,	NULL,	NULL,	NULL,	880,	NULL,	1),
(884,	345,	NULL,	NULL,	NULL,	883,	NULL,	1),
(887,	345,	NULL,	NULL,	NULL,	886,	NULL,	1),
(890,	345,	NULL,	NULL,	NULL,	889,	NULL,	1),
(893,	345,	NULL,	NULL,	NULL,	892,	NULL,	1),
(896,	345,	NULL,	NULL,	NULL,	895,	NULL,	1),
(899,	345,	NULL,	NULL,	NULL,	898,	NULL,	1),
(902,	345,	NULL,	NULL,	NULL,	901,	NULL,	1),
(905,	345,	NULL,	NULL,	NULL,	904,	NULL,	1),
(908,	345,	NULL,	NULL,	NULL,	907,	NULL,	1),
(911,	345,	NULL,	NULL,	NULL,	910,	NULL,	1),
(914,	345,	NULL,	NULL,	NULL,	913,	NULL,	1),
(917,	345,	NULL,	NULL,	NULL,	916,	NULL,	1),
(920,	345,	NULL,	NULL,	NULL,	919,	NULL,	1),
(656,	332,	1,	NULL,	NULL,	NULL,	NULL,	NULL),
(182,	203,	NULL,	'sv',	NULL,	NULL,	NULL,	NULL),
(182,	204,	NULL,	'c4ca4238a0b923820dcc509a6f75849b',	NULL,	NULL,	NULL,	NULL),
(182,	205,	NULL,	'ab@umisoft.ru',	NULL,	NULL,	NULL,	NULL),
(182,	229,	NULL,	'Бабейкин',	NULL,	NULL,	NULL,	NULL),
(182,	230,	NULL,	'Артем',	NULL,	NULL,	NULL,	NULL),
(182,	231,	NULL,	'Александрович',	NULL,	NULL,	NULL,	NULL),
(786,	430,	418,	NULL,	NULL,	NULL,	NULL,	NULL),
(785,	430,	1264,	NULL,	NULL,	NULL,	NULL,	NULL),
(788,	430,	421,	NULL,	NULL,	NULL,	NULL,	NULL);

DROP TABLE IF EXISTS `cms3_object_content_cnt`;
CREATE TABLE `cms3_object_content_cnt` (
  `obj_id` int(10) unsigned DEFAULT NULL,
  `field_id` int(10) unsigned DEFAULT NULL,
  `cnt` int(10) DEFAULT 0,
  KEY `FK_Contents_Counters to object relation` (`obj_id`),
  KEY `FK_Contents_Counters field id relation` (`field_id`),
  CONSTRAINT `FK_Contents_Counters field id relation` FOREIGN KEY (`field_id`) REFERENCES `cms3_object_fields` (`id`) ON DELETE CASCADE ON UPDATE CASCADE,
  CONSTRAINT `FK_Contents_Counters to object relation` FOREIGN KEY (`obj_id`) REFERENCES `cms3_objects` (`id`) ON DELETE CASCADE ON UPDATE CASCADE
) ENGINE=InnoDB DEFAULT CHARSET=utf8;


DROP TABLE IF EXISTS `cms3_object_domain_id_list`;
CREATE TABLE `cms3_object_domain_id_list` (
  `id` int(10) unsigned NOT NULL AUTO_INCREMENT,
  `obj_id` int(10) unsigned DEFAULT NULL,
  `field_id` int(10) unsigned DEFAULT NULL,
  `domain_id` int(10) unsigned DEFAULT NULL,
  PRIMARY KEY (`id`),
  KEY `cms3_object_domain_id_list load field value` (`obj_id`,`field_id`),
  KEY `cms3_object_domain_id_list field_id` (`field_id`),
  KEY `cms3_object_domain_id_list obj_id` (`obj_id`),
  KEY `cms3_object_domain_id_list domain_id` (`domain_id`),
  CONSTRAINT `cms3_object_domain_id_list domain id` FOREIGN KEY (`domain_id`) REFERENCES `cms3_domains` (`id`) ON DELETE CASCADE,
  CONSTRAINT `cms3_object_domain_id_list field id` FOREIGN KEY (`field_id`) REFERENCES `cms3_object_fields` (`id`) ON DELETE CASCADE,
  CONSTRAINT `cms3_object_domain_id_list object id` FOREIGN KEY (`obj_id`) REFERENCES `cms3_objects` (`id`) ON DELETE CASCADE
) ENGINE=InnoDB DEFAULT CHARSET=utf8;

INSERT INTO `cms3_object_domain_id_list` (`id`, `obj_id`, `field_id`, `domain_id`) VALUES
(1,	643,	149,	1),
(2,	821,	149,	1),
(3,	823,	149,	1),
(4,	826,	149,	1),
(5,	830,	149,	1),
(6,	833,	149,	1),
(7,	835,	149,	1),
(8,	838,	149,	1),
(9,	843,	149,	1),
(10,	845,	149,	1),
(11,	922,	149,	1),
(12,	816,	149,	1),
(13,	840,	149,	1),
(14,	847,	149,	1),
(15,	850,	149,	1),
(16,	853,	149,	1),
(17,	856,	149,	1),
(18,	859,	149,	1),
(19,	862,	149,	1),
(20,	865,	149,	1),
(21,	868,	149,	1),
(22,	871,	149,	1),
(23,	874,	149,	1),
(24,	877,	149,	1),
(25,	880,	149,	1),
(26,	883,	149,	1),
(27,	886,	149,	1),
(28,	889,	149,	1),
(29,	892,	149,	1),
(30,	895,	149,	1),
(31,	898,	149,	1),
(32,	901,	149,	1),
(33,	904,	149,	1),
(34,	907,	149,	1),
(35,	910,	149,	1),
(36,	913,	149,	1),
(37,	916,	149,	1),
(38,	919,	149,	1);

DROP TABLE IF EXISTS `cms3_object_fields`;
CREATE TABLE `cms3_object_fields` (
  `id` int(10) unsigned NOT NULL AUTO_INCREMENT,
  `name` varchar(64) DEFAULT NULL,
  `title` varchar(255) DEFAULT NULL,
  `is_locked` tinyint(1) DEFAULT 0,
  `field_type_id` int(10) unsigned DEFAULT NULL,
  `is_inheritable` tinyint(1) DEFAULT 0,
  `is_visible` tinyint(1) DEFAULT 1,
  `guide_id` int(10) unsigned DEFAULT NULL,
  `in_search` tinyint(1) DEFAULT 1,
  `in_filter` tinyint(1) DEFAULT 1,
  `tip` varchar(255) DEFAULT NULL,
  `is_required` tinyint(1) DEFAULT NULL,
  `restriction_id` int(10) unsigned DEFAULT NULL,
  `sortable` tinyint(4) DEFAULT 0,
  `is_system` tinyint(1) DEFAULT 0,
  `is_important` tinyint(1) DEFAULT 0,
  PRIMARY KEY (`id`),
  KEY `Field to field type relation_FK` (`field_type_id`),
  KEY `FK_Reference_25` (`guide_id`),
  KEY `name` (`name`),
  KEY `title` (`title`),
  KEY `is_locked` (`is_locked`),
  KEY `is_inheritable` (`is_inheritable`),
  KEY `is_visible` (`is_visible`),
  KEY `in_search` (`in_search`),
  KEY `in_filter` (`in_filter`),
  KEY `tip` (`tip`),
  KEY `is_required` (`is_required`),
  KEY `restriction_id` (`restriction_id`),
  KEY `sortable` (`sortable`),
  KEY `is_system` (`is_system`),
  KEY `is_important` (`is_important`),
  CONSTRAINT `FK_Field to field guide relation` FOREIGN KEY (`guide_id`) REFERENCES `cms3_object_types` (`id`) ON DELETE SET NULL ON UPDATE CASCADE,
  CONSTRAINT `FK_Field to field type relation` FOREIGN KEY (`field_type_id`) REFERENCES `cms3_object_field_types` (`id`) ON DELETE CASCADE ON UPDATE CASCADE,
  CONSTRAINT `FK_Field to restriction relation` FOREIGN KEY (`restriction_id`) REFERENCES `cms3_object_fields_restrictions` (`id`) ON DELETE CASCADE ON UPDATE CASCADE
) ENGINE=InnoDB DEFAULT CHARSET=utf8;

INSERT INTO `cms3_object_fields` (`id`, `name`, `title`, `is_locked`, `field_type_id`, `is_inheritable`, `is_visible`, `guide_id`, `in_search`, `in_filter`, `tip`, `is_required`, `restriction_id`, `sortable`, `is_system`, `is_important`) VALUES
(1,	'publish_status_id',	'i18n::field-publish_status_id',	1,	20,	0,	1,	NULL,	0,	0,	'',	0,	NULL,	0,	0,	0),
(2,	'title',	'i18n::field-title',	1,	20,	1,	1,	NULL,	1,	0,	'',	0,	NULL,	0,	0,	0),
(3,	'h1',	'i18n::field-h1',	1,	20,	1,	1,	NULL,	1,	0,	'',	0,	NULL,	0,	0,	1),
(4,	'content',	'i18n::field-content',	1,	26,	0,	1,	NULL,	1,	0,	'',	0,	NULL,	0,	0,	1),
(5,	'meta_descriptions',	'i18n::field-meta_descriptions',	1,	20,	1,	1,	NULL,	1,	0,	'',	0,	NULL,	0,	0,	0),
(6,	'meta_keywords',	'i18n::field-meta_keywords',	1,	20,	1,	1,	NULL,	1,	0,	'',	0,	NULL,	0,	0,	0),
(7,	'tags',	'i18n::field-tags',	1,	23,	0,	1,	NULL,	0,	0,	'',	0,	NULL,	0,	0,	0),
(8,	'menu_pic_ua',	'i18n::field-menu_pic_ua',	1,	9,	0,	1,	NULL,	0,	0,	'',	0,	NULL,	0,	0,	0),
(9,	'menu_pic_a',	'i18n::field-menu_pic_a',	1,	9,	0,	1,	NULL,	0,	0,	'',	0,	NULL,	0,	0,	0),
(10,	'header_pic',	'i18n::field-header_pic',	1,	9,	0,	1,	NULL,	0,	0,	'',	0,	NULL,	0,	0,	0),
(11,	'robots_deny',	'i18n::field-robots_deny',	1,	1,	1,	1,	NULL,	0,	0,	'',	0,	NULL,	0,	0,	0),
(12,	'show_submenu',	'i18n::field-show_submenu',	1,	1,	1,	1,	NULL,	0,	0,	'',	0,	NULL,	0,	0,	0),
(13,	'is_expanded',	'i18n::field-is_expanded',	1,	1,	1,	1,	NULL,	0,	0,	'',	0,	NULL,	0,	0,	0),
(14,	'is_unindexed',	'i18n::field-is_unindexed',	1,	1,	1,	1,	NULL,	0,	0,	'',	0,	NULL,	0,	0,	0),
(15,	'rate_voters',	'i18n::field-rate_voters',	1,	10,	0,	0,	NULL,	0,	0,	'',	0,	NULL,	0,	1,	0),
(16,	'rate_sum',	'i18n::field-rate_sum',	1,	10,	0,	0,	NULL,	0,	0,	'',	0,	NULL,	0,	1,	0),
(17,	'expiration_date',	'i18n::field-expiration_date',	1,	4,	0,	1,	NULL,	0,	0,	'',	0,	NULL,	0,	0,	0),
(18,	'notification_date',	'i18n::field-notification_date',	1,	4,	0,	1,	NULL,	0,	0,	'',	0,	NULL,	0,	0,	0),
(19,	'publish_comments',	'i18n::field-publish_comments',	1,	24,	0,	1,	NULL,	0,	0,	'',	0,	NULL,	0,	0,	0),
(20,	'publish_status',	'i18n::field-publish-status',	1,	18,	0,	1,	2,	0,	0,	'',	0,	NULL,	0,	0,	0),
(21,	'locktime',	'i18n::field-locktime',	1,	4,	0,	1,	NULL,	0,	0,	'',	0,	NULL,	0,	1,	0),
(22,	'lockuser',	'i18n::field-lockuser',	1,	10,	0,	1,	NULL,	0,	0,	'',	0,	NULL,	0,	1,	0),
(23,	'charset',	'i18n::field-rss-source-charset',	0,	20,	0,	0,	NULL,	0,	0,	'',	0,	NULL,	0,	0,	0),
(24,	'readme',	'i18n::field-description',	1,	24,	0,	1,	NULL,	0,	0,	'',	0,	NULL,	0,	0,	0),
(25,	'rss_type',	'i18n::field-rss_type',	1,	18,	0,	1,	5,	0,	0,	'',	0,	NULL,	0,	0,	0),
(26,	'url',	'i18n::field-url',	1,	20,	0,	1,	NULL,	0,	0,	'',	0,	NULL,	0,	0,	1),
(27,	'charset_id',	'i18n::field-rss-source-charset-relation',	0,	18,	0,	1,	6,	0,	0,	'',	0,	NULL,	0,	0,	0),
(28,	'news_rubric',	'i18n::field-news_rubric',	1,	19,	0,	1,	7,	0,	0,	'',	0,	NULL,	0,	0,	0),
(29,	'quality_value',	'i18n::field-quality_value',	1,	20,	0,	1,	NULL,	0,	0,	'',	0,	NULL,	0,	0,	0),
(30,	'country_iso_code',	'i18n::field-country_code',	1,	20,	0,	1,	NULL,	0,	0,	'Страна в формате ISO 3166-1 alpha-2',	0,	NULL,	0,	0,	0),
(31,	'identifier',	'i18n::field-sid',	0,	10,	0,	1,	NULL,	0,	0,	'',	1,	NULL,	0,	0,	1),
(32,	'number',	'i18n::field-index_number',	0,	10,	0,	0,	NULL,	0,	0,	'Порядковый номер дня недели (1 (Понедельник) - 7 (Воскресение))',	0,	NULL,	0,	0,	0),
(33,	'social_id',	'i18n::field-social_id',	1,	10,	0,	1,	NULL,	0,	0,	'',	1,	NULL,	0,	0,	0),
(34,	'codename',	'i18n::field-string_id',	0,	20,	0,	1,	NULL,	0,	0,	'',	1,	NULL,	0,	0,	1),
(35,	'codename',	'i18n::field-currency_id',	0,	20,	0,	1,	NULL,	0,	0,	'',	1,	NULL,	0,	0,	1),
(36,	'nominal',	'i18n::field-nominal',	0,	10,	0,	1,	NULL,	0,	0,	'',	1,	NULL,	0,	0,	1),
(37,	'rate',	'i18n::field-rate',	0,	8,	0,	1,	NULL,	0,	0,	'',	1,	NULL,	0,	0,	1),
(38,	'prefix',	'i18n::field-prefix',	0,	20,	0,	1,	NULL,	0,	0,	'',	0,	NULL,	0,	0,	0),
(39,	'suffix',	'i18n::field-suffix',	0,	20,	0,	1,	NULL,	0,	0,	'',	0,	NULL,	0,	0,	0),
(40,	'codename',	'i18n::field-status_code',	0,	20,	0,	1,	21,	0,	0,	'',	1,	NULL,	0,	0,	1),
(41,	'platform_identificator',	'i18n::field-emarket-mobile-platform_identificator',	1,	20,	0,	1,	NULL,	0,	0,	'',	1,	NULL,	0,	0,	0),
(42,	'active',	'i18n::field-emarket-mobile-device-active',	0,	1,	0,	1,	NULL,	0,	0,	'',	0,	NULL,	0,	0,	0),
(43,	'domain_id',	'i18n::field-domain_name',	1,	5,	0,	1,	NULL,	0,	0,	'',	0,	NULL,	0,	0,	0),
(44,	'token',	'i18n::field-emarket-mobile-device-token',	0,	20,	0,	1,	NULL,	0,	0,	'',	0,	NULL,	0,	0,	0),
(45,	'platform',	'i18n::field-emarket-mobile-platform',	0,	18,	0,	1,	23,	0,	0,	'',	0,	NULL,	0,	0,	0),
(46,	'lname',	'i18n::field-lname',	0,	20,	0,	1,	NULL,	0,	0,	'',	1,	NULL,	0,	0,	1),
(47,	'fname',	'i18n::field-fname',	0,	20,	0,	1,	NULL,	0,	0,	'',	1,	NULL,	0,	0,	1),
(48,	'father_name',	'i18n::field-father_name',	0,	20,	0,	1,	NULL,	0,	0,	'',	0,	NULL,	0,	0,	0),
(49,	'email',	'i18n::field-e-mail',	0,	20,	0,	1,	NULL,	0,	0,	'',	1,	3,	0,	0,	1),
(50,	'phone',	'i18n::field-phone_n',	0,	20,	0,	1,	NULL,	0,	0,	'',	1,	NULL,	0,	0,	1),
(51,	'yandex_id',	'i18n::field-id-for-yandex-kassa',	1,	10,	0,	1,	NULL,	0,	0,	'',	1,	NULL,	0,	1,	1),
(52,	'payonline_id',	'i18n::field-id-for-payonline',	1,	20,	0,	1,	NULL,	0,	0,	'',	1,	NULL,	0,	1,	1),
(53,	'robokassa_id',	'i18n::field-id-for-robokassa',	1,	20,	0,	1,	NULL,	0,	0,	'',	1,	NULL,	0,	1,	1),
(54,	'payanyway_id',	'i18n::field-id-for-payanyway',	1,	10,	0,	1,	NULL,	0,	0,	'',	1,	NULL,	0,	1,	1),
(55,	'sberbank_id',	'i18n::field-id-for-sberbank',	1,	10,	0,	1,	NULL,	0,	0,	'',	1,	NULL,	0,	1,	1),
(56,	'tax',	'i18n::field-tax',	1,	20,	0,	1,	NULL,	0,	0,	'',	0,	NULL,	0,	1,	1),
(57,	'yandex_id',	'i18n::field-id-for-yandex-kassa',	1,	20,	0,	1,	NULL,	0,	0,	'',	1,	NULL,	0,	1,	1),
(58,	'payanyway_id',	'i18n::field-id-for-payanyway',	1,	20,	0,	1,	NULL,	0,	0,	'',	1,	NULL,	0,	1,	1),
(59,	'payonline_id',	'i18n::field-id-for-payonline',	1,	10,	0,	1,	NULL,	0,	0,	'',	1,	NULL,	0,	1,	1),
(60,	'description',	'i18n::field-description',	0,	20,	0,	1,	NULL,	0,	0,	'',	0,	NULL,	0,	0,	1),
(61,	'modificator_codename',	'i18n::field-sid',	0,	20,	0,	1,	NULL,	0,	0,	'',	1,	NULL,	0,	0,	1),
(62,	'modificator_type_id',	'i18n::field-modificator_type_id',	0,	11,	0,	1,	NULL,	0,	0,	'',	0,	NULL,	0,	0,	1),
(63,	'modificator_discount_types',	'i18n::field-modificator_discount_types',	0,	19,	0,	1,	30,	0,	0,	'',	0,	NULL,	0,	0,	1),
(64,	'modificator_type_guid',	'i18n::field-delivery_type_guid',	0,	20,	0,	1,	NULL,	0,	0,	'',	0,	NULL,	0,	0,	1),
(65,	'modificator_type_id',	'i18n::field-modificator_type',	0,	18,	0,	1,	31,	0,	0,	'',	1,	NULL,	0,	0,	1),
(66,	'rule_codename',	'i18n::field-sid',	0,	20,	0,	1,	NULL,	0,	0,	'',	1,	NULL,	0,	0,	1),
(67,	'rule_type_id',	'i18n::field-modificator_type_id',	0,	11,	0,	1,	NULL,	0,	0,	'',	0,	NULL,	0,	0,	1),
(68,	'rule_discount_types',	'i18n::field-modificator_discount_types',	0,	19,	0,	1,	30,	0,	0,	'',	1,	NULL,	0,	0,	1),
(69,	'rule_type_guid',	'i18n::field-delivery_type_guid',	0,	20,	0,	1,	NULL,	0,	0,	'',	0,	NULL,	0,	0,	1),
(70,	'rule_type_id',	'i18n::field-rule_type',	0,	18,	0,	1,	33,	0,	0,	'',	1,	NULL,	0,	0,	1),
(71,	'sid',	'i18n::field-sid',	0,	20,	0,	0,	NULL,	0,	0,	'Служит для связи с обработчиками, заполняется разработчиком импотрера',	1,	NULL,	0,	0,	1),
(72,	'sid',	'i18n::field-sid',	0,	20,	0,	0,	NULL,	0,	0,	'Служит для связи с обработчиками, заполняется разработчиком импотрера',	1,	NULL,	0,	0,	1),
(73,	'social_id',	'i18n::field-social_network_id',	0,	20,	0,	1,	NULL,	0,	0,	'',	1,	NULL,	0,	1,	0),
(74,	'template_id',	'i18n::field-template_id',	1,	10,	0,	0,	NULL,	0,	0,	'',	0,	NULL,	0,	1,	0),
(75,	'domain_id',	'i18n::field-domain_name',	1,	5,	0,	0,	NULL,	0,	0,	'',	0,	NULL,	0,	1,	0),
(76,	'nazvanie_sajta',	'i18n::field-site_name',	0,	20,	0,	1,	NULL,	0,	0,	'',	1,	NULL,	0,	0,	0),
(77,	'is_iframe_enabled',	'i18n::field-is_iframe_enabled',	1,	1,	0,	1,	NULL,	0,	0,	'',	0,	NULL,	0,	0,	0),
(78,	'iframe_pages',	'i18n::field-iframe_pages',	1,	22,	0,	0,	NULL,	0,	0,	'Здесь в дополнение к разделам каталога, можно выбрать, какие страницы нужно показывать в социальной сети',	0,	NULL,	0,	0,	0),
(79,	'nazvanie',	'i18n::field-name',	1,	20,	0,	0,	NULL,	0,	0,	'',	0,	NULL,	0,	0,	1),
(80,	'country',	'i18n::field-country',	0,	18,	0,	1,	10,	0,	0,	'',	1,	NULL,	0,	0,	0),
(81,	'index',	'i18n::field-post_index',	0,	10,	0,	1,	NULL,	0,	0,	'',	1,	NULL,	0,	0,	1),
(82,	'region',	'i18n::field-geographic_area',	0,	20,	0,	1,	NULL,	0,	0,	'',	0,	NULL,	0,	0,	0),
(83,	'city',	'i18n::field-city',	0,	20,	0,	1,	NULL,	0,	0,	'',	1,	NULL,	0,	0,	1),
(84,	'street',	'i18n::field-street',	0,	20,	0,	1,	NULL,	0,	0,	'',	1,	NULL,	0,	0,	1),
(85,	'house',	'i18n::field-house',	0,	20,	0,	1,	NULL,	0,	0,	'',	1,	NULL,	0,	0,	1),
(86,	'flat',	'i18n::field-appartment',	0,	20,	0,	1,	NULL,	0,	0,	'',	0,	NULL,	0,	0,	1),
(87,	'class_name',	'i18n::field-item_type_id',	0,	20,	0,	1,	NULL,	0,	0,	'',	1,	NULL,	0,	0,	1),
(88,	'discount_type_id',	'i18n::field-discount_type',	0,	18,	0,	1,	30,	0,	0,	'Определяет область применения скидки',	1,	NULL,	0,	0,	1),
(89,	'discount_modificator_id',	'i18n::field-price_modificator',	0,	18,	0,	1,	12,	0,	0,	'Определяет, по какому принципу будет пересчитываться цена',	0,	NULL,	0,	0,	1),
(90,	'discount_rules_id',	'i18n::field-validation_rules',	0,	19,	0,	1,	13,	0,	0,	'Определяют ограничения по применению скидки',	0,	NULL,	0,	0,	1),
(91,	'is_active',	'i18n::field-is_active',	1,	1,	0,	1,	NULL,	0,	0,	'',	0,	NULL,	0,	0,	1),
(92,	'description',	'i18n::field-description',	0,	24,	0,	1,	NULL,	0,	0,	'',	0,	NULL,	0,	0,	1),
(93,	'item_amount',	'i18n::field-item_amount',	0,	10,	0,	1,	NULL,	0,	0,	'',	0,	NULL,	0,	0,	1),
(94,	'item_price',	'i18n::field-item_price',	0,	8,	0,	1,	NULL,	0,	0,	'',	0,	NULL,	0,	0,	1),
(95,	'item_total_original_price',	'i18n::field-item_total_original_price',	0,	17,	0,	1,	NULL,	0,	0,	'',	0,	NULL,	0,	0,	1),
(96,	'item_actual_price',	'i18n::field-item_actual_price',	0,	8,	0,	1,	NULL,	0,	0,	'',	0,	NULL,	0,	0,	1),
(97,	'item_total_price',	'i18n::field-item_total_price',	0,	17,	0,	1,	NULL,	0,	0,	'',	0,	NULL,	0,	0,	1),
(98,	'item_type_id',	'i18n::field-item_type',	0,	18,	0,	1,	41,	0,	0,	'',	0,	NULL,	0,	0,	1),
(99,	'item_link',	'i18n::field-item_link',	0,	22,	0,	1,	NULL,	0,	0,	'',	0,	NULL,	0,	0,	1),
(100,	'item_discount_id',	'i18n::field-catalog_object_discount',	0,	18,	0,	1,	42,	0,	0,	'',	0,	NULL,	0,	0,	1),
(101,	'item_discount_value',	'i18n::field-order-item-discount-value',	1,	17,	0,	1,	NULL,	0,	0,	'i18n::field-order-item-discount-value',	0,	NULL,	0,	0,	1),
(102,	'weight',	'i18n::field-weight',	1,	8,	0,	1,	NULL,	0,	0,	'',	0,	NULL,	0,	0,	1),
(103,	'width',	'i18n::field-width',	1,	8,	0,	1,	NULL,	0,	0,	'',	0,	NULL,	0,	0,	1),
(104,	'height',	'i18n::field-height',	1,	8,	0,	1,	NULL,	0,	0,	'',	0,	NULL,	0,	0,	1),
(105,	'length',	'i18n::field-order-item-length',	1,	8,	0,	1,	NULL,	0,	0,	'',	0,	NULL,	0,	0,	1),
(106,	'tax_rate_id',	'i18n::field-tax-rate-id',	1,	18,	0,	1,	27,	0,	0,	'',	0,	NULL,	0,	0,	1),
(107,	'payment_mode',	'i18n::field-payment_mode',	1,	18,	0,	1,	29,	0,	0,	'',	0,	NULL,	0,	0,	1),
(108,	'payment_subject',	'i18n::field-payment_subject',	1,	18,	0,	1,	28,	0,	0,	'',	0,	NULL,	0,	0,	1),
(109,	'options',	'i18n::field-item_options',	0,	15,	0,	1,	43,	0,	0,	'',	0,	NULL,	0,	0,	1),
(110,	'trade_offer',	'i18n::field-trade-offer',	1,	13,	0,	0,	NULL,	0,	0,	'',	0,	NULL,	0,	0,	1),
(111,	'priority',	'i18n::field-order-status-priority',	0,	10,	0,	0,	NULL,	0,	0,	'',	0,	NULL,	0,	0,	0),
(112,	'class_name',	'i18n::field-payment_type_id',	0,	20,	0,	1,	NULL,	0,	0,	'',	1,	NULL,	0,	0,	1),
(113,	'payment_type_id',	'i18n::field-modificator_type_id',	0,	11,	0,	1,	NULL,	0,	0,	'',	0,	NULL,	0,	0,	1),
(114,	'payment_type_guid',	'i18n::field-delivery_type_guid',	0,	20,	0,	1,	NULL,	0,	0,	'',	0,	NULL,	0,	0,	1),
(115,	'payment_type_id',	'i18n::field-payment_type',	1,	18,	0,	1,	46,	0,	0,	'',	1,	NULL,	0,	0,	1),
(116,	'disabled',	'i18n::field-disabled',	1,	1,	0,	0,	NULL,	0,	0,	'Если установлено - не будет отображаться на сайте',	0,	NULL,	0,	0,	1),
(117,	'domain_id_list',	'i18n::field-valid-domain-list',	1,	6,	0,	1,	NULL,	0,	0,	'Если применимо для всех доменов - оставьте список пустым',	0,	NULL,	0,	0,	1),
(118,	'contact_person',	'i18n::field-contact_person',	0,	20,	0,	1,	NULL,	0,	0,	'',	0,	NULL,	0,	0,	1),
(119,	'phone_number',	'i18n::field-phone_number',	0,	20,	0,	1,	NULL,	0,	0,	'',	0,	NULL,	0,	0,	1),
(120,	'fax',	'i18n::field-fax',	0,	20,	0,	1,	NULL,	0,	0,	'',	0,	NULL,	0,	0,	1),
(121,	'name',	'i18n::field-organisation_name',	0,	20,	0,	1,	NULL,	0,	0,	'',	1,	NULL,	0,	0,	1),
(122,	'legal_address',	'i18n::field-legal_address',	0,	20,	0,	1,	NULL,	0,	0,	'',	0,	NULL,	0,	0,	1),
(123,	'defacto_address',	'i18n::field-defacto_address',	0,	20,	0,	1,	NULL,	0,	0,	'',	0,	NULL,	0,	0,	1),
(124,	'post_address',	'i18n::field-post_address',	0,	20,	0,	1,	NULL,	0,	0,	'',	0,	NULL,	0,	0,	1),
(125,	'inn',	'i18n::field-TIN',	0,	20,	0,	1,	NULL,	0,	0,	'',	0,	NULL,	0,	0,	1),
(126,	'account',	'i18n::field-account',	0,	20,	0,	1,	NULL,	0,	0,	'',	0,	NULL,	0,	0,	1),
(127,	'bank',	'i18n::field-bank',	0,	20,	0,	1,	NULL,	0,	0,	'',	0,	NULL,	0,	0,	0),
(128,	'bank_account',	'i18n::field-bank_account',	0,	20,	0,	1,	NULL,	0,	0,	'',	0,	NULL,	0,	0,	0),
(129,	'bik',	'i18n::field-bik',	0,	20,	0,	1,	NULL,	0,	0,	'',	0,	NULL,	0,	0,	1),
(130,	'ogrn',	'i18n::field-ogrn',	0,	20,	0,	1,	NULL,	0,	0,	'',	0,	NULL,	0,	0,	1),
(131,	'kpp',	'i18n::field-RRC',	0,	20,	0,	1,	NULL,	0,	0,	'',	0,	NULL,	0,	0,	1),
(132,	'class_name',	'i18n::field-delivery_type_id',	0,	20,	0,	1,	NULL,	0,	0,	'',	1,	NULL,	0,	0,	1),
(133,	'delivery_type_id',	'i18n::field-modificator_type_id',	0,	11,	0,	1,	NULL,	0,	0,	'',	0,	NULL,	0,	0,	1),
(134,	'delivery_type_guid',	'i18n::field-delivery_type_guid',	0,	20,	0,	1,	NULL,	0,	0,	'',	0,	NULL,	0,	0,	1),
(135,	'description',	'i18n::field-delivery_description',	0,	24,	0,	1,	NULL,	0,	0,	'',	0,	NULL,	0,	0,	1),
(136,	'delivery_type_id',	'i18n::field-delivery_type',	0,	18,	0,	0,	50,	0,	0,	'',	1,	NULL,	0,	0,	1),
(137,	'price',	'i18n::field-delivery_price',	0,	17,	0,	1,	NULL,	0,	0,	'',	0,	NULL,	0,	0,	1),
(138,	'tax_rate_id',	'i18n::field-tax-rate-id',	1,	18,	0,	1,	27,	0,	0,	'',	0,	NULL,	0,	0,	1),
(139,	'disabled',	'i18n::field-disabled',	1,	1,	0,	0,	NULL,	0,	0,	'Если установлено - не будет отображаться на сайте',	0,	NULL,	0,	0,	1),
(140,	'domain_id_list',	'i18n::field-valid-domain-list',	1,	6,	0,	1,	NULL,	0,	0,	'Если применимо для всех доменов - оставьте список пустым',	0,	NULL,	0,	0,	1),
(141,	'payment_mode',	'i18n::field-payment_mode',	1,	18,	0,	1,	29,	0,	0,	'',	0,	NULL,	0,	0,	1),
(142,	'payment_subject',	'i18n::field-payment_subject',	1,	18,	0,	1,	28,	0,	0,	'',	0,	NULL,	0,	0,	1),
(143,	'disabled_types_of_payment',	'i18n::field-disabled_types_of_payment',	1,	19,	0,	1,	47,	0,	0,	'',	0,	NULL,	0,	0,	1),
(144,	'order_items',	'i18n::field-order_items',	0,	19,	0,	1,	44,	0,	0,	'',	0,	NULL,	0,	0,	1),
(145,	'number',	'i18n::field-order_number',	0,	10,	0,	1,	NULL,	0,	0,	'',	0,	NULL,	0,	0,	1),
(146,	'social_order_id',	'i18n::field-social_order_id',	1,	10,	0,	1,	NULL,	0,	0,	'',	0,	NULL,	0,	0,	0),
(147,	'yandex_order_id',	'i18n::field-yandex_order_id',	1,	10,	0,	1,	NULL,	0,	0,	'',	0,	NULL,	0,	0,	0),
(148,	'customer_id',	'i18n::field-customer',	0,	18,	0,	1,	54,	0,	0,	'',	0,	NULL,	0,	0,	1),
(149,	'domain_id',	'i18n::field-domain_name',	0,	5,	0,	1,	NULL,	0,	0,	'',	0,	NULL,	0,	0,	0),
(150,	'manager_id',	'i18n::field-manager',	0,	18,	0,	1,	54,	0,	0,	'',	0,	NULL,	0,	0,	1),
(151,	'status_id',	'i18n::field-order_status',	0,	18,	0,	1,	45,	0,	0,	'',	0,	NULL,	0,	0,	1),
(152,	'total_original_price',	'i18n::field-order_original_price',	0,	17,	0,	1,	NULL,	0,	0,	'',	0,	NULL,	0,	0,	1),
(153,	'total_price',	'i18n::field-total_price',	0,	17,	0,	1,	NULL,	0,	0,	'',	0,	NULL,	0,	0,	1),
(154,	'total_amount',	'i18n::field-total_amount',	0,	10,	0,	1,	NULL,	0,	0,	'',	0,	NULL,	0,	0,	1),
(155,	'status_change_date',	'i18n::field-status_change_date',	0,	4,	0,	1,	NULL,	0,	0,	'Выставляется автоматически, когда происходит изменение статуса заказа',	0,	NULL,	0,	0,	0),
(156,	'order_date',	'i18n::field-order_date',	0,	4,	0,	1,	NULL,	0,	0,	'Дата, когда заказ был оформлен покупателем',	0,	NULL,	0,	0,	1),
(157,	'order_discount_value',	'i18n::field-order-discount-value',	1,	17,	0,	1,	NULL,	0,	0,	'i18n::field-order-discount-value',	0,	NULL,	0,	0,	1),
(158,	'is_reserved',	'i18n::field-is_reserved',	0,	1,	0,	0,	NULL,	0,	0,	'',	0,	NULL,	0,	1,	0),
(159,	'service_info',	'i18n::field-order_service_info',	0,	24,	0,	1,	NULL,	0,	0,	'',	0,	NULL,	0,	0,	0),
(160,	'credit-status',	'i18n::field-kvk-CreditStatus',	0,	18,	0,	1,	22,	0,	1,	'',	0,	NULL,	0,	0,	0),
(161,	'contractsigningdeadline',	'i18n::field-kvk-ContractSigningDeadline',	0,	4,	0,	1,	NULL,	0,	1,	'',	0,	NULL,	0,	0,	0),
(162,	'contractdeliverydeadline',	'i18n::field-kvk-ContractDeliveryDeadline',	0,	4,	0,	1,	NULL,	0,	1,	'',	0,	NULL,	0,	0,	0),
(163,	'banksigningappointmenttime',	'i18n::field-kvk-BankSigningAppointmentTime',	0,	4,	0,	1,	NULL,	0,	1,	'',	0,	NULL,	0,	0,	0),
(164,	'isconfirmed',	'i18n::field-kvk-IsConfirmed',	0,	1,	0,	1,	NULL,	0,	1,	'',	0,	NULL,	0,	0,	0),
(165,	'signingtype',	'i18n::field-kvk-SigningType',	0,	18,	0,	1,	20,	0,	1,	'',	0,	NULL,	0,	0,	0),
(166,	'beingprocessed',	'i18n::field-kvk-BeingProcessed',	0,	1,	0,	1,	NULL,	0,	1,	'',	0,	NULL,	0,	1,	0),
(167,	'http_referer',	'i18n::field-referer',	0,	24,	0,	1,	NULL,	0,	0,	'',	0,	NULL,	0,	0,	0),
(168,	'http_target',	'i18n::field-target',	0,	24,	0,	1,	NULL,	0,	0,	'',	0,	NULL,	0,	0,	0),
(169,	'source_domain',	'i18n::field-source_domain',	1,	20,	0,	0,	NULL,	0,	0,	'',	0,	NULL,	0,	0,	0),
(170,	'utm_medium',	'i18n::field-utm_medium',	1,	20,	0,	0,	NULL,	0,	0,	'',	0,	NULL,	0,	0,	0),
(171,	'utm_term',	'i18n::field-utm_term',	1,	20,	0,	0,	NULL,	0,	0,	'',	0,	NULL,	0,	0,	0),
(172,	'utm_campaign',	'i18n::field-utm_campaign',	1,	20,	0,	0,	NULL,	0,	0,	'',	0,	NULL,	0,	0,	0),
(173,	'utm_content',	'i18n::field-utm_content',	1,	20,	0,	0,	NULL,	0,	0,	'',	0,	NULL,	0,	0,	0),
(174,	'order_create_date',	'i18n::field-order_create_date',	1,	4,	0,	0,	NULL,	0,	0,	'',	0,	NULL,	0,	0,	0),
(175,	'payment_id',	'i18n::field-payment_id',	0,	18,	0,	1,	47,	0,	0,	'',	0,	NULL,	0,	0,	1),
(176,	'payment_name',	'i18n::field-payment-name',	1,	20,	0,	1,	NULL,	0,	0,	'',	0,	NULL,	0,	0,	1),
(177,	'payment_status_id',	'i18n::field-payment_status',	0,	18,	0,	1,	48,	0,	0,	'',	0,	NULL,	0,	0,	1),
(178,	'payment_date',	'i18n::field-payment_date',	0,	4,	0,	1,	NULL,	0,	0,	'Дата успешной оплаты заказа',	0,	NULL,	0,	0,	0),
(179,	'payment_document_num',	'i18n::field-payment_document_number',	0,	20,	0,	1,	NULL,	0,	0,	'Заполняется системой автоматически',	0,	NULL,	0,	0,	0),
(180,	'legal_person',	'i18n::field-legal-body',	1,	18,	0,	1,	49,	0,	0,	'',	0,	NULL,	0,	0,	1),
(181,	'delivery_id',	'i18n::field-delivery_id',	0,	18,	0,	1,	51,	0,	0,	'',	0,	NULL,	0,	0,	1),
(182,	'delivery_name',	'i18n::field-delivery-name',	1,	20,	0,	1,	NULL,	0,	0,	'',	0,	NULL,	0,	0,	1),
(183,	'delivery_status_id',	'i18n::field-delivery_status',	0,	18,	0,	1,	52,	0,	0,	'',	0,	NULL,	0,	0,	1),
(184,	'delivery_address',	'i18n::field-destination_address',	0,	18,	0,	1,	40,	0,	0,	'',	0,	NULL,	0,	0,	1),
(185,	'delivery_date',	'i18n::field-delivery-date',	1,	4,	0,	1,	NULL,	0,	0,	'Дата, когда товар будет доставлен клиенту или на пункт выдачи',	0,	NULL,	0,	0,	1),
(186,	'pickup_date',	'i18n::field-pickup-date',	1,	4,	0,	1,	NULL,	0,	0,	'Дата, когда товар будет доставлен на пункт приема или когда нужно его забрать со склада',	0,	NULL,	0,	0,	1),
(187,	'delivery_provider',	'i18n::field-delivery-provider',	1,	20,	0,	1,	NULL,	0,	0,	'i18n::field-delivery-provider',	0,	NULL,	0,	0,	1),
(188,	'delivery_tariff',	'i18n::field-delivery-tariff',	1,	20,	0,	1,	NULL,	0,	0,	'i18n::field-delivery-tariff',	0,	NULL,	0,	0,	1),
(189,	'delivery_type',	'i18n::field-delivery-type',	1,	20,	0,	1,	NULL,	0,	0,	'Тип доставки товара клиенту',	0,	NULL,	0,	0,	1),
(190,	'pickup_type',	'i18n::field-pickup-type',	1,	20,	0,	1,	NULL,	0,	0,	'Тип доставки товара поставщику',	0,	NULL,	0,	0,	1),
(191,	'delivery_price',	'i18n::field-delivery_price',	0,	17,	0,	1,	NULL,	0,	0,	'',	0,	NULL,	0,	0,	1),
(192,	'delivery_point_in',	'i18n::field-delivery-point-in-id',	1,	20,	0,	1,	NULL,	0,	0,	'Точка приема товара',	0,	NULL,	0,	0,	1),
(193,	'delivery_point_out',	'i18n::field-delivery-point-out-id',	1,	20,	0,	1,	NULL,	0,	0,	'Точка выдачи товара',	0,	NULL,	0,	0,	1),
(194,	'total_weight',	'i18n::field-order-total-weight',	1,	8,	0,	1,	NULL,	0,	0,	'field-order-total-weight-tip',	0,	NULL,	0,	0,	1),
(195,	'total_width',	'i18n::field-order-book-total-width',	1,	8,	0,	1,	NULL,	0,	0,	'field-order-book-total-width-tip',	0,	NULL,	0,	0,	0),
(196,	'total_height',	'i18n::field-order-total-height',	1,	8,	0,	1,	NULL,	0,	0,	'field-order-total-height-tip',	0,	NULL,	0,	0,	0),
(197,	'total_length',	'i18n::field-order-total-length',	1,	8,	0,	1,	NULL,	0,	0,	'field-order-total-length-tip',	0,	NULL,	0,	0,	0),
(198,	'delivery_allow_date',	'i18n::field-delivery_allow_date',	0,	4,	0,	1,	NULL,	0,	0,	'Заполняется системой автоматически, когда возможна доставка и заказ успешно оплачен',	0,	NULL,	0,	0,	0),
(199,	'order_discount_id',	'i18n::field-order_discount',	0,	18,	0,	1,	42,	0,	0,	'',	0,	NULL,	0,	0,	1),
(200,	'bonus',	'i18n::field-spent_bonus',	1,	17,	0,	0,	NULL,	0,	0,	'',	0,	NULL,	0,	0,	0),
(201,	'need_export',	'i18n::field-export_1C',	0,	1,	0,	1,	NULL,	0,	0,	'Выставляется системой автоматически, когда заказ необходимо выгрузить в 1С',	0,	NULL,	0,	0,	0),
(202,	'purchaser_one_click',	'i18n::field-customer',	1,	18,	0,	1,	25,	0,	0,	'',	0,	NULL,	0,	0,	1),
(203,	'login',	'i18n::field-login',	1,	20,	0,	1,	NULL,	0,	0,	'',	1,	NULL,	0,	0,	1),
(204,	'password',	'i18n::field-password',	1,	16,	0,	1,	NULL,	0,	0,	'',	0,	NULL,	0,	0,	0),
(205,	'e-mail',	'i18n::field-e-mail',	1,	20,	0,	1,	NULL,	0,	0,	'',	1,	NULL,	0,	0,	1),
(206,	'groups',	'i18n::field-groups',	1,	19,	0,	0,	39,	0,	0,	'',	0,	NULL,	0,	0,	1),
(207,	'activate_code',	'i18n::field-activate_code',	1,	20,	0,	0,	NULL,	0,	0,	'',	0,	NULL,	0,	1,	0),
(208,	'loginza',	'i18n::field-loginza',	1,	20,	0,	1,	NULL,	0,	0,	'Адрес сервиса',	0,	NULL,	0,	0,	0),
(209,	'is_activated',	'i18n::field-is_activated',	1,	1,	0,	0,	NULL,	0,	0,	'',	0,	NULL,	0,	0,	1),
(210,	'last_request_time',	'i18n::field-last_request_time',	1,	10,	0,	0,	NULL,	0,	0,	'',	0,	NULL,	0,	1,	0),
(211,	'subscribed_pages',	'i18n::field-subscribed_pages',	1,	22,	0,	0,	NULL,	0,	0,	'',	0,	NULL,	0,	1,	0),
(212,	'rated_pages',	'i18n::field-rated_pages',	1,	22,	0,	0,	NULL,	0,	0,	'',	0,	NULL,	0,	1,	0),
(213,	'is_online',	'i18n::field-is_online',	1,	1,	0,	0,	NULL,	0,	0,	'',	0,	NULL,	0,	1,	0),
(214,	'messages_count',	'i18n::field-messages_count',	1,	10,	0,	0,	NULL,	0,	0,	'',	0,	NULL,	0,	1,	0),
(215,	'orders_refs',	'i18n::field-orders_refs',	1,	19,	0,	0,	NULL,	0,	0,	'',	0,	NULL,	0,	1,	0),
(216,	'delivery_addresses',	'i18n::field-delivery_addresses',	1,	19,	0,	1,	40,	0,	0,	'',	0,	NULL,	0,	1,	0),
(217,	'user_dock',	'i18n::field-user_dock',	1,	20,	0,	0,	NULL,	0,	0,	'',	0,	NULL,	0,	1,	0),
(218,	'preffered_currency',	'i18n::field-preffered_currency',	1,	18,	0,	0,	21,	0,	0,	'',	0,	NULL,	0,	0,	0),
(219,	'user_settings_data',	'i18n::field-user_settings_data',	1,	24,	0,	0,	NULL,	0,	0,	'',	0,	NULL,	0,	1,	0),
(220,	'last_order',	'i18n::field-last_order',	1,	15,	0,	0,	53,	0,	0,	'',	0,	NULL,	0,	1,	0),
(221,	'bonus',	'i18n::field-bonus',	1,	17,	0,	0,	NULL,	0,	0,	'',	0,	NULL,	0,	0,	0),
(222,	'legal_persons',	'i18n::field-legal_persons',	1,	19,	0,	1,	49,	0,	0,	'',	0,	NULL,	0,	1,	1),
(223,	'spent_bonus',	'i18n::field-spent_bonus',	1,	17,	0,	0,	NULL,	0,	0,	'',	0,	NULL,	0,	0,	0),
(224,	'filemanager_directory',	'i18n::field-filemanager-directory',	1,	20,	0,	0,	126,	0,	0,	'Список доступных пользователю директорий. В качестве разделителя используется запятая - например: /image/cms, /files.',	0,	NULL,	0,	0,	0),
(225,	'appended_file_extensions',	'i18n::field-appended-file-extensions',	1,	20,	0,	0,	NULL,	0,	0,	'Список дополнительных расширений файлов, которые пользователь может загружать на сервер. В качестве разделителя используется запятая - например: cdr, mid, midi.',	0,	NULL,	0,	0,	0),
(226,	'register_date',	'i18n::field-register_date',	0,	4,	0,	0,	NULL,	0,	0,	'',	0,	NULL,	0,	0,	0),
(227,	'tickets_color',	'i18n::field-tickets_color',	0,	2,	0,	0,	NULL,	0,	0,	'Фоновый цвет заметок',	0,	NULL,	0,	0,	0),
(228,	'favorite_domain_list',	'i18n::field-favorite_domain_list',	0,	6,	0,	0,	NULL,	0,	0,	'Если заполнено - для пользователя будут выводиться только эти домены в административной панели во вкладке \"Структура сайта\".',	0,	NULL,	0,	0,	0),
(229,	'lname',	'i18n::field-lname',	1,	20,	0,	1,	NULL,	0,	0,	'',	0,	NULL,	0,	0,	1),
(230,	'fname',	'i18n::field-fname',	1,	20,	0,	1,	NULL,	0,	0,	'Это поле содержит Имя пользователя. Оно отображается в характеристиках пользователя и может быть изменено самим пользователем.',	1,	NULL,	0,	0,	1),
(231,	'father_name',	'i18n::field-father_name',	1,	20,	0,	1,	NULL,	0,	0,	'',	0,	NULL,	0,	0,	0),
(232,	'phone',	'i18n::field-phone_n',	1,	20,	0,	1,	NULL,	0,	0,	'',	0,	NULL,	0,	0,	1),
(233,	'referer',	'i18n::field-referer',	0,	24,	0,	0,	NULL,	0,	0,	'',	0,	NULL,	0,	0,	0),
(234,	'target',	'i18n::field-target',	0,	24,	0,	0,	NULL,	0,	0,	'',	0,	NULL,	0,	0,	0),
(235,	'primary',	'i18n::field-primary_store',	0,	1,	0,	1,	NULL,	0,	0,	'Основной склад, с которого будут списываться товары при покупке, и с которым будет синхронизироваться 1C',	0,	NULL,	0,	0,	1),
(236,	'proc',	'i18n::field-proc',	0,	8,	0,	1,	NULL,	0,	0,	'',	1,	NULL,	0,	0,	1),
(237,	'users',	'i18n::field-users',	0,	19,	0,	1,	54,	0,	0,	'Пользователи, которым будет доступна скидка',	1,	NULL,	0,	0,	1),
(238,	'menu_id',	'i18n::field-sid',	0,	20,	0,	1,	NULL,	0,	0,	'',	0,	NULL,	0,	0,	1),
(239,	'menuhierarchy',	'i18n::field-menuhierarchy',	0,	24,	0,	1,	NULL,	0,	0,	'',	0,	NULL,	0,	0,	1),
(240,	'anons',	'i18n::field-anons',	1,	26,	0,	1,	NULL,	1,	0,	'',	0,	NULL,	0,	0,	1),
(241,	'source',	'i18n::field-source',	1,	20,	0,	1,	NULL,	0,	0,	'',	0,	NULL,	0,	0,	0),
(242,	'source_url',	'i18n::field-source_url',	1,	20,	0,	1,	NULL,	0,	0,	'',	0,	NULL,	0,	0,	0),
(243,	'publish_time',	'i18n::field-publish_time',	1,	4,	0,	1,	NULL,	0,	1,	'',	0,	NULL,	0,	0,	1),
(244,	'begin_time',	'i18n::field-begin_time',	1,	4,	0,	1,	NULL,	0,	0,	'',	0,	NULL,	0,	0,	0),
(245,	'end_time',	'i18n::field-end_time',	1,	4,	0,	1,	NULL,	0,	0,	'',	0,	NULL,	0,	0,	0),
(246,	'anons_pic',	'i18n::field-anons_pic',	1,	9,	0,	1,	NULL,	0,	0,	'',	0,	NULL,	0,	0,	1),
(247,	'publish_pic',	'i18n::field-publish_pic',	1,	9,	0,	1,	NULL,	0,	0,	'',	0,	NULL,	0,	0,	1),
(248,	'subjects',	'i18n::field-subjects',	1,	19,	0,	1,	59,	0,	0,	'',	0,	NULL,	0,	0,	0),
(249,	'user_id',	'i18n::field-user_id',	1,	18,	0,	1,	54,	0,	0,	'',	0,	NULL,	0,	1,	0),
(250,	'message',	'i18n::field-message',	1,	24,	0,	1,	NULL,	1,	0,	'',	0,	NULL,	0,	0,	1),
(251,	'x',	'i18n::field-x',	1,	10,	0,	1,	NULL,	0,	0,	'',	0,	NULL,	0,	1,	0),
(252,	'y',	'i18n::field-y',	1,	10,	0,	1,	NULL,	0,	0,	'',	0,	NULL,	0,	1,	0),
(253,	'width',	'i18n::field-width',	1,	10,	0,	1,	NULL,	0,	0,	'',	0,	NULL,	0,	1,	0),
(254,	'height',	'i18n::field-height',	1,	10,	0,	1,	NULL,	0,	0,	'',	0,	NULL,	0,	1,	0),
(255,	'create_time',	'i18n::field-gen_time',	1,	4,	0,	1,	NULL,	0,	0,	'',	0,	NULL,	0,	1,	0),
(256,	'url',	'i18n::field-url',	1,	20,	0,	1,	NULL,	0,	0,	'',	0,	NULL,	0,	1,	1),
(257,	'description',	'i18n::field-description',	1,	20,	0,	1,	NULL,	0,	1,	'',	0,	NULL,	0,	0,	1),
(258,	'friendlist',	'i18n::field-friendlist',	1,	19,	0,	1,	54,	0,	1,	'',	0,	NULL,	0,	0,	0),
(259,	'is_registrated',	'i18n::field-is_registrated',	1,	1,	0,	1,	NULL,	0,	0,	'',	0,	NULL,	0,	0,	0),
(260,	'user_id',	'i18n::field-user_id',	1,	18,	0,	1,	54,	0,	0,	'',	0,	NULL,	0,	0,	0),
(261,	'nickname',	'i18n::field-nickname',	1,	20,	0,	1,	NULL,	0,	0,	'',	0,	NULL,	0,	0,	1),
(262,	'email',	'i18n::field-e-mail',	1,	20,	0,	1,	NULL,	0,	0,	'',	0,	NULL,	0,	0,	1),
(263,	'ip',	'i18n::field-ip',	1,	20,	0,	1,	NULL,	0,	0,	'',	0,	NULL,	0,	0,	0),
(264,	'author_id',	'i18n::field-author',	1,	18,	1,	0,	64,	0,	1,	'Идентификатор автора комментария',	0,	NULL,	0,	0,	0),
(265,	'is_spam',	'i18n::field-is_spam',	0,	1,	0,	1,	NULL,	0,	0,	'',	0,	NULL,	0,	0,	1),
(266,	'only_for_friends',	'i18n::field-only_for_friends',	1,	1,	0,	1,	NULL,	0,	1,	'',	0,	NULL,	0,	0,	0),
(267,	'descr',	'i18n::field-description',	1,	26,	0,	1,	NULL,	1,	0,	'',	0,	NULL,	0,	0,	1),
(268,	'topics_count',	'i18n::field-topics_count',	1,	10,	0,	0,	NULL,	0,	0,	'',	0,	NULL,	0,	0,	0),
(269,	'messages_count',	'i18n::field-messages_count',	1,	10,	0,	0,	NULL,	0,	0,	'',	0,	NULL,	0,	0,	0),
(270,	'last_message',	'i18n::field-last_message',	1,	22,	0,	0,	NULL,	0,	0,	'',	0,	NULL,	0,	0,	0),
(271,	'last_post_time',	'i18n::field-last_post_time',	1,	10,	0,	0,	NULL,	0,	0,	'',	0,	NULL,	0,	0,	0),
(272,	'message',	'i18n::field-message',	1,	24,	0,	1,	NULL,	1,	0,	'',	0,	NULL,	0,	0,	1),
(273,	'count',	'i18n::field-count',	1,	10,	0,	1,	NULL,	0,	0,	'',	0,	NULL,	0,	0,	0),
(274,	'poll_rel',	'i18n::field-poll_rel',	1,	18,	0,	0,	72,	0,	0,	'',	0,	NULL,	0,	0,	0),
(275,	'is_closed',	'i18n::field-is_closed',	1,	1,	0,	1,	NULL,	0,	0,	'',	0,	NULL,	0,	0,	1),
(276,	'question',	'i18n::field-question',	1,	24,	0,	1,	NULL,	1,	0,	'Вопрос пользователя',	0,	NULL,	0,	0,	1),
(277,	'answers',	'i18n::field-answers',	1,	19,	0,	1,	71,	0,	0,	'',	0,	NULL,	0,	0,	1),
(278,	'total_count',	'i18n::field-total_count',	1,	10,	0,	1,	NULL,	0,	0,	'',	0,	NULL,	0,	0,	1),
(279,	'form_id',	'i18n::field-form_id',	1,	11,	0,	0,	NULL,	0,	1,	'',	0,	NULL,	0,	0,	1),
(280,	'destination_address',	'i18n::field-destination_address',	1,	20,	0,	0,	NULL,	0,	0,	'',	0,	NULL,	0,	0,	1),
(281,	'sender_ip',	'i18n::field-sender_ip',	1,	20,	0,	0,	NULL,	0,	0,	'',	0,	NULL,	0,	0,	0),
(282,	'sending_time',	'i18n::field-sending_time',	1,	4,	0,	0,	NULL,	0,	0,	'',	0,	NULL,	0,	0,	0),
(283,	'wf_message',	'option-message',	0,	26,	0,	1,	NULL,	0,	0,	'',	0,	5,	0,	0,	0),
(284,	'from_email_template',	'i18n::field-from_email_template',	1,	20,	0,	1,	NULL,	0,	0,	'',	0,	NULL,	0,	0,	1),
(285,	'from_template',	'i18n::field-from_template',	1,	20,	0,	1,	NULL,	0,	0,	'',	0,	NULL,	0,	0,	1),
(286,	'subject_template',	'i18n::field-subject_template',	1,	20,	0,	1,	NULL,	0,	0,	'',	0,	NULL,	0,	0,	1),
(287,	'master_template',	'i18n::field-master_template',	1,	26,	0,	1,	NULL,	0,	0,	'',	0,	NULL,	0,	0,	1),
(288,	'autoreply_from_email_template',	'i18n::field-autoreply_from_email_template',	1,	20,	0,	1,	NULL,	0,	0,	'',	0,	NULL,	0,	0,	1),
(289,	'autoreply_from_template',	'i18n::field-autoreply_from_template',	1,	20,	0,	1,	NULL,	0,	0,	'',	0,	NULL,	0,	0,	1),
(290,	'autoreply_subject_template',	'i18n::field-autoreply_subject_template',	1,	20,	0,	1,	NULL,	0,	0,	'',	0,	NULL,	0,	0,	1),
(291,	'autoreply_email_recipient',	'i18n::field-autoreply_email_recipient',	0,	20,	0,	1,	NULL,	0,	0,	'',	0,	NULL,	0,	0,	1),
(292,	'autoreply_template',	'i18n::field-autoreply_template',	1,	26,	0,	1,	NULL,	0,	0,	'',	0,	NULL,	0,	0,	1),
(293,	'posted_message',	'i18n::field-message_sent',	1,	26,	0,	1,	NULL,	0,	0,	'',	0,	NULL,	0,	0,	0),
(294,	'form_id',	'i18n::field-form_id',	1,	11,	0,	0,	NULL,	0,	0,	'',	0,	NULL,	0,	0,	1),
(295,	'address_description',	'i18n::field-description',	1,	20,	0,	1,	NULL,	0,	0,	'',	1,	NULL,	0,	0,	0),
(296,	'address_list',	'i18n::field-address_list',	1,	20,	0,	1,	NULL,	0,	0,	'',	1,	NULL,	0,	0,	1),
(297,	'form_id',	'i18n::field-form_id',	1,	20,	0,	0,	NULL,	0,	0,	'',	0,	NULL,	0,	1,	1),
(298,	'create_time',	'i18n::field-gen_time',	1,	4,	0,	1,	NULL,	0,	0,	'',	0,	NULL,	0,	0,	0),
(299,	'user_id',	'i18n::field-user_id',	1,	18,	0,	0,	54,	0,	0,	'',	0,	NULL,	0,	0,	0),
(300,	'photo',	'i18n::field-photo',	1,	9,	0,	1,	NULL,	0,	0,	'',	0,	NULL,	0,	0,	1),
(301,	'answer',	'i18n::field-answer',	1,	24,	0,	1,	NULL,	0,	0,	'',	0,	NULL,	0,	0,	1),
(302,	'disp_last_release',	'i18n::field-disp_last_release',	1,	4,	0,	1,	NULL,	0,	1,	'',	0,	NULL,	0,	0,	1),
(303,	'disp_description',	'i18n::field-description',	1,	24,	0,	1,	NULL,	0,	0,	'',	0,	NULL,	0,	0,	0),
(304,	'forced_subscribers',	'i18n::field-forced_subscribers',	1,	22,	0,	1,	NULL,	0,	1,	'',	0,	NULL,	0,	0,	1),
(305,	'news_relation',	'i18n::field-news_relation',	1,	18,	0,	1,	7,	0,	1,	'',	0,	NULL,	0,	0,	0),
(306,	'is_active',	'i18n::field-is_active',	1,	1,	0,	1,	NULL,	0,	0,	'',	0,	NULL,	0,	0,	1),
(307,	'load_from_forum',	'i18n::field-load_from_forum',	0,	1,	0,	1,	NULL,	0,	0,	'Может быть установлено только для одной рассылки одновременно',	0,	NULL,	0,	0,	0),
(308,	'days',	'i18n::field-days',	0,	19,	0,	0,	17,	0,	0,	'Дни недели, в которые будет происходить автоматическая рассылка',	0,	NULL,	0,	0,	0),
(309,	'hours',	'i18n::field-hours',	0,	19,	0,	0,	16,	0,	0,	'Часы, в которые будет происходить автоматическая рассылка',	0,	NULL,	0,	0,	0),
(310,	'status',	'i18n::field-status',	1,	1,	0,	1,	NULL,	0,	1,	'',	0,	NULL,	0,	0,	1),
(311,	'date',	'i18n::field-date',	1,	4,	0,	1,	NULL,	0,	1,	'',	0,	NULL,	0,	0,	1),
(312,	'disp_reference',	'i18n::field-disp_reference',	1,	10,	0,	0,	NULL,	0,	1,	'',	0,	NULL,	0,	0,	0),
(313,	'header',	'i18n::field-header',	1,	20,	0,	0,	NULL,	1,	0,	'',	0,	NULL,	0,	0,	1),
(314,	'body',	'i18n::field-body',	1,	26,	0,	1,	NULL,	0,	0,	'',	0,	NULL,	0,	0,	1),
(315,	'release_reference',	'i18n::field-release_reference',	1,	10,	0,	0,	NULL,	0,	1,	'',	0,	NULL,	0,	0,	0),
(316,	'attach_file',	'i18n::field-attach_file',	1,	7,	0,	1,	NULL,	0,	0,	'',	0,	NULL,	0,	0,	0),
(317,	'msg_date',	'i18n::field-msg_date',	1,	4,	0,	1,	NULL,	0,	1,	'',	0,	NULL,	0,	0,	0),
(318,	'short_body',	'i18n::field-short_body',	1,	26,	0,	1,	NULL,	0,	1,	'',	0,	NULL,	0,	0,	1),
(319,	'new_relation',	'i18n::field-new_relation',	1,	22,	0,	0,	NULL,	0,	1,	'',	0,	NULL,	0,	0,	0),
(320,	'lname',	'i18n::field-lname',	1,	20,	0,	1,	NULL,	0,	0,	'',	0,	NULL,	0,	0,	1),
(321,	'fname',	'i18n::field-fname',	1,	20,	0,	1,	NULL,	0,	0,	'',	0,	NULL,	0,	0,	1),
(322,	'father_name',	'i18n::field-father_name',	1,	20,	0,	1,	NULL,	0,	0,	'',	0,	NULL,	0,	0,	0),
(323,	'gender',	'i18n::field-gender',	1,	18,	0,	1,	4,	0,	0,	'',	0,	NULL,	0,	0,	0),
(324,	'uid',	'i18n::field-uid',	1,	18,	0,	0,	54,	0,	1,	'',	0,	NULL,	0,	0,	0),
(325,	'subscriber_dispatches',	'i18n::field-subscriber_dispatches',	1,	19,	0,	1,	82,	0,	1,	'',	0,	NULL,	0,	0,	1),
(326,	'sent_release_list',	'i18n::field-sent_release_list',	1,	19,	0,	1,	83,	0,	0,	'',	0,	NULL,	0,	0,	1),
(327,	'subscribe_date',	'i18n::field-subscribe_date',	1,	4,	0,	0,	NULL,	0,	0,	'',	0,	NULL,	0,	0,	0),
(328,	'social_category_vkontakte',	'i18n::field-social_categories_vkontakte',	1,	18,	0,	1,	19,	0,	0,	'',	0,	NULL,	0,	0,	0),
(329,	'index_source',	'i18n::field-index_source',	0,	10,	0,	1,	NULL,	0,	0,	'',	0,	NULL,	0,	1,	0),
(330,	'index_state',	'i18n::field-index_state',	0,	8,	0,	1,	NULL,	0,	0,	'',	0,	NULL,	0,	1,	0),
(331,	'index_date',	'i18n::field-index_date',	0,	4,	0,	1,	NULL,	0,	0,	'',	0,	NULL,	0,	1,	0),
(332,	'index_choose',	'i18n::field-index_choose',	0,	1,	0,	1,	NULL,	0,	0,	'',	0,	NULL,	0,	1,	0),
(333,	'index_level',	'i18n::field-index_level',	0,	10,	0,	1,	NULL,	0,	0,	'',	0,	NULL,	0,	1,	0),
(334,	'date_create_object',	'i18n::field-date_create_object',	1,	4,	0,	0,	NULL,	0,	0,	'',	0,	NULL,	0,	0,	0),
(335,	'tax_rate_id',	'i18n::field-tax-rate-id',	1,	18,	0,	1,	27,	0,	0,	'',	0,	NULL,	0,	0,	1),
(336,	'price',	'i18n::field-cena',	1,	17,	0,	1,	NULL,	0,	1,	'',	0,	NULL,	0,	0,	1),
(337,	'payment_mode',	'i18n::field-payment_mode',	1,	18,	0,	1,	29,	0,	0,	'',	0,	NULL,	0,	0,	1),
(338,	'payment_subject',	'i18n::field-payment_subject',	1,	18,	0,	1,	28,	0,	0,	'',	0,	NULL,	0,	0,	1),
(339,	'stores_state',	'i18n::field-stores_state',	0,	15,	0,	1,	55,	0,	0,	'',	0,	NULL,	0,	0,	1),
(340,	'reserved',	'i18n::field-reserved',	0,	10,	0,	0,	NULL,	0,	0,	'i18n::field-tip-number-reserved-items',	0,	NULL,	0,	1,	0),
(341,	'common_quantity',	'i18n::field-common-quantity',	0,	10,	0,	1,	NULL,	0,	0,	'',	0,	NULL,	0,	0,	0),
(342,	'trade_offer_image',	'i18n::field-izobrazhenie',	1,	9,	0,	1,	NULL,	0,	0,	'',	0,	NULL,	0,	0,	1),
(343,	'trade_offer_list',	'i18n::field-trade-offer-list',	1,	14,	0,	0,	NULL,	0,	0,	'',	0,	NULL,	0,	0,	1),
(344,	'preffered_currency',	'i18n::field-preffered_currency',	0,	18,	0,	0,	21,	0,	0,	'',	0,	NULL,	0,	0,	0),
(345,	'last_order',	'i18n::field-last_order',	1,	15,	0,	0,	53,	0,	0,	'',	0,	NULL,	0,	1,	0),
(346,	'bonus',	'i18n::field-bonus',	1,	17,	0,	0,	NULL,	0,	0,	'',	0,	NULL,	0,	0,	0),
(347,	'spent_bonus',	'i18n::field-spent_bonus',	1,	17,	0,	0,	NULL,	0,	0,	'',	0,	NULL,	0,	0,	0),
(348,	'ip',	'i18n::field-ip_address',	0,	20,	0,	0,	NULL,	0,	0,	'',	0,	NULL,	0,	0,	0),
(349,	'delivery_addresses',	'i18n::field-delivery_addresses',	0,	19,	0,	1,	40,	0,	0,	'',	0,	NULL,	0,	0,	1),
(350,	'legal_persons',	'i18n::field-legal_persons',	1,	19,	0,	1,	49,	0,	0,	'',	0,	NULL,	0,	0,	1),
(351,	'size',	'i18n::field-discount_size',	0,	8,	0,	1,	NULL,	0,	0,	'Размер скидки, который будет вычтен из стоимости заказа',	1,	NULL,	0,	0,	1),
(352,	'catalog_items',	'i18n::field-goods',	0,	22,	0,	1,	NULL,	0,	0,	'',	0,	NULL,	0,	0,	1),
(353,	'start_date',	'i18n::field-discount_start',	0,	4,	0,	1,	NULL,	0,	0,	'Определяет, с какого момента скидка будет действительна',	0,	NULL,	0,	0,	0),
(354,	'end_date',	'i18n::field-discount_end',	0,	4,	0,	1,	NULL,	0,	0,	'Определяет, когда заканчивается срок действия скидки',	0,	NULL,	0,	0,	0),
(355,	'minimum',	'i18n::field-minimal_order_price',	0,	8,	0,	1,	NULL,	0,	0,	'Минимальная стоимость заказа, когда действует скидка',	0,	NULL,	0,	0,	1),
(356,	'maximum',	'i18n::field-maximal_order_price',	0,	8,	0,	1,	NULL,	0,	0,	'Максимальная стоимость заказа, когда действует скидка',	0,	NULL,	0,	0,	1),
(357,	'minimal',	'i18n::field-minimal_summ',	0,	8,	0,	1,	NULL,	0,	0,	'Минимальная сумма стоимости заказов действия скидки',	0,	NULL,	0,	0,	1),
(358,	'maximum',	'i18n::field-maximal_summ',	0,	8,	0,	1,	NULL,	0,	0,	'Максимальная сумма стоимости заказов действия скидки',	0,	NULL,	0,	0,	1),
(359,	'user_groups',	'i18n::field-groups',	0,	19,	0,	1,	39,	0,	0,	'Список групп пользователей, которым будет доступна эта скидка',	1,	NULL,	0,	0,	1),
(360,	'related_items',	'i18n::field-connected_items',	0,	22,	0,	1,	NULL,	0,	0,	'Список товаров, которые должен положить в корзину пользователь, чтобы пойдействовала скидка',	1,	NULL,	0,	0,	1),
(361,	'order_min_price',	'i18n::field-order_min_price',	0,	8,	0,	1,	NULL,	0,	0,	'Стоимость заказа, после которой доставка производится бесплатно',	0,	NULL,	0,	0,	1),
(362,	'viewpost',	'i18n::field-viewpost',	0,	18,	0,	1,	14,	0,	0,	'',	1,	NULL,	0,	0,	0),
(363,	'zip_code',	'i18n::field-departure_city_zip_code',	0,	20,	0,	1,	NULL,	0,	0,	'',	1,	NULL,	0,	0,	0),
(364,	'login',	'i18n::field-login',	1,	20,	0,	1,	NULL,	0,	0,	'',	0,	NULL,	0,	0,	1),
(365,	'password',	'i18n::field-password',	1,	16,	0,	1,	NULL,	0,	0,	'',	0,	NULL,	0,	0,	1),
(366,	'dev_mode',	'i18n::field-apiship-dev-mode',	1,	1,	0,	1,	NULL,	0,	0,	'',	0,	NULL,	0,	0,	1),
(367,	'keep_log',	'i18n::field-keep-log',	1,	1,	0,	1,	NULL,	0,	0,	'',	0,	NULL,	0,	0,	1),
(368,	'providers',	'i18n::field-apiship-providers',	1,	20,	0,	1,	NULL,	0,	0,	'',	0,	NULL,	0,	0,	1),
(369,	'delivery_types',	'Типы доставки',	1,	20,	0,	1,	NULL,	0,	0,	'',	0,	NULL,	0,	0,	1),
(370,	'pickup_types',	'i18n::field-apiship-pickup-types',	1,	20,	0,	1,	NULL,	0,	0,	'',	0,	NULL,	0,	0,	1),
(371,	'settings',	'i18n::field-apiship-settings',	1,	24,	0,	1,	NULL,	0,	0,	'',	0,	NULL,	0,	0,	1),
(372,	'reciever',	'i18n::field-reciever',	0,	20,	0,	1,	NULL,	0,	0,	'',	1,	NULL,	0,	0,	0),
(373,	'reciever_inn',	'i18n::field-reciever_inn',	0,	20,	0,	1,	NULL,	0,	0,	'',	1,	NULL,	0,	0,	1),
(374,	'reciever_account',	'i18n::field-reciever_account',	0,	20,	0,	1,	NULL,	0,	0,	'',	1,	NULL,	0,	0,	1),
(375,	'reciever_bank',	'i18n::field-reciever_bank',	0,	20,	0,	1,	NULL,	0,	0,	'',	1,	NULL,	0,	0,	1),
(376,	'bik',	'i18n::field-bik',	0,	20,	0,	1,	NULL,	0,	0,	'',	0,	NULL,	0,	0,	1),
(377,	'reciever_bank_account',	'i18n::field-reciever_bank_account',	0,	20,	0,	1,	NULL,	0,	0,	'',	1,	NULL,	0,	0,	0),
(378,	'merchant_id',	'i18n::field-merchant_id',	0,	20,	0,	1,	NULL,	0,	0,	'Выдается при регистрации в PayOnline System',	1,	NULL,	0,	0,	0),
(379,	'private_key',	'i18n::field-secret-key',	0,	20,	0,	1,	NULL,	0,	0,	'Выдается при регистрации в PayOnline System',	1,	NULL,	0,	0,	0),
(380,	'receipt_data_send_enable',	'i18n::field-receipt-data-send-enable',	1,	1,	0,	1,	NULL,	0,	0,	'Используется для реализации ФЗ-54, требует заполнения ставки НДС у товаров и доставок',	0,	NULL,	0,	0,	1),
(381,	'keep_log',	'i18n::field-keep-log',	1,	1,	0,	1,	NULL,	0,	0,	'',	0,	NULL,	0,	0,	1),
(382,	'login',	'i18n::field-login',	0,	20,	0,	1,	NULL,	0,	0,	'',	1,	NULL,	0,	0,	1),
(383,	'password1',	'i18n::field-password1',	0,	20,	0,	1,	NULL,	0,	0,	'используется интерфейсом инициализации оплаты',	1,	NULL,	0,	0,	0),
(384,	'password2',	'i18n::field-password2',	0,	20,	0,	1,	NULL,	0,	0,	'используется интерфейсом оповещения о платеже, XML-интерфейсах',	1,	NULL,	0,	0,	0),
(385,	'test_mode',	'i18n::field-test_mode',	1,	1,	0,	1,	NULL,	0,	0,	'',	0,	NULL,	0,	0,	1),
(386,	'eshopid',	'i18n::field-eshopid',	0,	20,	0,	1,	NULL,	0,	0,	'Номер сайта продавца, на который покупатель должен совершить платеж',	1,	NULL,	0,	0,	0),
(387,	'secretkey',	'i18n::field-secret-key',	0,	20,	0,	1,	NULL,	0,	0,	'Строка символов, добавляемая к реквизитам платежа, высылаемым продавцу вместе с оповещением',	1,	NULL,	0,	0,	0),
(388,	'name',	'i18n::field-name',	0,	20,	0,	1,	NULL,	0,	0,	'',	1,	NULL,	0,	0,	1),
(389,	'legal_address',	'i18n::field-legal_address',	0,	20,	0,	1,	NULL,	0,	0,	'',	0,	NULL,	0,	0,	1),
(390,	'phone_number',	'i18n::field-phone_number',	0,	20,	0,	1,	NULL,	0,	0,	'',	0,	NULL,	0,	0,	1),
(391,	'inn',	'i18n::field-TIN',	0,	20,	0,	1,	NULL,	0,	0,	'',	0,	NULL,	0,	0,	1),
(392,	'kpp',	'i18n::field-RRC',	0,	20,	0,	1,	NULL,	0,	0,	'',	0,	NULL,	0,	0,	1),
(393,	'account',	'i18n::field-account',	0,	20,	0,	1,	NULL,	0,	0,	'',	0,	NULL,	0,	0,	0),
(394,	'bank',	'i18n::field-receiver_bank',	0,	20,	0,	1,	NULL,	0,	0,	'',	0,	NULL,	0,	0,	0),
(395,	'bank_account',	'i18n::field-bank_account_number',	0,	20,	0,	1,	NULL,	0,	0,	'',	0,	NULL,	0,	0,	0),
(396,	'sign_image',	'i18n::field-sign_image',	0,	9,	0,	1,	NULL,	0,	0,	'',	0,	NULL,	0,	0,	0),
(397,	'mnt_system_url',	'i18n::field-mnt_system_url',	1,	20,	0,	1,	NULL,	0,	0,	'Введите demo.moneta.ru, если у вас включен тестовый режим, либо www.payanyway.ru, если включен боевой режим.',	1,	NULL,	0,	0,	1),
(398,	'mnt_id',	'i18n::field-mnt_id',	1,	20,	0,	1,	NULL,	0,	0,	'',	1,	NULL,	0,	0,	1),
(399,	'mnt_success_url',	'i18n::field-successful_pay_url',	1,	20,	0,	1,	NULL,	0,	0,	'',	1,	NULL,	0,	0,	1),
(400,	'mnt_fail_url',	'i18n::field-failed_pay_url',	1,	20,	0,	1,	NULL,	0,	0,	'',	0,	NULL,	0,	0,	1),
(401,	'mnt_data_integrity_code',	'i18n::field-data_integrity_code',	1,	20,	0,	1,	NULL,	0,	0,	'',	1,	NULL,	0,	0,	1),
(402,	'mnt_test_mode',	'i18n::field-test_mode',	1,	1,	0,	1,	NULL,	0,	0,	'',	0,	NULL,	0,	0,	1),
(403,	'project',	'i18n::field-project-id',	1,	20,	0,	1,	NULL,	0,	0,	'',	1,	NULL,	0,	0,	0),
(404,	'key',	'i18n::field-secret-key',	1,	20,	0,	1,	NULL,	0,	0,	'',	1,	NULL,	0,	0,	0),
(405,	'source',	'i18n::field-owner-id',	1,	20,	0,	1,	NULL,	0,	0,	'',	1,	NULL,	0,	0,	0),
(406,	'partnerid',	'i18n::field-mnt_id',	0,	20,	0,	1,	NULL,	0,	0,	'',	1,	NULL,	0,	0,	0),
(407,	'apikey',	'i18n::field-kvk-apiKey',	0,	20,	0,	1,	NULL,	0,	0,	'',	1,	NULL,	0,	0,	0),
(408,	'demo_mode',	'i18n::field-demo_mode',	0,	1,	0,	1,	NULL,	0,	0,	'Включить демо-режим',	0,	NULL,	0,	0,	0),
(409,	'merchant_id',	'i18n::field-emarket-id',	0,	20,	0,	1,	NULL,	0,	0,	'i18n::field-emarket-id',	1,	NULL,	0,	0,	0),
(410,	'product_id',	'i18n::field-product_id',	0,	20,	0,	1,	NULL,	0,	0,	'i18n::field-product_id',	1,	NULL,	0,	0,	0),
(411,	'ok_url',	'i18n::field-successful_pay_url',	0,	20,	0,	1,	NULL,	0,	0,	'i18n::field-successful_pay_url',	0,	NULL,	0,	0,	0),
(412,	'secret_word',	'i18n::field-secret_word',	0,	20,	0,	1,	NULL,	0,	0,	'i18n::field-secret_word',	1,	NULL,	0,	0,	0),
(413,	'ko_url',	'i18n::field-failed_pay_url',	0,	20,	0,	1,	NULL,	0,	0,	'i18n::field-failed_pay_url',	0,	NULL,	0,	0,	0),
(414,	'shop_id',	'i18n::field-shop_id',	0,	20,	0,	1,	NULL,	0,	0,	'Номер магазина в ЦПП. Выдается ЦПП',	1,	NULL,	0,	0,	0),
(415,	'scid',	'i18n::field-scid',	0,	20,	0,	1,	NULL,	0,	0,	'Номер витрины магазина в ЦПП. Выдается ЦПП',	1,	NULL,	0,	0,	0),
(416,	'bank_id',	'i18n::field-bank_id',	0,	20,	0,	1,	NULL,	0,	0,	'Код процессингового центра \"Яндекс.Деньги\"',	0,	NULL,	0,	0,	0),
(417,	'shop_password',	'i18n::field-shop_password',	0,	20,	0,	1,	NULL,	0,	0,	'Секретный пароль (20 случайных символов), указывается при заключении договора',	1,	NULL,	0,	0,	0),
(418,	'paypalemail',	'i18n::field-paypalemail',	1,	20,	0,	1,	NULL,	0,	0,	'',	1,	NULL,	0,	0,	0),
(419,	'return_success',	'i18n::field-successful_pay_url',	1,	20,	0,	1,	NULL,	0,	0,	'',	1,	NULL,	0,	0,	0),
(420,	'cancel_return',	'i18n::field-failed_pay_url',	1,	20,	0,	1,	NULL,	0,	0,	'',	1,	NULL,	0,	0,	0),
(421,	'shop_id',	'i18n::field-mnt_id',	1,	20,	0,	1,	NULL,	0,	0,	'Идентификатор вашего магазина в Яндекс.Кассе',	1,	NULL,	0,	0,	1),
(422,	'secret_key',	'i18n::field-secret-key',	1,	20,	0,	1,	NULL,	0,	0,	'Выпустить секретный ключ можно в личном кабинете Яндекс.Кассы, в разделе \"Настройки\"',	1,	NULL,	0,	0,	1),
(423,	'id',	'i18n::field-id',	1,	20,	0,	1,	NULL,	0,	0,	'',	0,	NULL,	0,	0,	1),
(424,	'descr',	'i18n::field-description',	1,	24,	0,	1,	NULL,	0,	0,	'',	0,	NULL,	0,	0,	1),
(425,	'is_show_rand_banner',	'i18n::field-is_show_rand_banner',	1,	1,	0,	1,	NULL,	0,	1,	'',	0,	NULL,	0,	0,	1),
(426,	'is_active',	'i18n::field-is_active',	1,	1,	0,	1,	NULL,	0,	0,	'',	0,	NULL,	0,	0,	1),
(427,	'tags',	'i18n::field-tags',	1,	23,	0,	1,	NULL,	0,	0,	'',	0,	NULL,	0,	0,	0),
(428,	'url',	'i18n::field-url',	1,	20,	0,	1,	NULL,	0,	0,	'',	0,	NULL,	0,	0,	1),
(429,	'open_in_new_window',	'i18n::field-open_in_new_window',	1,	1,	0,	1,	NULL,	0,	0,	'',	0,	NULL,	0,	0,	0),
(430,	'views_count',	'i18n::field-views_count',	1,	10,	0,	1,	NULL,	0,	0,	'',	0,	NULL,	0,	0,	0),
(431,	'clicks_count',	'i18n::field-clicks_count',	1,	10,	0,	1,	NULL,	0,	0,	'',	0,	NULL,	0,	0,	0),
(432,	'max_views',	'i18n::field-max_views',	1,	10,	0,	1,	NULL,	0,	0,	'',	0,	NULL,	0,	0,	0),
(433,	'show_start_date',	'i18n::field-show_start_date',	1,	4,	1,	1,	NULL,	0,	1,	'',	0,	NULL,	0,	0,	0),
(434,	'show_till_date',	'i18n::field-show_till_date',	1,	4,	1,	1,	NULL,	0,	0,	'',	0,	NULL,	0,	0,	0),
(435,	'user_tags',	'i18n::field-user_tags',	1,	23,	0,	1,	NULL,	0,	0,	'',	0,	NULL,	0,	0,	0),
(436,	'view_pages',	'i18n::field-view_pages',	1,	22,	0,	1,	NULL,	0,	0,	'',	0,	NULL,	0,	0,	0),
(437,	'place',	'i18n::field-place',	1,	19,	0,	1,	113,	0,	0,	'',	0,	NULL,	0,	0,	1),
(438,	'not_view_pages',	'i18n::field-not_view_pages',	1,	22,	0,	1,	NULL,	0,	0,	'',	0,	NULL,	0,	0,	0),
(439,	'time_targeting_by_month_days',	'i18n::field-time_targeting_by_month_days',	1,	20,	0,	1,	NULL,	0,	0,	'',	0,	NULL,	0,	0,	0),
(440,	'time_targeting_by_month',	'i18n::field-time_targeting_by_month',	1,	20,	0,	1,	NULL,	0,	0,	'',	0,	NULL,	0,	0,	0),
(441,	'time_targeting_by_week_days',	'i18n::field-time_targeting_by_week_days',	1,	20,	0,	1,	NULL,	0,	0,	'',	0,	NULL,	0,	0,	0),
(442,	'time_targeting_by_hours',	'i18n::field-time_targeting_by_hours',	1,	20,	0,	1,	NULL,	0,	0,	'',	0,	NULL,	0,	0,	0),
(443,	'time_targeting_is_active',	'i18n::field-time_targeting_is_active',	1,	1,	1,	1,	NULL,	0,	0,	'',	0,	NULL,	0,	0,	0),
(444,	'city_targeting_city',	'i18n::field-city',	1,	18,	0,	1,	11,	0,	0,	'',	0,	NULL,	0,	0,	0),
(445,	'city_targeting_is_active',	'i18n::field-city_targeting_is_active',	1,	1,	0,	1,	NULL,	0,	0,	'',	0,	NULL,	0,	0,	0),
(446,	'priority',	'i18n::field-order-status-priority',	0,	10,	0,	1,	NULL,	0,	0,	'',	0,	NULL,	0,	0,	0),
(447,	'image',	'i18n::field-izobrazhenie',	1,	9,	0,	1,	NULL,	0,	0,	'',	0,	NULL,	0,	0,	1),
(448,	'width',	'i18n::field-width',	1,	10,	0,	1,	NULL,	0,	0,	'',	0,	NULL,	0,	0,	0),
(449,	'height',	'i18n::field-height',	1,	10,	0,	1,	NULL,	0,	0,	'',	0,	NULL,	0,	0,	0),
(450,	'alt',	'i18n::field-alt',	1,	20,	0,	1,	NULL,	0,	0,	'',	0,	NULL,	0,	0,	0),
(451,	'swf',	'i18n::field-swf',	1,	21,	0,	1,	NULL,	0,	0,	'',	0,	NULL,	0,	0,	1),
(452,	'swf_quality',	'i18n::field-swf_quality',	1,	18,	0,	1,	9,	0,	0,	'',	0,	NULL,	0,	0,	0),
(453,	'html_content',	'i18n::field-html_content',	1,	26,	0,	1,	NULL,	0,	0,	'',	0,	NULL,	0,	0,	1),
(454,	'picture',	'i18n::field-picture',	0,	9,	0,	1,	NULL,	0,	0,	'',	0,	NULL,	0,	0,	1),
(455,	'is_hidden',	'i18n::field-is_hidden',	0,	1,	0,	1,	NULL,	0,	0,	'',	0,	NULL,	0,	0,	0),
(456,	'format',	'i18n::field-export_format',	0,	18,	0,	0,	36,	0,	0,	'Формат, в который будут перобразованы данные из UMI.CMS',	1,	NULL,	0,	0,	1),
(457,	'elements',	'i18n::field-included_site_sections',	0,	22,	0,	0,	NULL,	0,	0,	'Если формат экспорта поддерживает данную функцию, будут экспортированы только выбранные разделы',	0,	NULL,	0,	0,	1),
(458,	'excluded_elements',	'i18n::field-excluded_elements',	0,	22,	0,	0,	NULL,	0,	1,	'Если формат экспорта поддерживает данную функцию, выбранные разделы экспортированы не будут',	0,	NULL,	0,	0,	1),
(459,	'cache_time',	'i18n::field-cache_time',	0,	10,	0,	0,	NULL,	0,	0,	'Если задано, то результат будет закеширован на указанное кол-во минут',	0,	NULL,	0,	0,	0),
(460,	'source_name',	'i18n::field-source_name',	0,	20,	0,	0,	NULL,	0,	0,	'Здесь можно задать имя ресурса для обмена данными, чтобы внешние идентификаторы сущностей были привязаны к нему.',	0,	NULL,	0,	0,	0),
(461,	'encoding_export',	'i18n::field-encoding_import',	0,	18,	0,	0,	26,	0,	0,	'Кодировка, в которой будут экспортированы данные',	0,	NULL,	0,	0,	0),
(462,	'format',	'i18n::field-data_format',	0,	18,	0,	0,	35,	0,	0,	'Формат импотрируемых данных',	1,	NULL,	0,	0,	1),
(463,	'file',	'i18n::field-data_file',	0,	7,	0,	0,	NULL,	0,	0,	'',	1,	NULL,	0,	0,	1),
(464,	'elements',	'i18n::field-site_section_export',	0,	22,	0,	0,	NULL,	0,	0,	'Если формат импорта поддерживает данную функцию, данные будут импортированы в указанный раздел',	0,	NULL,	0,	0,	1),
(465,	'encoding_import',	'i18n::field-encoding_import',	0,	18,	0,	0,	26,	0,	0,	'Кодировка импортируемых данных',	0,	NULL,	0,	0,	0),
(466,	'source_name',	'i18n::field-source_name',	0,	20,	0,	0,	NULL,	0,	0,	'Здесь можно задать имя ресурса для обмена данными, чтобы внешние идентификаторы сущностей были привязаны к нему.',	0,	NULL,	0,	0,	0),
(467,	'fs_file',	'i18n::field-fs_file',	1,	7,	0,	1,	NULL,	0,	0,	'',	0,	NULL,	0,	0,	1),
(468,	'downloads_counter',	'i18n::field-downloads_counter',	1,	10,	0,	1,	NULL,	0,	0,	'',	0,	NULL,	0,	0,	0),
(469,	'custom_id',	'i18n::field-sid',	1,	20,	0,	0,	NULL,	0,	0,	'',	0,	NULL,	0,	0,	1),
(470,	'lang_id',	'i18n::field-lang_id',	1,	10,	0,	0,	NULL,	0,	0,	'',	1,	NULL,	0,	0,	1),
(471,	'domain_id',	'i18n::field-domain_name',	1,	5,	0,	0,	NULL,	0,	0,	'',	1,	NULL,	0,	0,	1),
(472,	'appoint_service_choice_title',	'i18n::field-appoint-service-choice-title',	1,	20,	0,	1,	NULL,	0,	0,	'',	0,	NULL,	0,	0,	1),
(473,	'appoint_hint_step_text',	'i18n::field-appoint-hint-step-text',	1,	20,	0,	1,	NULL,	0,	0,	'',	0,	NULL,	0,	0,	1),
(474,	'appoint_personal_step_title',	'i18n::field-appoint-personal-step-title',	1,	20,	0,	1,	NULL,	0,	0,	'',	0,	NULL,	0,	0,	1),
(475,	'appoint_personal_choice_title',	'i18n::field-appoint-personal-choice-title',	1,	20,	0,	1,	NULL,	0,	0,	'',	0,	NULL,	0,	0,	1),
(476,	'appoint_dont_care_button',	'i18n::field-appoint-dont-care-button',	1,	20,	0,	1,	NULL,	0,	0,	'',	0,	NULL,	0,	0,	1),
(477,	'appoint_dont_care_hint',	'i18n::field-appoint-dont-care-hint',	1,	20,	0,	1,	NULL,	0,	0,	'',	0,	NULL,	0,	0,	1),
(478,	'appoint_date_step_title',	'i18n::field-appoint-date-step-title',	1,	20,	0,	1,	NULL,	0,	0,	'',	0,	NULL,	0,	0,	1),
(479,	'appoint_date_choice_title',	'i18n::field-appoint-date-choice-title',	1,	20,	0,	1,	NULL,	0,	0,	'',	0,	NULL,	0,	0,	1),
(480,	'appoint_confirm_step_title',	'i18n::field-appoint-confirm-step-title',	1,	20,	0,	1,	NULL,	0,	0,	'',	0,	NULL,	0,	0,	1),
(481,	'appoint_book_time_button',	'i18n::field-appoint-book-time-button',	1,	20,	0,	1,	NULL,	0,	0,	'',	0,	NULL,	0,	0,	1),
(482,	'appoint_book_time_hint',	'i18n::field-appoint-book-time-hint',	1,	20,	0,	1,	NULL,	0,	0,	'',	0,	NULL,	0,	0,	1),
(483,	'order_comments',	'Комментарий к адресу',	0,	24,	0,	1,	NULL,	0,	0,	'',	0,	NULL,	0,	0,	0),
(484,	'fm_prefix',	'i18n::field-prefix',	1,	20,	0,	1,	NULL,	0,	0,	'',	0,	NULL,	0,	0,	0),
(485,	'filemanager',	'i18n::field-filemanager',	1,	18,	0,	0,	126,	0,	0,	'',	0,	NULL,	0,	0,	0),
(486,	'name',	'i18n::field-name',	0,	20,	0,	1,	NULL,	0,	0,	'',	0,	NULL,	0,	0,	1),
(487,	'email',	'i18n::field-e-mail',	0,	20,	0,	1,	NULL,	0,	0,	'',	0,	NULL,	0,	0,	1),
(488,	'opinion',	'i18n::field-opinion',	0,	24,	0,	1,	NULL,	0,	0,	'',	0,	NULL,	0,	0,	0),
(489,	'payment_type_id',	'i18n::field-payment_type',	0,	18,	0,	1,	46,	0,	0,	'',	1,	NULL,	0,	0,	0),
(490,	'mnt_system_url',	'i18n::field-mnt_system_url',	1,	20,	0,	1,	NULL,	0,	0,	'',	0,	NULL,	0,	0,	0),
(491,	'mnt_id',	'i18n::field-mnt_id',	1,	20,	0,	1,	NULL,	0,	0,	'',	1,	NULL,	0,	0,	0),
(492,	'mnt_success_url',	'i18n::field-successful_pay_url',	1,	20,	0,	1,	NULL,	0,	0,	'',	0,	NULL,	0,	0,	0),
(493,	'mnt_fail_url',	'i18n::field-failed_pay_url',	1,	20,	0,	1,	NULL,	0,	0,	'',	0,	NULL,	0,	0,	0),
(494,	'mnt_data_integrity_code',	'i18n::field-data_integrity_code',	1,	20,	0,	1,	NULL,	0,	0,	'',	0,	NULL,	0,	0,	0),
(495,	'mnt_test_mode',	'i18n::field-test_mode',	1,	1,	0,	1,	NULL,	0,	0,	'',	0,	NULL,	0,	0,	0),
(496,	'modificator_type_id',	'i18n::field-modificator_type',	0,	18,	0,	1,	31,	0,	0,	'',	0,	NULL,	0,	0,	0),
(497,	'size',	'i18n::field-discount_size',	0,	8,	0,	1,	NULL,	0,	0,	'',	0,	NULL,	0,	0,	1),
(498,	'photo',	'i18n::field-photo',	0,	9,	0,	1,	NULL,	0,	0,	'',	0,	NULL,	0,	0,	1),
(499,	'opisanie',	'i18n::field-opisanie',	0,	26,	0,	1,	NULL,	0,	0,	'',	0,	NULL,	0,	0,	0),
(500,	'weight',	'i18n::field-weight',	0,	8,	0,	1,	NULL,	0,	1,	'',	0,	NULL,	0,	0,	0),
(501,	'color',	'i18n::field-okras',	0,	18,	0,	1,	128,	1,	1,	'',	0,	NULL,	0,	0,	0),
(502,	'vid',	'i18n::field-vid',	0,	18,	0,	1,	129,	1,	1,	'',	0,	NULL,	0,	0,	0),
(503,	'gender',	'i18n::field-gender',	0,	18,	0,	1,	130,	1,	1,	'',	0,	NULL,	0,	0,	0),
(504,	'tip_shersti',	'i18n::field-tip_shersti',	0,	18,	0,	1,	131,	1,	1,	'',	0,	NULL,	0,	0,	0),
(505,	'kolichestvo_lap',	'i18n::field-kolichestvo_lap',	0,	10,	0,	1,	132,	0,	1,	'',	0,	NULL,	0,	0,	0),
(506,	'dlina_usov',	'i18n::field-dlina_usov',	0,	8,	0,	1,	NULL,	0,	1,	'',	0,	NULL,	0,	0,	0),
(507,	'maksimalnaya_skorost',	'i18n::field-maksimalnaya_skorost',	0,	10,	0,	1,	NULL,	0,	1,	'',	0,	NULL,	0,	0,	0),
(508,	'obem_legkih',	'i18n::field-obem_legkih',	0,	8,	0,	1,	NULL,	0,	1,	'',	0,	NULL,	0,	0,	0),
(509,	'razmah_lap_v_bege',	'i18n::field-razmah_lap_v_bege',	0,	8,	0,	1,	NULL,	0,	1,	'',	0,	NULL,	0,	0,	0),
(510,	'harakter',	'i18n::field-harakter',	0,	18,	0,	1,	133,	0,	1,	'',	0,	NULL,	0,	0,	0),
(511,	'druzhelyubnost',	'i18n::field-druzhelyubnost',	0,	18,	0,	1,	134,	0,	1,	'',	0,	NULL,	0,	0,	0),
(512,	'kulinarnye_predpochteniya',	'i18n::field-kulinarnye_predpochteniya',	0,	18,	0,	1,	135,	0,	1,	'',	0,	NULL,	0,	0,	0),
(513,	'integriruemost_v_koleso',	'i18n::field-integriruemost_v_koleso',	0,	18,	0,	1,	136,	0,	1,	'',	0,	NULL,	0,	0,	0),
(514,	'recommend',	'i18n::field-recommend',	0,	22,	0,	1,	NULL,	0,	0,	'',	0,	NULL,	0,	0,	0),
(515,	'diametr_kolesa',	'i18n::field-diametr_kolesa',	0,	8,	0,	1,	NULL,	0,	0,	'',	0,	NULL,	0,	0,	0),
(516,	'type',	'i18n::field-rss_type',	0,	18,	0,	1,	139,	0,	0,	'',	0,	NULL,	0,	0,	0),
(517,	'podhodit_dlya',	'Подходит для',	0,	22,	0,	1,	NULL,	0,	1,	'',	0,	NULL,	0,	0,	0),
(518,	'typepost',	'Способ пересылки',	0,	18,	0,	1,	15,	0,	0,	'',	1,	NULL,	0,	0,	0),
(519,	'setpostvalue',	'С объявленной ценностью',	0,	1,	0,	1,	NULL,	0,	0,	'',	0,	NULL,	0,	0,	0),
(520,	'departure_city',	'field-departure_city',	1,	18,	0,	1,	11,	0,	0,	'Для EMS',	0,	NULL,	0,	0,	0);

DROP TABLE IF EXISTS `cms3_object_fields_restrictions`;
CREATE TABLE `cms3_object_fields_restrictions` (
  `id` int(10) unsigned NOT NULL AUTO_INCREMENT,
  `class_prefix` varchar(64) DEFAULT NULL,
  `title` varchar(255) DEFAULT NULL,
  `field_type_id` int(10) unsigned NOT NULL,
  PRIMARY KEY (`id`),
  KEY `Field restriction to field type relation_FK` (`field_type_id`),
  CONSTRAINT `FK_Field restriction to field type relation` FOREIGN KEY (`field_type_id`) REFERENCES `cms3_object_field_types` (`id`) ON DELETE CASCADE ON UPDATE CASCADE
) ENGINE=InnoDB DEFAULT CHARSET=utf8;

INSERT INTO `cms3_object_fields_restrictions` (`id`, `class_prefix`, `title`, `field_type_id`) VALUES
(1,	'systemDomain',	'Домен системы',	10),
(2,	'objectType',	'Тип данных',	10),
(3,	'email',	'E-mail',	20),
(4,	'httpUrl',	'Web-адрес',	20),
(5,	'webFormMessage',	'Сообщение вебформы',	26),
(6,	'discount',	'Размер скидки',	8);

DROP TABLE IF EXISTS `cms3_object_field_groups`;
CREATE TABLE `cms3_object_field_groups` (
  `id` int(10) unsigned NOT NULL AUTO_INCREMENT,
  `name` varchar(64) DEFAULT NULL,
  `title` varchar(255) DEFAULT NULL,
  `type_id` int(10) unsigned DEFAULT NULL,
  `is_active` tinyint(1) DEFAULT NULL,
  `is_visible` tinyint(1) DEFAULT NULL,
  `ord` int(11) DEFAULT NULL,
  `is_locked` tinyint(1) DEFAULT 0,
  `tip` varchar(4096) DEFAULT NULL,
  PRIMARY KEY (`id`),
  KEY `Group to type relation_FK` (`type_id`),
  KEY `ord` (`ord`),
  KEY `name` (`name`),
  KEY `title` (`title`),
  KEY `is_active` (`is_active`),
  KEY `is_visible` (`is_visible`),
  KEY `is_locked` (`is_locked`),
  CONSTRAINT `FK_Group to type relation` FOREIGN KEY (`type_id`) REFERENCES `cms3_object_types` (`id`) ON DELETE CASCADE ON UPDATE CASCADE
) ENGINE=InnoDB DEFAULT CHARSET=utf8;

INSERT INTO `cms3_object_field_groups` (`id`, `name`, `title`, `type_id`, `is_active`, `is_visible`, `ord`, `is_locked`, `tip`) VALUES
(1,	'svojstva_statusa_stranicy',	'i18n::fields-group-svojstva_statusa_stranicy',	2,	1,	1,	5,	0,	''),
(2,	'common',	'i18n::fields-group-common',	3,	1,	0,	5,	1,	'Основные настройки страницы'),
(3,	'menu_view',	'i18n::fields-group-menu_view',	3,	1,	0,	10,	1,	''),
(4,	'more_params',	'i18n::fields-group-more_params',	3,	1,	0,	15,	1,	'Настройки отображения страницы и её поисковой индексации'),
(5,	'rate_props',	'i18n::fields-group-rate_props',	3,	1,	0,	20,	1,	''),
(6,	'svojstva_publikacii',	'i18n::fields-group-svojstva_publikacii',	3,	0,	1,	25,	1,	'Управление статусом публикации'),
(7,	'locks',	'i18n::fields-group-locks',	3,	1,	1,	30,	1,	''),
(8,	'common',	'i18n::fields-group-news-rss-source-charset-common',	6,	1,	1,	5,	0,	''),
(9,	'common',	'i18n::fields-group-common',	7,	1,	0,	5,	0,	'Основные настройки ленты новостей'),
(10,	'menu_view',	'i18n::fields-group-menu_view',	7,	1,	0,	10,	0,	''),
(11,	'more_params',	'i18n::fields-group-more_params',	7,	1,	0,	15,	0,	'Настройки отображения страницы и её поисковой индексации'),
(12,	'rate_voters',	'i18n::fields-group-rate_voters',	7,	1,	0,	20,	0,	''),
(13,	'svojstva_publikacii',	'i18n::fields-group-svojstva_publikacii',	7,	0,	1,	25,	1,	'Управление статусом публикации'),
(14,	'locks',	'i18n::fields-group-locks',	7,	1,	1,	30,	1,	''),
(15,	'common',	'i18n::fields-group-common',	8,	1,	1,	5,	0,	''),
(16,	'props',	'i18n::fields-group-props',	9,	1,	1,	5,	0,	''),
(17,	'params_more',	'i18n::fields-group-dopolnitelno',	10,	1,	1,	5,	0,	'Страна в формате ISO 3166-1 alpha-2'),
(18,	'common',	'Общее',	14,	1,	1,	5,	0,	''),
(19,	'common',	'Общее',	15,	1,	1,	5,	0,	''),
(20,	'additional',	'i18n::fields-group-grp_disp_msg_extended',	16,	1,	1,	5,	0,	'Порядковый номер дня недели (1 (Понедельник) - 7 (Воскресение))'),
(21,	'additional',	'i18n::fields-group-grp_disp_msg_extended',	17,	1,	1,	5,	0,	'Порядковый номер дня недели (1 (Понедельник) - 7 (Воскресение))'),
(22,	'params',	'дополнительно',	19,	1,	1,	5,	0,	''),
(23,	'common',	'i18n::fields-group-common',	20,	1,	1,	5,	1,	''),
(24,	'props_currency',	'i18n::fields-group-currency_props',	21,	1,	1,	5,	0,	'Общие настройки валюты'),
(25,	'credit_status_props',	'i18n::fields-group-credit-status-props',	22,	1,	1,	5,	0,	''),
(26,	'common',	'i18n::fields-group-emarket-mobile-devices-common',	23,	1,	1,	5,	1,	''),
(27,	'common',	'i18n::fields-group-emarket-mobile-devices-common',	24,	1,	1,	5,	0,	''),
(28,	'personal',	'i18n::fields-group-personal_info',	25,	1,	1,	5,	1,	''),
(29,	'common',	'i18n::fields-group-common_group',	27,	1,	1,	5,	1,	''),
(30,	'common',	'common',	28,	1,	1,	5,	0,	''),
(31,	'common',	'common',	29,	1,	1,	5,	0,	''),
(32,	'discount_type_props',	'i18n::fields-group-discount_type_props',	30,	1,	1,	5,	0,	''),
(33,	'discount_modificator_type_props',	'i18n::fields-group-discount_modificator_type_props',	31,	1,	1,	5,	0,	''),
(34,	'discount_modificator_props',	'i18n::fields-group-discount_modificator_props',	32,	1,	1,	5,	0,	''),
(35,	'discount_rule_type_props',	'i18n::fields-group-discount_rule_type_props',	33,	1,	1,	5,	0,	''),
(36,	'discount_rule_props',	'i18n::fields-group-discount_rule_props',	34,	1,	1,	5,	0,	''),
(37,	'common',	'i18n::fields-group-props',	35,	1,	1,	5,	0,	'Служит для связи с обработчиками, заполняется разработчиком импотрера'),
(38,	'common',	'i18n::fields-group-props',	36,	1,	1,	5,	0,	'Служит для связи с обработчиками, заполняется разработчиком импотрера'),
(39,	'network_system_props',	'i18n::fields-group-service-properties',	37,	1,	1,	5,	0,	''),
(40,	'props',	'i18n::fields-group-props',	38,	1,	1,	5,	1,	'Здесь в дополнение к разделам каталога, можно выбрать, какие страницы нужно показывать в социальной сети'),
(41,	'pages',	'i18n::fields-group-site_parts',	38,	1,	1,	10,	1,	'Здесь в дополнение к разделам каталога, можно выбрать, какие страницы нужно показывать в социальной сети'),
(42,	'network_system_props',	'i18n::fields-group-service-properties',	38,	1,	1,	15,	0,	'Настройки интеграции интернет-магазина с социальными сетями'),
(43,	'svojstva_gruppy_polzovatelej',	'i18n::fields-group-svojstva_gruppy_polzovatelej',	39,	1,	0,	5,	1,	'Общие настройки группы пользователей'),
(44,	'common',	'i18n::fields-group-osnovnoe',	40,	1,	1,	5,	0,	''),
(45,	'item_type_props',	'i18n::fields-group-item_type_props',	41,	1,	1,	5,	0,	''),
(46,	'discount_props',	'i18n::fields-group-discount_props',	42,	1,	1,	5,	0,	'Определяет область применения скидки'),
(47,	'item_props',	'i18n::fields-group-order_item_props',	44,	1,	1,	5,	0,	'Размер скидки на наименование заказа'),
(48,	'item_optioned_props',	'i18n::fields-group-item_optioned_props',	44,	1,	1,	10,	0,	''),
(49,	'trade_offers',	'i18n::fields-group-trade-offers',	44,	1,	1,	15,	0,	'Торговое предложение товарного наименования'),
(50,	'order_status_props',	'i18n::fields-group-order_status_props',	45,	1,	1,	5,	0,	''),
(51,	'payment_type_props',	'i18n::fields-group-payment_type_props',	46,	1,	1,	5,	0,	''),
(52,	'payment_props',	'i18n::fields-group-payment_props',	47,	1,	1,	5,	0,	'Если установлено - не будет отображаться на сайте'),
(53,	'order_status_props',	'i18n::fields-group-payment_status_props',	48,	1,	1,	5,	0,	''),
(54,	'general',	'i18n::fields-group-osnovnoe',	49,	1,	1,	5,	0,	''),
(55,	'addresses',	'i18n::fields-group-addresses',	49,	1,	1,	10,	0,	''),
(56,	'payment',	'i18n::fields-group-payment_info',	49,	1,	1,	15,	0,	''),
(57,	'delivery_type_props',	'i18n::fields-group-delivery_type_props',	50,	1,	1,	5,	0,	''),
(58,	'delivery_description_props',	'i18n::fields-group-delivery_description',	51,	1,	1,	5,	0,	'Если установлено - не будет отображаться на сайте'),
(59,	'order_status_props',	'i18n::fields-group-delivery_status_props',	52,	1,	1,	5,	0,	''),
(60,	'order_props',	'i18n::fields-group-order_props',	53,	1,	1,	5,	0,	'Выставляется автоматически, когда происходит изменение статуса заказа'),
(61,	'order_credit_props',	'i18n::fields-group-credit',	53,	1,	1,	10,	0,	''),
(62,	'statistic_info',	'i18n::fields-group-statistic_data',	53,	1,	1,	15,	0,	'Поведенческие данные о покупателе. Используются для анализа эффективности различных каналов продвижения. Получить общую статистику по всем заказам или сделать выборку можно в модуле «Интернет-магазин» —> вкладка «Статистика»'),
(63,	'order_payment_props',	'i18n::fields-group-order_payment_props',	53,	1,	1,	20,	0,	'Дата успешной оплаты заказа'),
(64,	'order_delivery_props',	'i18n::fields-group-order_delivery_props',	53,	1,	1,	25,	0,	'Заполняется системой автоматически, когда возможна доставка и заказ успешно оплачен'),
(65,	'order_discount_props',	'i18n::fields-group-order_discount_props',	53,	1,	1,	30,	0,	''),
(66,	'integration_date',	'i18n::fields-group-intergation_props',	53,	1,	1,	35,	0,	'Выставляется системой автоматически, когда заказ необходимо выгрузить в 1С'),
(67,	'purchase_one_click',	'i18n::fields-group-purchase_one_click',	53,	1,	1,	40,	0,	''),
(68,	'idetntify_data',	'i18n::fields-group-idetntify_data',	54,	1,	0,	5,	1,	'Адрес сервиса'),
(69,	'more_info',	'i18n::fields-group-more_info',	54,	1,	1,	10,	0,	'Дополнительные настройки пользователя'),
(70,	'short_info',	'i18n::fields-group-short_info',	54,	1,	1,	15,	0,	'Это поле содержит Имя пользователя. Оно отображается в характеристиках пользователя и может быть изменено самим пользователем.'),
(71,	'delivery',	'i18n::fields-group-trans_deliver',	54,	1,	1,	20,	0,	''),
(72,	'statistic_info',	'i18n::fields-group-statistic_data',	54,	1,	1,	25,	0,	'Статистические данные о поведении пользователя на сайте'),
(73,	'store_props',	'i18n::fields-group-store_props',	55,	1,	1,	5,	0,	'Основной склад, с которого будут списываться товары при покупке, и с которым будет синхронизироваться 1C'),
(74,	'discount_modificator_props',	'i18n::fields-group-discount_modificator_props',	56,	1,	1,	5,	0,	'Настройка размера скидки'),
(75,	'discount_rule_props',	'i18n::fields-group-discount_rule_props',	57,	1,	1,	5,	0,	'Пользователи, которым будет доступна скидка'),
(76,	'common',	'i18n::fields-group-emarket-mobile-devices-common',	58,	1,	1,	5,	0,	'Основные настройки меню'),
(77,	'common',	'i18n::fields-group-common',	60,	1,	0,	5,	1,	'Основные настройки новости'),
(78,	'item_props',	'i18n::fields-group-item_props',	60,	1,	0,	10,	1,	'Основные свойства публикации новости'),
(79,	'menu_view',	'i18n::fields-group-menu_view',	60,	1,	0,	15,	1,	''),
(80,	'more_params',	'i18n::fields-group-more_params',	60,	1,	0,	20,	1,	'Настройки отображения страницы и её поисковой индексации'),
(81,	'news_images',	'i18n::fields-group-news_images',	60,	1,	1,	25,	0,	'Управление изображениями новости'),
(82,	'subjects_block',	'i18n::fields-group-subjects_block',	60,	1,	1,	30,	1,	'Сюжеты служат для группировки новостей по тематикам. Список последних новостей, связанных с данной по сюжету, можно вывести при помощи макроса <a target=\"_blank\" href=\"http://dev.docs.umi-cms.ru/spravochnik_makrosov_umicms/novosti/news_related_links/\">news related_links()</a>'),
(83,	'rate_voters',	'i18n::fields-group-rate_voters',	60,	1,	0,	35,	1,	''),
(84,	'svojstva_publikacii',	'i18n::fields-group-svojstva_publikacii',	60,	0,	1,	40,	1,	'Управление статусом публикации'),
(85,	'locks',	'i18n::fields-group-locks',	60,	1,	1,	45,	1,	''),
(86,	'common',	'i18n::fields-group-common',	61,	1,	0,	5,	1,	'Основные настройки страницы'),
(87,	'menu_view',	'i18n::fields-group-menu_view',	61,	1,	0,	10,	1,	''),
(88,	'more_params',	'i18n::fields-group-more_params',	61,	1,	0,	15,	1,	'Настройки отображения страницы и её поисковой индексации'),
(89,	'rate_voters',	'i18n::fields-group-rate_voters',	61,	1,	0,	20,	1,	''),
(90,	'svojstva_publikacii',	'i18n::fields-group-svojstva_publikacii',	61,	0,	1,	25,	1,	'Управление статусом публикации'),
(91,	'locks',	'i18n::fields-group-locks',	61,	1,	1,	30,	1,	''),
(92,	'props',	'i18n::fields-group-props',	62,	1,	1,	5,	0,	''),
(93,	'common',	'i18n::fields-group-common',	63,	1,	0,	5,	1,	'Основные настройки блога'),
(94,	'menu_view',	'i18n::fields-group-menu_view',	63,	1,	0,	10,	1,	''),
(95,	'more_params',	'i18n::fields-group-more_params',	63,	1,	0,	15,	1,	'Настройки отображения страницы и её поисковой индексации'),
(96,	'rate_props',	'i18n::fields-group-rate_props',	63,	1,	0,	20,	1,	''),
(97,	'props',	'i18n::fields-group-props',	64,	1,	1,	5,	1,	'Основная информация об авторе'),
(98,	'common',	'i18n::fields-group-common',	65,	1,	0,	5,	1,	'Идентификатор автора комментария'),
(99,	'rate_props',	'i18n::fields-group-rate_props',	65,	1,	0,	10,	1,	''),
(100,	'antispam',	'i18n::fields-group-antispam',	65,	1,	1,	15,	0,	'Пометка «Спам» скрывает нежелательные комментарии из блога'),
(101,	'common',	'i18n::fields-group-common',	66,	1,	0,	5,	1,	'Основные настройки поста блога'),
(102,	'menu_view',	'i18n::fields-group-menu_view',	66,	1,	0,	10,	1,	''),
(103,	'more_params',	'i18n::fields-group-more_params',	66,	1,	0,	15,	1,	'Настройки отображения страницы и её поисковой индексации'),
(104,	'rate_props',	'i18n::fields-group-rate_props',	66,	1,	0,	20,	1,	''),
(105,	'svojstva_publikacii',	'i18n::fields-group-svojstva_publikacii',	66,	0,	1,	25,	1,	'Управление статусом публикации'),
(106,	'locks',	'i18n::fields-group-locks',	66,	1,	1,	30,	1,	''),
(107,	'privacy',	'i18n::fields-group-privacy',	66,	1,	1,	35,	0,	'Настройки видимости поста для авторов и пользователей'),
(108,	'antispam',	'i18n::fields-group-antispam',	66,	1,	1,	40,	0,	'Пометка «Спам» скрывает нежелательные посты из блога'),
(109,	'common',	'i18n::fields-group-common',	67,	1,	0,	5,	1,	'Основные настройки конференции'),
(110,	'menu_view',	'i18n::fields-group-menu_view',	67,	1,	0,	10,	1,	''),
(111,	'more_params',	'i18n::fields-group-more_params',	67,	1,	0,	15,	1,	'Настройки отображения страницы и её поисковой индексации'),
(112,	'rate_voters',	'i18n::fields-group-rate_voters',	67,	1,	0,	20,	1,	''),
(113,	'svojstva_publikacii',	'i18n::fields-group-svojstva_publikacii',	67,	0,	1,	25,	1,	'Управление статусом публикации'),
(114,	'locks',	'i18n::fields-group-locks',	67,	1,	1,	30,	1,	''),
(115,	'common',	'i18n::fields-group-common',	68,	1,	0,	5,	1,	'Основные настройки топика'),
(116,	'menu_view',	'i18n::fields-group-menu_view',	68,	1,	0,	10,	1,	''),
(117,	'more_params',	'i18n::fields-group-more_params',	68,	1,	0,	15,	1,	'Настройки отображения страницы и её поисковой индексации'),
(118,	'topic_props',	'i18n::fields-group-topic_props',	68,	1,	0,	20,	1,	'Свойства публикации топика'),
(119,	'rate_voters',	'i18n::fields-group-rate_voters',	68,	1,	0,	25,	1,	''),
(120,	'svojstva_publikacii',	'i18n::fields-group-svojstva_publikacii',	68,	0,	1,	30,	1,	'Управление статусом публикации'),
(121,	'locks',	'i18n::fields-group-locks',	68,	1,	1,	35,	1,	''),
(122,	'common',	'i18n::fields-group-common',	69,	1,	0,	5,	1,	'Основные настройки сообщения форума'),
(123,	'menu_view',	'i18n::fields-group-menu_view',	69,	1,	0,	10,	1,	''),
(124,	'more_params',	'i18n::fields-group-more_params',	69,	1,	0,	15,	1,	'Настройки отображения страницы и её поисковой индексации'),
(125,	'message_props',	'i18n::fields-group-message_props',	69,	1,	0,	20,	1,	'Свойства публикации сообщения'),
(126,	'rate_voters',	'i18n::fields-group-rate_voters',	69,	1,	0,	25,	1,	''),
(127,	'svojstva_publikacii',	'i18n::fields-group-svojstva_publikacii',	69,	0,	1,	30,	1,	'Управление статусом публикации'),
(128,	'locks',	'i18n::fields-group-locks',	69,	1,	1,	35,	1,	''),
(129,	'common',	'i18n::fields-group-common',	70,	1,	0,	5,	1,	'Основные настройки комментария'),
(130,	'menu_view',	'i18n::fields-group-menu_view',	70,	1,	0,	10,	1,	''),
(131,	'more_params',	'i18n::fields-group-more_params',	70,	1,	0,	15,	1,	'Настройки отображения страницы и её поисковой индексации'),
(132,	'comment_props',	'i18n::fields-group-comment_props',	70,	1,	0,	20,	1,	'Свойства публикации комментария'),
(133,	'rate_voters',	'i18n::fields-group-rate_voters',	70,	1,	0,	25,	1,	''),
(134,	'svojstva_publikacii',	'i18n::fields-group-svojstva_publikacii',	70,	0,	1,	30,	1,	'Управление статусом публикации'),
(135,	'locks',	'i18n::fields-group-locks',	70,	1,	1,	35,	1,	''),
(136,	'antispam',	'i18n::fields-group-antispam',	70,	1,	1,	40,	0,	'Пометив нежелательные комментарии как спам, вы сможете их отфильтровать для выполнения групповых операций — например, удалить комментарии или/и блокировать автора'),
(137,	'common_props',	'i18n::fields-group-common_props',	71,	1,	1,	5,	1,	''),
(138,	'common',	'i18n::fields-group-common',	72,	1,	0,	5,	1,	'Основные настройки опроса'),
(139,	'menu_view',	'i18n::fields-group-menu_view',	72,	1,	0,	10,	1,	''),
(140,	'more_params',	'i18n::fields-group-more_params',	72,	1,	0,	15,	1,	'Настройки отображения страницы и её поисковой индексации'),
(141,	'poll_props',	'i18n::fields-group-poll_props',	72,	1,	0,	20,	1,	'Настройки опроса'),
(142,	'rate_voters',	'i18n::fields-group-rate_voters',	72,	1,	0,	25,	1,	''),
(143,	'svojstva_publikacii',	'i18n::fields-group-svojstva_publikacii',	72,	0,	1,	30,	1,	'Управление статусом публикации'),
(144,	'locks',	'i18n::fields-group-locks',	72,	1,	1,	35,	1,	''),
(145,	'common',	'i18n::fields-group-common',	73,	1,	0,	5,	1,	'Основные настройки страницы'),
(146,	'menu_view',	'i18n::fields-group-menu_view',	73,	1,	0,	10,	1,	''),
(147,	'more_params',	'i18n::fields-group-more_params',	73,	1,	0,	15,	1,	'Настройки отображения страницы и её поисковой индексации'),
(148,	'rate_props',	'i18n::fields-group-rate_props',	73,	1,	0,	20,	1,	''),
(149,	'svojstva_publikacii',	'i18n::fields-group-svojstva_publikacii',	73,	0,	1,	25,	1,	'Управление статусом публикации'),
(150,	'locks',	'i18n::fields-group-locks',	73,	1,	1,	30,	1,	''),
(151,	'binding',	'i18n::fields-group-Binding',	73,	1,	0,	35,	0,	'Привязать к этой странице форму обратной связи'),
(152,	'sendingdata',	'i18n::fields-group-SendingData',	74,	1,	0,	5,	1,	''),
(153,	'templates',	'i18n::fields-group-Templates',	75,	1,	1,	5,	1,	'Настройки шаблона письма, которое получит администратор сайта при отправке пользователем сообщения через форму обратной связи'),
(154,	'auto_reply',	'i18n::fields-group-auto_reply',	75,	1,	1,	10,	1,	'Настройки шаблона автоответа, который получит пользователь при отправке сообщения через форму обратной связи'),
(155,	'messages',	'i18n::fields-group-messages',	75,	1,	1,	15,	1,	'Сообщение, которое будет отображаться на странице успешной отправки формы обратной связи'),
(156,	'binding',	'i18n::fields-group-Binding',	75,	1,	0,	20,	1,	'Привязка шаблона автоответа к форме обратной связи'),
(157,	'list',	'i18n::fields-group-list',	76,	1,	1,	5,	0,	'Списки адресов получателей формы'),
(158,	'common',	'i18n::fields-group-common',	77,	1,	0,	5,	1,	'Основные настройки фотоальбома'),
(159,	'menu_view',	'i18n::fields-group-menu_view',	77,	1,	0,	10,	1,	''),
(160,	'more_params',	'i18n::fields-group-more_params',	77,	1,	0,	15,	1,	'Настройки отображения страницы и её поисковой индексации'),
(161,	'album_props',	'i18n::fields-group-album_props',	77,	1,	0,	20,	1,	'Основные настройки фотоальбома'),
(162,	'rate_voters',	'i18n::fields-group-rate_voters',	77,	1,	0,	25,	1,	''),
(163,	'svojstva_publikacii',	'i18n::fields-group-svojstva_publikacii',	77,	0,	1,	30,	1,	'Управление статусом публикации'),
(164,	'locks',	'i18n::fields-group-locks',	77,	1,	1,	35,	1,	''),
(165,	'common',	'i18n::fields-group-common',	78,	1,	0,	5,	1,	'Основные настройки фотографии'),
(166,	'menu_view',	'i18n::fields-group-menu_view',	78,	1,	0,	10,	1,	''),
(167,	'more_params',	'i18n::fields-group-more_params',	78,	1,	0,	15,	1,	'Настройки отображения страницы и её поисковой индексации'),
(168,	'photo_props',	'i18n::fields-group-photo_props',	78,	1,	0,	20,	1,	'Основные настройки фотографии'),
(169,	'rate_voters',	'i18n::fields-group-rate_voters',	78,	1,	0,	25,	1,	''),
(170,	'svojstva_publikacii',	'i18n::fields-group-svojstva_publikacii',	78,	0,	1,	30,	1,	'Управление статусом публикации'),
(171,	'locks',	'i18n::fields-group-locks',	78,	1,	1,	35,	1,	''),
(172,	'common',	'i18n::fields-group-common',	79,	1,	0,	5,	1,	'Основные настройки проектов FAQ'),
(173,	'menu_view',	'i18n::fields-group-menu_view',	79,	1,	0,	10,	1,	''),
(174,	'more_params',	'i18n::fields-group-more_params',	79,	1,	0,	15,	1,	'Настройки отображения страницы и её поисковой индексации'),
(175,	'rate_voters',	'i18n::fields-group-rate_voters',	79,	1,	0,	20,	1,	''),
(176,	'svojstva_publikacii',	'i18n::fields-group-svojstva_publikacii',	79,	0,	1,	25,	1,	'Управление статусом публикации'),
(177,	'locks',	'i18n::fields-group-locks',	79,	1,	1,	30,	1,	''),
(178,	'common',	'i18n::fields-group-common',	80,	1,	0,	5,	1,	'Основные настройки категории вопросов'),
(179,	'menu_view',	'i18n::fields-group-menu_view',	80,	1,	0,	10,	1,	''),
(180,	'more_params',	'i18n::fields-group-more_params',	80,	1,	0,	15,	1,	'Настройки отображения страницы и её поисковой индексации'),
(181,	'rate_voters',	'i18n::fields-group-rate_voters',	80,	1,	0,	20,	1,	''),
(182,	'svojstva_publikacii',	'i18n::fields-group-svojstva_publikacii',	80,	0,	1,	25,	1,	'Управление статусом публикации'),
(183,	'locks',	'i18n::fields-group-locks',	80,	1,	1,	30,	1,	''),
(184,	'common',	'i18n::fields-group-common',	81,	1,	0,	5,	1,	'Вопрос пользователя'),
(185,	'menu_view',	'i18n::fields-group-menu_view',	81,	1,	0,	10,	1,	''),
(186,	'more_params',	'i18n::fields-group-more_params',	81,	1,	0,	15,	1,	'Настройки отображения страницы и её поисковой индексации'),
(187,	'svojstva_publikacii',	'i18n::fields-group-svojstva_publikacii',	81,	0,	1,	20,	1,	'Управление статусом публикации'),
(188,	'locks',	'i18n::fields-group-locks',	81,	1,	1,	25,	1,	''),
(189,	'antispam',	'i18n::fields-group-antispam',	81,	1,	1,	30,	0,	'Пометка «Спам» скрывает нежелательные вопросы из категории FAQ'),
(190,	'grp_disp_props',	'i18n::fields-group-grp_disp_props',	82,	1,	1,	5,	0,	'Основные настройки рассылки'),
(191,	'auto_settings',	'i18n::fields-group-auto_mailout_settings',	82,	1,	1,	10,	0,	'Дни недели, в которые будет происходить автоматическая рассылка'),
(192,	'grp_disp_release_props',	'i18n::fields-group-grp_disp_release_props',	83,	1,	1,	5,	0,	'Основные настройки выпуска рассылки'),
(193,	'grp_disp_msg_props',	'i18n::fields-group-grp_disp_msg_props',	84,	1,	0,	5,	0,	'Основные настройки сообщения рассылки'),
(194,	'grp_disp_msg_extended',	'i18n::fields-group-grp_disp_msg_extended',	84,	1,	1,	10,	0,	'Дополнительные настройки сообщения рассылки'),
(195,	'grp_sbs_props',	'i18n::fields-group-grp_sbs_props',	85,	1,	0,	5,	0,	'Основные данные подписчика'),
(196,	'grp_sbs_extended',	'i18n::fields-group-grp_sbs_extended',	85,	1,	1,	10,	0,	'Информация о подписках пользователя'),
(197,	'common',	'i18n::fields-group-common',	86,	1,	0,	5,	1,	'Основные настройки страницы и её расположения в структуре каталога'),
(198,	'menu_view',	'i18n::fields-group-menu_view',	86,	1,	0,	10,	1,	''),
(199,	'more_params',	'i18n::fields-group-more_params',	86,	1,	0,	15,	1,	'Настройки отображения страницы и её поисковой индексации'),
(200,	'dopolnitelno',	'i18n::fields-group-dopolnitelno',	86,	1,	1,	20,	0,	'Управление описаниями раздела каталога'),
(201,	'rate_voters',	'i18n::fields-group-rate_voters',	86,	1,	0,	25,	1,	''),
(202,	'svojstva_publikacii',	'i18n::fields-group-svojstva_publikacii',	86,	0,	1,	30,	1,	'Управление статусом публикации'),
(203,	'locks',	'i18n::fields-group-locks',	86,	1,	1,	35,	1,	''),
(204,	'filter_index',	'i18n::fields-group-filter_index',	86,	1,	0,	40,	1,	''),
(205,	'common',	'i18n::fields-group-common',	87,	1,	0,	5,	1,	'Основные настройки товара'),
(206,	'menu_view',	'i18n::fields-group-menu_view',	87,	1,	0,	10,	1,	''),
(207,	'more_params',	'i18n::fields-group-more_params',	87,	1,	0,	15,	1,	'Настройки отображения страницы и её поисковой индексации'),
(208,	'cenovye_svojstva',	'i18n::fields-group-cenovye_svojstva',	87,	1,	1,	20,	0,	'Ценовые свойства товара'),
(209,	'catalog_option_props',	'i18n::fields-group-option_props',	87,	1,	1,	25,	0,	''),
(210,	'catalog_stores_props',	'i18n::fields-group-stores',	87,	1,	1,	30,	0,	'Количество зарезервированных товаров'),
(211,	'trade_offers',	'i18n::fields-group-trade-offers',	87,	1,	1,	35,	0,	'Торговые предложения и их характеристики'),
(212,	'rate_voters',	'i18n::fields-group-rate_voters',	87,	1,	0,	40,	1,	''),
(213,	'svojstva_publikacii',	'i18n::fields-group-svojstva_publikacii',	87,	0,	1,	45,	1,	'Управление статусом публикации'),
(214,	'locks',	'i18n::fields-group-locks',	87,	1,	1,	50,	1,	''),
(215,	'personal_info',	'i18n::fields-group-personal_info',	88,	1,	1,	5,	0,	''),
(216,	'contact_props',	'i18n::fields-group-contacts',	88,	1,	1,	10,	0,	''),
(217,	'delivery',	'i18n::fields-group-trans_deliver',	88,	1,	0,	15,	0,	''),
(218,	'yuridicheskie_dannye',	'i18n::fields-group-yuridicheskie_dannye',	88,	1,	0,	20,	0,	''),
(219,	'discount_modificator_props',	'i18n::fields-group-discount_modificator_props',	89,	1,	1,	5,	0,	'Размер скидки, который будет вычтен из стоимости заказа'),
(220,	'discount_rule_props',	'i18n::fields-group-discount_rule_props',	90,	1,	1,	5,	0,	'К каким товарам/разделам каталога применять скидку?'),
(221,	'discount_rule_props',	'i18n::fields-group-discount_rule_props',	91,	1,	1,	5,	0,	'Определяет, с какого момента скидка будет действительна'),
(222,	'discount_rule_props',	'i18n::fields-group-discount_rule_props',	92,	1,	1,	5,	0,	'Минимальная стоимость заказа, когда действует скидка'),
(223,	'discount_rule_props',	'i18n::fields-group-discount_rule_props',	93,	1,	1,	5,	0,	'Минимальная сумма стоимости заказов действия скидки'),
(224,	'discount_rule_props',	'i18n::fields-group-discount_rule_props',	94,	1,	1,	5,	0,	'Список групп пользователей, которым будет доступна эта скидка'),
(225,	'discount_rule_props',	'i18n::fields-group-discount_rule_props',	95,	1,	1,	5,	0,	'Список товаров, которые должен положить в корзину пользователь, чтобы пойдействовала скидка'),
(226,	'delivery_description_props',	'i18n::fields-group-delivery_description',	96,	1,	1,	5,	0,	'Если установлено - не будет отображаться на сайте'),
(227,	'delivery_description_props',	'i18n::fields-group-delivery_description',	97,	1,	1,	5,	0,	'Если установлено - не будет отображаться на сайте'),
(228,	'delivery_courier_props',	'i18n::fields-group-delivery_courier_props',	97,	1,	1,	10,	0,	'Стоимость заказа, после которой доставка производится бесплатно'),
(229,	'delivery_description_props',	'i18n::fields-group-delivery_description',	98,	1,	1,	5,	0,	'Если установлено - не будет отображаться на сайте'),
(230,	'settings',	'i18n::fields-group-settings',	98,	1,	1,	10,	0,	'Для EMS'),
(231,	'delivery_description_props',	'i18n::fields-group-delivery_description',	99,	1,	1,	5,	0,	'Общие настройки способа доставки'),
(232,	'settings',	'i18n::fields-group-settings',	99,	1,	1,	10,	1,	'Если установлено - не будет отображаться на сайте'),
(233,	'payment_props',	'i18n::fields-group-payment_props',	100,	1,	1,	5,	0,	'Если установлено - не будет отображаться на сайте'),
(234,	'settings',	'i18n::fields-group-parameters',	100,	1,	1,	10,	0,	''),
(235,	'payment_props',	'i18n::fields-group-payment_props',	101,	1,	1,	5,	0,	'Если установлено - не будет отображаться на сайте'),
(236,	'settings',	'i18n::fields-group-parameters',	101,	1,	1,	10,	0,	'Выдается при регистрации в PayOnline System'),
(237,	'payment_props',	'i18n::fields-group-payment_props',	102,	1,	1,	5,	0,	'Если установлено - не будет отображаться на сайте'),
(238,	'payment_props',	'i18n::fields-group-payment_props',	103,	1,	1,	5,	0,	'Если установлено - не будет отображаться на сайте'),
(239,	'settings',	'i18n::fields-group-parameters',	103,	1,	1,	10,	0,	'используется интерфейсом инициализации оплаты'),
(240,	'payment_props',	'i18n::fields-group-payment_props',	104,	1,	1,	5,	0,	'Если установлено - не будет отображаться на сайте'),
(241,	'settings',	'i18n::fields-group-parameters',	104,	1,	1,	10,	0,	'Номер сайта продавца, на который покупатель должен совершить платеж'),
(242,	'payment_props',	'i18n::fields-group-payment_props',	105,	1,	1,	5,	0,	'Если установлено - не будет отображаться на сайте'),
(243,	'organization',	'i18n::fields-group-organization_data',	105,	1,	1,	10,	0,	''),
(244,	'payment_props',	'i18n::fields-group-payment_props',	106,	1,	1,	5,	0,	'Если установлено - не будет отображаться на сайте'),
(245,	'settings',	'i18n::fields-group-parameters',	106,	1,	1,	10,	0,	'Введите demo.moneta.ru, если у вас включен тестовый режим, либо www.payanyway.ru, если включен боевой режим.'),
(246,	'payment_props',	'i18n::fields-group-payment_props',	107,	1,	1,	5,	0,	'Если установлено - не будет отображаться на сайте'),
(247,	'settings',	'i18n::fields-group-parameters',	107,	1,	1,	10,	0,	'Настройки способа оплаты данного типа'),
(248,	'payment_props',	'i18n::fields-group-payment_props',	108,	1,	1,	5,	0,	'Включить демо-режим'),
(249,	'payment_props',	'i18n::fields-group-payment_props',	109,	1,	1,	5,	0,	'Если установлено - не будет отображаться на сайте'),
(250,	'settings',	'i18n::fields-group-parameters',	109,	1,	1,	10,	0,	'ID магазина'),
(251,	'payment_props',	'i18n::fields-group-payment_props',	110,	1,	1,	5,	0,	'Если установлено - не будет отображаться на сайте'),
(252,	'settings',	'i18n::fields-group-parameters',	110,	1,	1,	10,	0,	'Номер магазина в ЦПП. Выдается ЦПП'),
(253,	'payment_props',	'i18n::fields-group-payment_props',	111,	1,	1,	5,	1,	'Если установлено - не будет отображаться на сайте'),
(254,	'settings',	'i18n::fields-group-parameters',	111,	1,	1,	10,	1,	'Настройки способа оплаты данного типа'),
(255,	'payment_props',	'i18n::fields-group-payment_props',	112,	1,	1,	5,	1,	'Если установлено - не будет отображаться на сайте'),
(256,	'settings',	'i18n::fields-group-parameters',	112,	1,	1,	10,	1,	'Идентификатор вашего магазина в Яндекс.Кассе'),
(257,	'common_props',	'i18n::fields-group-common_props',	113,	1,	1,	5,	1,	''),
(258,	'common',	'i18n::fields-group-common',	114,	1,	0,	5,	1,	'Основные настройки баннера'),
(259,	'redirect_props',	'i18n::fields-group-redirect_props',	114,	1,	0,	10,	1,	'Настройки перехода с баннера'),
(260,	'view_params',	'i18n::fields-group-view_params',	114,	1,	0,	15,	1,	'Статистика и ограничения баннера'),
(261,	'view_pages',	'i18n::fields-group-view_pages',	114,	1,	1,	20,	1,	'Где будет отображаться баннер'),
(262,	'time_targeting',	'i18n::fields-group-time_targeting',	114,	1,	1,	25,	1,	'Таргетинг показов баннера по временным параметрам'),
(263,	'city_targeting',	'i18n::fields-group-city_targeting',	114,	0,	1,	30,	1,	''),
(264,	'view_settings',	'i18n::fields-group-privacy',	114,	1,	1,	35,	0,	'Настройки отображения баннера'),
(265,	'common',	'i18n::fields-group-common',	115,	1,	0,	5,	1,	'Основные настройки баннера'),
(266,	'banner_custom_props',	'i18n::fields-group-banner_custom_props',	115,	1,	1,	10,	1,	'Графические настройки баннера'),
(267,	'redirect_props',	'i18n::fields-group-redirect_props',	115,	1,	0,	15,	1,	'Настройки перехода с баннера'),
(268,	'view_params',	'i18n::fields-group-view_params',	115,	1,	0,	20,	1,	'Статистика и ограничения баннера'),
(269,	'view_pages',	'i18n::fields-group-view_pages',	115,	1,	1,	25,	1,	'Где будет отображаться баннер'),
(270,	'time_targeting',	'i18n::fields-group-time_targeting',	115,	1,	1,	30,	1,	'Таргетинг показов баннера по временным параметрам'),
(271,	'city_targeting',	'i18n::fields-group-city_targeting',	115,	0,	1,	35,	1,	''),
(272,	'view_settings',	'i18n::fields-group-privacy',	115,	1,	1,	40,	0,	'Настройки отображения баннера'),
(273,	'common',	'i18n::fields-group-common',	116,	1,	0,	5,	1,	''),
(274,	'banner_custom_props',	'i18n::fields-group-banner_custom_props',	116,	1,	1,	10,	1,	'Графические настройки баннера'),
(275,	'redirect_props',	'i18n::fields-group-redirect_props',	116,	1,	0,	15,	1,	'Настройки перехода с баннера'),
(276,	'view_params',	'i18n::fields-group-view_params',	116,	1,	0,	20,	1,	'Статистика и ограничения баннера'),
(277,	'view_pages',	'i18n::fields-group-view_pages',	116,	1,	1,	25,	1,	'Где будет отображаться баннер'),
(278,	'time_targeting',	'i18n::fields-group-time_targeting',	116,	1,	1,	30,	1,	'Таргетинг показов баннера по временным параметрам'),
(279,	'city_targeting',	'i18n::fields-group-city_targeting',	116,	0,	1,	35,	1,	''),
(280,	'view_settings',	'i18n::fields-group-privacy',	116,	1,	1,	40,	0,	'Настройки отображения баннера'),
(281,	'common',	'i18n::fields-group-common',	117,	1,	0,	5,	1,	'Основные настройки баннера'),
(282,	'banner_custom_props',	'i18n::fields-group-banner_custom_props',	117,	1,	1,	10,	1,	'Содержимое баннера'),
(283,	'redirect_props',	'i18n::fields-group-redirect_props',	117,	1,	0,	15,	1,	'Настройки перехода с баннера'),
(284,	'view_params',	'i18n::fields-group-view_params',	117,	1,	0,	20,	1,	'Статистика и ограничения баннера'),
(285,	'view_pages',	'i18n::fields-group-view_pages',	117,	1,	1,	25,	1,	'Где будет отображаться баннер'),
(286,	'time_targeting',	'i18n::fields-group-time_targeting',	117,	1,	1,	30,	1,	'Таргетинг показов баннера по временным параметрам'),
(287,	'city_targeting',	'i18n::fields-group-city_targeting',	117,	0,	1,	35,	1,	''),
(288,	'view_settings',	'i18n::fields-group-privacy',	117,	1,	1,	40,	0,	'Настройки отображения баннера'),
(289,	'svojstva',	'i18n::fields-group-props',	118,	1,	1,	5,	0,	''),
(290,	'common',	'i18n::fields-group-props',	119,	1,	1,	5,	0,	'Формат, в который будут перобразованы данные из UMI.CMS'),
(291,	'common',	'i18n::fields-group-props',	120,	1,	1,	5,	0,	'Формат импотрируемых данных'),
(292,	'common',	'i18n::fields-group-common',	121,	1,	0,	5,	1,	'Основные настройки страницы скачиваемого файла'),
(293,	'menu_view',	'i18n::fields-group-menu_view',	121,	1,	0,	10,	1,	''),
(294,	'more_params',	'i18n::fields-group-more_params',	121,	1,	0,	15,	1,	'Настройки отображения страницы и её поисковой индексации'),
(295,	'fs_file_props',	'i18n::fields-group-fs_file_props',	121,	1,	0,	20,	1,	'Свойства скачиваемого файла'),
(296,	'rate_voters',	'i18n::fields-group-rate_voters',	121,	1,	0,	25,	1,	''),
(297,	'svojstva_publikacii',	'i18n::fields-group-svojstva_publikacii',	121,	0,	1,	30,	1,	'Управление статусом публикации'),
(298,	'locks',	'i18n::fields-group-locks',	121,	1,	1,	35,	1,	''),
(299,	'common',	'i18n::fields-group-common_group',	122,	1,	0,	5,	1,	''),
(300,	'common',	'i18n::fields-group-common',	123,	1,	1,	5,	1,	''),
(301,	'common',	'i18n::fields-group-common',	124,	1,	1,	5,	1,	''),
(302,	'common',	'i18n::fields-group-common',	125,	1,	0,	5,	1,	''),
(303,	'menu_view',	'i18n::fields-group-menu_view',	125,	1,	0,	10,	1,	''),
(304,	'more_params',	'i18n::fields-group-more_params',	125,	1,	0,	15,	1,	''),
(305,	'rate_props',	'i18n::fields-group-rate_props',	125,	1,	0,	20,	1,	''),
(306,	'svojstva_publikacii',	'i18n::fields-group-svojstva_publikacii',	125,	0,	1,	25,	1,	''),
(307,	'locks',	'i18n::fields-group-locks',	125,	1,	1,	30,	1,	''),
(308,	'appointment',	'i18n::fields-group-appointment',	125,	1,	1,	35,	1,	''),
(309,	'description',	'i18n::fields-group-props',	126,	1,	1,	5,	1,	''),
(310,	'common_properties',	'i18n::fields-group-props',	120,	1,	1,	10,	0,	'Формат импотрируемых данных'),
(311,	'sendingdata',	'i18n::fields-group-SendingData',	127,	1,	0,	5,	1,	NULL),
(312,	'osnovnoe',	'i18n::fields-group-osnovnoe',	127,	1,	1,	10,	0,	''),
(313,	'payment_props',	'i18n::fields-group-payment_props',	127,	1,	1,	15,	0,	''),
(314,	'settings',	'i18n::fields-group-parameters',	127,	1,	1,	20,	0,	''),
(315,	'common',	'i18n::fields-group-common',	137,	1,	0,	5,	1,	NULL),
(316,	'menu_view',	'i18n::fields-group-menu_view',	137,	1,	0,	10,	1,	NULL),
(317,	'more_params',	'i18n::fields-group-more_params',	137,	1,	0,	15,	1,	NULL),
(318,	'cenovye_svojstva',	'i18n::fields-group-cenovye_svojstva',	137,	1,	1,	20,	0,	NULL),
(319,	'catalog_option_props',	'i18n::fields-group-option_props',	137,	1,	1,	25,	0,	NULL),
(320,	'catalog_stores_props',	'i18n::fields-group-stores',	137,	1,	1,	30,	0,	'Количество зарезервированных товаров'),
(321,	'trade_offers',	'i18n::fields-group-trade-offers',	137,	1,	1,	35,	0,	NULL),
(322,	'rate_voters',	'i18n::fields-group-rate_voters',	137,	1,	0,	40,	1,	NULL),
(323,	'svojstva_publikacii',	'i18n::fields-group-svojstva_publikacii',	137,	0,	1,	45,	1,	NULL),
(324,	'locks',	'i18n::fields-group-locks',	137,	1,	1,	50,	1,	NULL),
(325,	'pictures',	'i18n::fields-group-pictures',	137,	1,	1,	55,	0,	''),
(326,	'descr_grp',	'i18n::fields-group-descr_grp',	137,	1,	1,	60,	0,	''),
(327,	'short_info',	'Краткие характеристики',	137,	1,	1,	65,	0,	''),
(328,	'other_proerties',	'Подробые характеристики',	137,	1,	1,	70,	0,	''),
(329,	'recommend',	'i18n::fields-group-recommend',	137,	1,	1,	75,	0,	''),
(330,	'common',	'i18n::fields-group-common',	138,	1,	0,	5,	1,	NULL),
(331,	'menu_view',	'i18n::fields-group-menu_view',	138,	1,	0,	10,	1,	NULL),
(332,	'more_params',	'i18n::fields-group-more_params',	138,	1,	0,	15,	1,	NULL),
(333,	'cenovye_svojstva',	'i18n::fields-group-cenovye_svojstva',	138,	1,	1,	20,	0,	NULL),
(334,	'catalog_option_props',	'i18n::fields-group-option_props',	138,	1,	1,	25,	0,	NULL),
(335,	'catalog_stores_props',	'i18n::fields-group-stores',	138,	1,	1,	30,	0,	'Количество зарезервированных товаров'),
(336,	'trade_offers',	'i18n::fields-group-trade-offers',	138,	1,	1,	35,	0,	NULL),
(337,	'rate_voters',	'i18n::fields-group-rate_voters',	138,	1,	0,	40,	1,	NULL),
(338,	'svojstva_publikacii',	'i18n::fields-group-svojstva_publikacii',	138,	0,	1,	45,	1,	NULL),
(339,	'locks',	'i18n::fields-group-locks',	138,	1,	1,	50,	1,	NULL),
(340,	'pictures',	'i18n::fields-group-pictures',	138,	1,	1,	55,	0,	''),
(341,	'descr_grp',	'i18n::fields-group-descr_grp',	138,	1,	1,	60,	0,	''),
(342,	'short_info',	'i18n::fields-group-short_user_info',	138,	1,	1,	65,	0,	''),
(343,	'common',	'i18n::fields-group-common',	140,	1,	0,	5,	1,	NULL),
(344,	'menu_view',	'i18n::fields-group-menu_view',	140,	1,	0,	10,	1,	NULL),
(345,	'more_params',	'i18n::fields-group-more_params',	140,	1,	0,	15,	1,	NULL),
(346,	'cenovye_svojstva',	'i18n::fields-group-cenovye_svojstva',	140,	1,	1,	20,	0,	NULL),
(347,	'catalog_option_props',	'i18n::fields-group-option_props',	140,	1,	1,	25,	0,	NULL),
(348,	'catalog_stores_props',	'i18n::fields-group-stores',	140,	1,	1,	30,	0,	'Количество зарезервированных товаров'),
(349,	'trade_offers',	'i18n::fields-group-trade-offers',	140,	1,	1,	35,	0,	NULL),
(350,	'rate_voters',	'i18n::fields-group-rate_voters',	140,	1,	0,	40,	1,	NULL),
(351,	'svojstva_publikacii',	'i18n::fields-group-svojstva_publikacii',	140,	0,	1,	45,	1,	NULL),
(352,	'locks',	'i18n::fields-group-locks',	140,	1,	1,	50,	1,	NULL),
(353,	'pictures',	'i18n::fields-group-pictures',	140,	1,	1,	55,	0,	''),
(354,	'descr_grp',	'i18n::fields-group-descr_grp',	140,	1,	1,	60,	0,	''),
(355,	'short_info',	'i18n::fields-group-short_user_info',	140,	1,	1,	65,	0,	''),
(356,	'item_type_props',	'i18n::fields-group-item_type_props',	141,	1,	1,	5,	0,	'');

DROP TABLE IF EXISTS `cms3_object_field_types`;
CREATE TABLE `cms3_object_field_types` (
  `id` int(10) unsigned NOT NULL AUTO_INCREMENT,
  `name` varchar(64) DEFAULT NULL,
  `data_type` enum('int','string','text','relation','file','img_file','swf_file','bool','date','boolean','wysiwyg','password','tags','symlink','price','formula','float','counter','optioned','video_file','color','link_to_object_type','multiple_image','domain_id','domain_id_list','offer_id_list','offer_id') DEFAULT NULL,
  `is_multiple` tinyint(1) DEFAULT 0,
  `is_unsigned` tinyint(1) DEFAULT 0,
  PRIMARY KEY (`id`),
  KEY `name` (`name`),
  KEY `data_type` (`data_type`),
  KEY `is_multiple` (`is_multiple`),
  KEY `is_unsigned` (`is_unsigned`)
) ENGINE=InnoDB DEFAULT CHARSET=utf8;

INSERT INTO `cms3_object_field_types` (`id`, `name`, `data_type`, `is_multiple`, `is_unsigned`) VALUES
(1,	'i18n::field-type-boolean',	'boolean',	0,	0),
(2,	'i18n::field-type-color',	'color',	0,	0),
(3,	'i18n::field-type-counter',	'counter',	0,	0),
(4,	'i18n::field-type-date',	'date',	0,	0),
(5,	'i18n::field-type-domain-id',	'domain_id',	0,	0),
(6,	'i18n::field-type-domain-id-list',	'domain_id_list',	1,	0),
(7,	'i18n::field-type-file',	'file',	0,	0),
(8,	'i18n::field-type-float',	'float',	0,	0),
(9,	'i18n::field-type-img_file',	'img_file',	0,	0),
(10,	'i18n::field-type-int',	'int',	0,	0),
(11,	'i18n::field-type-link-to-object-type',	'link_to_object_type',	0,	0),
(12,	'i18n::field-type-multiple-image',	'multiple_image',	1,	0),
(13,	'i18n::field-type-offer-id',	'offer_id',	0,	0),
(14,	'i18n::field-type-offer-id-list',	'offer_id_list',	1,	0),
(15,	'i18n::field-type-optioned',	'optioned',	1,	0),
(16,	'i18n::field-type-password',	'password',	0,	0),
(17,	'i18n::field-type-price',	'price',	0,	0),
(18,	'i18n::field-type-relation',	'relation',	0,	0),
(19,	'i18n::field-type-relation-multiple',	'relation',	1,	0),
(20,	'i18n::field-type-string',	'string',	0,	0),
(21,	'i18n::field-type-swf_file',	'swf_file',	0,	0),
(22,	'i18n::field-type-symlink-multiple',	'symlink',	1,	0),
(23,	'i18n::field-type-tags-multiple',	'tags',	1,	0),
(24,	'i18n::field-type-text',	'text',	0,	0),
(25,	'i18n::field-type-video',	'video_file',	0,	0),
(26,	'i18n::field-type-wysiwyg',	'wysiwyg',	0,	0);

DROP TABLE IF EXISTS `cms3_object_files`;
CREATE TABLE `cms3_object_files` (
  `id` int(10) unsigned NOT NULL AUTO_INCREMENT,
  `obj_id` int(10) unsigned DEFAULT NULL,
  `field_id` int(10) unsigned DEFAULT NULL,
  `src` varchar(500) DEFAULT NULL,
  `title` varchar(255) DEFAULT NULL,
  `ord` int(10) unsigned DEFAULT NULL,
  PRIMARY KEY (`id`),
  KEY `load field value` (`obj_id`,`field_id`),
  KEY `field_id` (`field_id`),
  KEY `obj_id` (`obj_id`),
  KEY `ord` (`ord`),
  CONSTRAINT `File object field content to field` FOREIGN KEY (`field_id`) REFERENCES `cms3_object_fields` (`id`) ON DELETE CASCADE,
  CONSTRAINT `File object field content to object` FOREIGN KEY (`obj_id`) REFERENCES `cms3_objects` (`id`) ON DELETE CASCADE
) ENGINE=InnoDB DEFAULT CHARSET=utf8;


DROP TABLE IF EXISTS `cms3_object_images`;
CREATE TABLE `cms3_object_images` (
  `id` int(10) unsigned NOT NULL AUTO_INCREMENT,
  `obj_id` int(10) unsigned DEFAULT NULL,
  `field_id` int(10) unsigned DEFAULT NULL,
  `src` varchar(500) DEFAULT NULL,
  `alt` varchar(255) DEFAULT NULL,
  `title` varchar(255) DEFAULT NULL,
  `ord` int(10) unsigned DEFAULT NULL,
  PRIMARY KEY (`id`),
  KEY `load field value` (`obj_id`,`field_id`),
  KEY `field_id` (`field_id`),
  KEY `obj_id` (`obj_id`),
  KEY `src` (`src`(255)),
  KEY `alt` (`alt`),
  KEY `ord` (`ord`),
  CONSTRAINT `object field content to field` FOREIGN KEY (`field_id`) REFERENCES `cms3_object_fields` (`id`) ON DELETE CASCADE,
  CONSTRAINT `object field content to object` FOREIGN KEY (`obj_id`) REFERENCES `cms3_objects` (`id`) ON DELETE CASCADE
) ENGINE=InnoDB DEFAULT CHARSET=utf8;


DROP TABLE IF EXISTS `cms3_object_offer_id_list`;
CREATE TABLE `cms3_object_offer_id_list` (
  `id` int(10) unsigned NOT NULL AUTO_INCREMENT,
  `obj_id` int(10) unsigned NOT NULL,
  `field_id` int(10) unsigned NOT NULL,
  `offer_id` int(10) unsigned NOT NULL,
  PRIMARY KEY (`id`),
  KEY `cms3_object_offer_id_list load field value` (`obj_id`,`field_id`),
  KEY `cms3_object_offer_id_list field_id` (`field_id`),
  KEY `cms3_object_offer_id_list obj_id` (`obj_id`),
  KEY `cms3_object_offer_id_list offer_id` (`offer_id`),
  CONSTRAINT `cms3_object_offer_id_list field id` FOREIGN KEY (`field_id`) REFERENCES `cms3_object_fields` (`id`) ON DELETE CASCADE,
  CONSTRAINT `cms3_object_offer_id_list object id` FOREIGN KEY (`obj_id`) REFERENCES `cms3_objects` (`id`) ON DELETE CASCADE,
  CONSTRAINT `cms3_object_offer_id_list offer id` FOREIGN KEY (`offer_id`) REFERENCES `cms3_offer_list` (`id`) ON DELETE CASCADE
) ENGINE=InnoDB DEFAULT CHARSET=utf8;


DROP TABLE IF EXISTS `cms3_object_types`;
CREATE TABLE `cms3_object_types` (
  `id` int(10) unsigned NOT NULL AUTO_INCREMENT,
  `guid` varchar(64) DEFAULT NULL,
  `name` varchar(255) DEFAULT NULL,
  `is_locked` tinyint(1) DEFAULT 0,
  `parent_id` int(10) unsigned DEFAULT NULL,
  `is_guidable` tinyint(1) DEFAULT 0,
  `is_public` tinyint(1) DEFAULT 0,
  `hierarchy_type_id` int(10) unsigned DEFAULT NULL,
  `sortable` tinyint(4) DEFAULT 0,
  `domain_id` int(10) unsigned DEFAULT NULL,
  PRIMARY KEY (`id`),
  KEY `hierarchy_type_id` (`hierarchy_type_id`),
  KEY `parent_id` (`parent_id`),
  KEY `is_public` (`is_public`),
  KEY `name` (`name`),
  KEY `is_locked` (`is_locked`),
  KEY `is_guidable` (`is_guidable`),
  KEY `guid` (`guid`),
  KEY `cms3_object_types domain id` (`domain_id`),
  CONSTRAINT `cms3_object_types domain id` FOREIGN KEY (`domain_id`) REFERENCES `cms3_domains` (`id`) ON DELETE SET NULL
) ENGINE=InnoDB DEFAULT CHARSET=utf8;

INSERT INTO `cms3_object_types` (`id`, `guid`, `name`, `is_locked`, `parent_id`, `is_guidable`, `is_public`, `hierarchy_type_id`, `sortable`, `domain_id`) VALUES
(1,	'root-guides-type',	'i18n::object-type-spravochniki',	1,	0,	0,	0,	0,	0,	NULL),
(2,	'de8627f75ba1abcfafd00a0e75ad189105cfdc21',	'i18n::object-type-status_stranicy',	1,	1,	1,	1,	0,	0,	NULL),
(3,	'root-pages-type',	'i18n::object-type-razdel_sajta',	1,	0,	0,	0,	0,	0,	NULL),
(4,	'fe5dbbcea5ce7e2988b8c69bcfdfde8904aabc1f',	'i18n::object-type-pol',	1,	1,	1,	0,	0,	0,	NULL),
(5,	'472b07b9fcf2c2451e8781e944bf5f77cd8457c8',	'i18n::object-type-tip_rss',	1,	1,	1,	1,	0,	0,	NULL),
(6,	'news-rss-source-charset',	'i18n::object-type-news-rss-source-charset',	1,	1,	1,	1,	0,	0,	NULL),
(7,	'news-rubric',	'i18n::object-type-news-rubric',	1,	3,	1,	0,	1,	0,	NULL),
(8,	'12c6fc06c99a462375eeb3f43dfd832b08ca9e17',	'i18n::object-type-rss-lenta',	1,	1,	1,	1,	0,	0,	NULL),
(9,	'banners-banner-swf-quality',	'i18n::object-type-kachestvo_fleshki',	1,	1,	1,	0,	0,	0,	NULL),
(10,	'd69b923df6140a16aefc89546a384e0493641fbe',	'i18n::object-type-strany',	1,	1,	1,	1,	0,	0,	NULL),
(11,	'sytem-citylist',	'i18n::object-type-spisok_gorodov_dlya_geo',	1,	1,	1,	0,	0,	0,	NULL),
(12,	'96e388c0b3b7fd874b48621e850335a8f06ca58d',	'i18n::object-type-price-modifier-field-guide',	1,	1,	1,	1,	0,	0,	NULL),
(13,	'6fe3dfe314684a658c1b19ca7a8e3abd29afe23e',	'i18n::object-type-price-validation-rules-guide',	1,	1,	1,	1,	0,	0,	NULL),
(14,	'cd8b7a4b8bb9bbf442a9d50fa465fe0e9d868a13',	'i18n::object-type-dispatch_type',	1,	1,	1,	0,	0,	0,	NULL),
(15,	'a1496d4ad0a359b6fe93d819e4a2141bd9d9ac35',	'i18n::object-type-carriage_type',	1,	1,	1,	0,	0,	0,	NULL),
(16,	'c9264fc806cdb67dc2080db570871067a6134c2d',	'i18n::object-type-hours',	1,	1,	1,	0,	0,	0,	NULL),
(17,	'd528edaa45e66e08a9ece98272130b42e77cef55',	'i18n::object-type-days',	1,	1,	1,	0,	0,	0,	NULL),
(18,	'blacklist',	'i18n::object-type-blacklist',	1,	1,	1,	1,	0,	0,	NULL),
(19,	'social_categories_vkontakte',	'i18n::object-type-social_categories_vkontakte',	1,	1,	1,	1,	0,	0,	NULL),
(20,	'emarket-payment-signing-types',	'i18n::object-type-signingtypes',	0,	1,	1,	1,	0,	0,	NULL),
(21,	'emarket-currency',	'i18n::object-type-valyuta',	1,	0,	1,	1,	2,	0,	NULL),
(22,	'emarket-order-credit-status',	'i18n::object-type-creditstatuses',	0,	1,	1,	1,	0,	0,	NULL),
(23,	'emarket-mobile-platform',	'i18n::object-type-mobile-platform',	1,	1,	1,	1,	0,	0,	NULL),
(24,	'emarket-mobile-devices',	'i18n::object-type-mobile-devices',	1,	1,	1,	1,	0,	0,	NULL),
(25,	'emarket-purchase-oneclick',	'i18n::object-type-emarket-purchase-oneclick',	1,	1,	1,	0,	0,	0,	NULL),
(26,	'exchange-encodings',	'i18n::object-type-exchange-encodings',	0,	1,	1,	1,	0,	0,	NULL),
(27,	'tax-rate-guide',	'i18n::object-type-tax-rate',	1,	1,	1,	0,	0,	0,	NULL),
(28,	'payment_subject',	'Предмет расчета',	0,	1,	1,	0,	0,	0,	NULL),
(29,	'payment_mode',	'Способ расчета',	0,	1,	1,	0,	0,	0,	NULL),
(30,	'emarket-discounttype',	'i18n::object-type-discounttype',	1,	1,	1,	1,	3,	0,	NULL),
(31,	'emarket-discountmodificatortype',	'i18n::object-type-discountmodificatortype',	1,	1,	1,	1,	4,	0,	NULL),
(32,	'81755a2845e39420c81902a3ce83dff1cfc782e7',	'i18n::object-type-discount_price_modifier',	1,	0,	0,	0,	0,	0,	NULL),
(33,	'emarket-discountruletype',	'i18n::object-type-discountruletype',	1,	1,	1,	1,	5,	0,	NULL),
(34,	'190c4a70068f9453e2320b650e94869a1306adb0',	'i18n::object-type-discountrules',	1,	0,	0,	0,	0,	0,	NULL),
(35,	'exchange-format-import',	'i18n::object-type-import_format',	1,	0,	1,	0,	0,	0,	NULL),
(36,	'exchange-format-export',	'i18n::object-type-export_format',	1,	0,	1,	0,	0,	0,	NULL),
(37,	'social_networks-network',	'i18n::object-type-network',	1,	3,	1,	1,	6,	0,	NULL),
(38,	'social_networks-network-vkontakte',	'Вконтакте',	1,	37,	0,	0,	7,	0,	NULL),
(39,	'users-users',	'i18n::object-type-users-users',	1,	0,	1,	0,	8,	0,	NULL),
(40,	'emarket-deliveryaddress',	'i18n::object-type-eshop-address',	1,	1,	1,	0,	9,	0,	NULL),
(41,	'emarket-itemtype',	'i18n::object-type-itemtype',	1,	1,	1,	1,	10,	0,	NULL),
(42,	'emarket-discount',	'i18n::object-type-discount',	1,	0,	1,	1,	11,	0,	NULL),
(43,	'emarket-itemoption',	'i18n::object-type-itemoption',	1,	1,	1,	1,	12,	0,	NULL),
(44,	'emarket-orderitem',	'i18n::object-type-eshop-order_item',	1,	1,	1,	0,	13,	0,	NULL),
(45,	'emarket-orderstatus',	'i18n::object-type-eshop-order_status',	1,	1,	1,	0,	14,	0,	NULL),
(46,	'emarket-paymenttype',	'i18n::object-type-paymenttype',	1,	1,	1,	0,	15,	0,	NULL),
(47,	'emarket-payment',	'i18n::object-type-payment',	1,	0,	1,	0,	16,	0,	NULL),
(48,	'emarket-orderpaymentstatus',	'i18n::object-type-orderpaymentstatus',	1,	1,	1,	0,	17,	0,	NULL),
(49,	'emarket-legalperson',	'i18n::object-type-legalperson',	1,	1,	1,	0,	18,	0,	NULL),
(50,	'emarket-deliverytype',	'i18n::object-type-deliverytype',	1,	1,	1,	1,	19,	0,	NULL),
(51,	'emarket-delivery',	'i18n::object-type-delivery',	1,	0,	1,	0,	20,	0,	NULL),
(52,	'emarket-orderdeliverystatus',	'i18n::object-type-orderdeliverystatus',	1,	1,	1,	0,	21,	0,	NULL),
(53,	'emarket-order',	'i18n::object-type-order',	1,	0,	1,	0,	22,	0,	NULL),
(54,	'users-user',	'i18n::object-type-users-user',	1,	0,	1,	0,	23,	0,	NULL),
(55,	'emarket-store',	'i18n::object-type-store',	1,	1,	1,	1,	24,	0,	NULL),
(56,	'emarket-discountmodificator-768',	'i18n::object-type-order_summ_percent',	1,	32,	1,	1,	25,	0,	NULL),
(57,	'emarket-discountrule-798',	'i18n::object-type-users_discount',	1,	34,	0,	0,	26,	0,	NULL),
(58,	'menu-menu',	'i18n::object-type-menu',	0,	0,	0,	0,	27,	0,	NULL),
(59,	'news-subject',	'i18n::object-type-news-subject',	1,	1,	1,	1,	28,	0,	NULL),
(60,	'news-item',	'i18n::object-type-news-item',	1,	3,	0,	0,	29,	0,	NULL),
(61,	'content-page',	'i18n::object-type-content-',	1,	3,	0,	0,	30,	0,	NULL),
(62,	'content-ticket',	'i18n::object-type-content-ticket',	1,	0,	0,	0,	31,	0,	NULL),
(63,	'blogs20-blog',	'i18n::object-type-blogs-blog',	1,	3,	1,	0,	32,	0,	NULL),
(64,	'users-author',	'i18n::object-type-users-author',	1,	0,	1,	0,	33,	0,	NULL),
(65,	'blogs20-comment',	'i18n::object-type-blogs20-comment',	1,	3,	1,	0,	34,	0,	NULL),
(66,	'blogs20-post',	'i18n::object-type-blogs20-post',	1,	3,	1,	0,	35,	0,	NULL),
(67,	'forum-conf',	'i18n::object-type-forum-conf',	1,	3,	0,	0,	36,	0,	NULL),
(68,	'forum-topic',	'i18n::object-type-forum-topic',	1,	3,	0,	0,	37,	0,	NULL),
(69,	'forum-message',	'i18n::object-type-forum-message',	1,	3,	0,	0,	38,	0,	NULL),
(70,	'comments-comment',	'i18n::object-type-comments-comment',	1,	3,	0,	0,	39,	0,	NULL),
(71,	'vote-pollitem',	'i18n::object-type-vote-poll_item',	1,	0,	1,	0,	40,	0,	NULL),
(72,	'vote-poll',	'i18n::object-type-vote-poll',	1,	3,	0,	0,	41,	0,	NULL),
(73,	'webforms-page',	'i18n::object-type-webforms-page',	1,	3,	1,	0,	42,	0,	NULL),
(74,	'webforms-form',	'i18n::object-type-webforms-form',	1,	0,	0,	0,	43,	0,	NULL),
(75,	'webforms-template',	'i18n::object-type-webforms-template',	1,	0,	0,	0,	44,	0,	NULL),
(76,	'webforms-address',	'i18n::object-type-webforms-address',	1,	0,	0,	0,	45,	0,	NULL),
(77,	'photoalbum-album',	'i18n::object-type-photoalbum-album',	1,	3,	0,	0,	46,	0,	NULL),
(78,	'photoalbum-photo',	'i18n::object-type-photoalbum-photo',	1,	3,	0,	0,	47,	0,	NULL),
(79,	'faq-project',	'i18n::object-type-faq-project',	1,	3,	0,	1,	48,	0,	NULL),
(80,	'faq-category',	'i18n::object-type-faq-category',	1,	3,	0,	1,	49,	0,	NULL),
(81,	'faq-question',	'i18n::object-type-faq-question',	1,	3,	0,	0,	50,	0,	NULL),
(82,	'dispatches-dispatch',	'i18n::object-type-dispatches-dispatch',	1,	0,	1,	0,	51,	0,	NULL),
(83,	'dispatches-release',	'i18n::object-type-dispatches-release',	1,	0,	1,	0,	52,	0,	NULL),
(84,	'dispatches-message',	'i18n::object-type-dispatches-message',	1,	0,	1,	0,	53,	0,	NULL),
(85,	'dispatches-subscriber',	'i18n::object-type-dispatches-subscriber',	1,	0,	1,	0,	54,	0,	NULL),
(86,	'catalog-category',	'i18n::object-type-catalog-category',	1,	3,	0,	0,	55,	0,	NULL),
(87,	'catalog-object',	'i18n::object-type-catalog-object',	1,	3,	0,	0,	56,	0,	NULL),
(88,	'emarket-customer',	'i18n::object-type-customer',	1,	1,	1,	1,	57,	0,	NULL),
(89,	'emarket-discountmodificator-800',	'i18n::object-type-fixed_discount',	1,	32,	1,	1,	25,	0,	NULL),
(90,	'emarket-discountrule-777',	'i18n::object-type-special_items_discount',	1,	34,	0,	0,	26,	0,	NULL),
(91,	'emarket-discountrule-794',	'i18n::object-type-time_interval',	1,	34,	0,	0,	26,	0,	NULL),
(92,	'emarket-discountrule-795',	'i18n::object-type-order_summ',	1,	34,	0,	0,	26,	0,	NULL),
(93,	'emarket-discountrule-796',	'i18n::object-type-customer_summ',	1,	34,	0,	0,	26,	0,	NULL),
(94,	'emarket-discountrule-797',	'i18n::object-type-users_group_discount',	1,	34,	0,	0,	26,	0,	NULL),
(95,	'emarket-discountrule-799',	'i18n::object-type-related_items_discount',	1,	34,	0,	0,	26,	0,	NULL),
(96,	'emarket-delivery-783',	'i18n::object-type-pickup',	1,	51,	0,	0,	20,	0,	NULL),
(97,	'emarket-delivery-784',	'i18n::object-type-courier_deliver_spb',	1,	51,	0,	0,	20,	0,	NULL),
(98,	'emarket-delivery-808',	'i18n::object-type-mail',	1,	51,	0,	0,	20,	0,	NULL),
(99,	'emarket-delivery-842',	'i18n::object-type-apiship',	1,	51,	0,	0,	20,	0,	NULL),
(100,	'emarket-payment-791',	'i18n::object-type-sales_draft',	1,	47,	0,	0,	16,	0,	NULL),
(101,	'emarket-payment-801',	'i18n::object-type-pay_online',	1,	47,	0,	0,	16,	0,	NULL),
(102,	'emarket-payment-802',	'i18n::object-type-courier',	1,	47,	0,	0,	16,	0,	NULL),
(103,	'emarket-payment-812',	'i18n::object-type-robokassa',	1,	47,	0,	0,	16,	0,	NULL),
(104,	'emarket-payment-813',	'i18n::object-type-rbk_money',	1,	47,	0,	0,	16,	0,	NULL),
(105,	'emarket-payment-816',	'i18n::object-type-legal_person_account',	1,	47,	0,	0,	16,	0,	NULL),
(106,	'emarket-payment-payanyway',	'i18n::object-type-payanyway',	1,	47,	0,	0,	16,	0,	NULL),
(107,	'emarket-payment-dengionline',	'i18n::object-type-dengionline',	1,	47,	0,	0,	16,	0,	NULL),
(108,	'emarket-payment-kvk',	'КупиВКредит',	1,	47,	0,	0,	16,	0,	NULL),
(109,	'emarket-payment-acquiropay',	'i18n::object-type-emarket-payment-acquiropay',	1,	47,	0,	0,	16,	0,	NULL),
(110,	'emarket-payment-yandex30',	'i18n::object-type-emarket-payment-yandex30',	1,	47,	0,	0,	16,	0,	NULL),
(111,	'emarket-payment-paypal',	'i18n::object-type-emarket-payment-paypal',	1,	47,	0,	0,	16,	0,	NULL),
(112,	'emarket-payment-yandex-kassa',	'i18n::object-type-emarket-payment-yandex-kassa',	1,	47,	0,	0,	16,	0,	NULL),
(113,	'banners-place',	'i18n::object-type-banners-place',	1,	1,	1,	0,	58,	0,	NULL),
(114,	'banners-banner',	'i18n::object-type-banners-banner',	1,	0,	0,	0,	59,	0,	NULL),
(115,	'banners-banner-image',	'i18n::object-type-banners-banner-image',	1,	114,	0,	0,	59,	0,	NULL),
(116,	'banners-banner-swf',	'i18n::object-type-banners-banner-swf',	1,	114,	0,	0,	59,	0,	NULL),
(117,	'banners-banner-html',	'i18n::object-type-banners-banner-html',	1,	114,	0,	0,	59,	0,	NULL),
(118,	'users-avatar',	'i18n::object-type-users-avatar',	1,	1,	1,	1,	60,	0,	NULL),
(119,	'exchange-export',	'i18n::object-type-export',	1,	0,	0,	0,	61,	0,	NULL),
(120,	'exchange-import',	'i18n::object-type-import',	1,	0,	0,	0,	62,	0,	NULL),
(121,	'filemanager-sharedfile',	'i18n::object-type-filemanager-shared_file',	1,	3,	0,	0,	63,	0,	NULL),
(122,	'root-settings-type',	'i18n::object-type-root-settings-type',	1,	0,	0,	0,	64,	0,	NULL),
(123,	'ip-blacklist',	'i18n::object-type-ip_blacklist',	1,	1,	1,	1,	65,	0,	NULL),
(124,	'ip-whitelist',	'i18n::object-type-ip_whitelist',	1,	1,	1,	1,	66,	0,	NULL),
(125,	'appointment-page',	'Страница с записью на прием',	1,	3,	0,	0,	67,	0,	NULL),
(126,	'filemanagers',	'i18n::object-type-filemanagers',	1,	1,	1,	1,	0,	0,	NULL),
(127,	'',	'i18n::object-type-payanyway',	1,	74,	0,	0,	43,	0,	NULL),
(128,	'',	'Справочник для поля \"Окрас\"',	0,	1,	1,	1,	0,	0,	1),
(129,	'',	'Справочник для поля \"Вид\"',	0,	1,	1,	1,	0,	0,	1),
(130,	'',	'Справочник для поля \"Пол\"',	0,	1,	1,	1,	0,	0,	1),
(131,	'',	'Справочник для поля \"Тип шерсти\"',	0,	1,	1,	1,	0,	0,	1),
(132,	'',	'Справочник для поля \"Количество лап\"',	0,	1,	1,	1,	0,	0,	1),
(133,	'',	'Справочник для поля \"Характер\"',	0,	1,	1,	1,	0,	0,	1),
(134,	'',	'Справочник для поля \"Дружелюбность\"',	0,	1,	1,	1,	0,	0,	1),
(135,	'',	'Справочник для поля \"Кулинарные предпочтения\"',	0,	1,	1,	1,	0,	0,	1),
(136,	'',	'Справочник для поля \"Интегрируемость в колесо\"',	0,	1,	1,	1,	0,	0,	1),
(137,	'',	'i18n::object-type-catalog-object-good-hamster',	0,	87,	0,	0,	56,	0,	1),
(138,	'',	'i18n::object-type-catalog-object-good-kolesa',	0,	87,	0,	0,	56,	0,	1),
(139,	'',	'i18n::object-type-tip_povodka',	0,	1,	1,	1,	0,	0,	1),
(140,	'',	'i18n::object-type-catalog-object-good-povodki',	0,	87,	0,	0,	56,	0,	1),
(141,	'',	'i18n::object-type-itemtype',	1,	1,	1,	1,	0,	0,	NULL);

DROP TABLE IF EXISTS `cms3_object_type_tree`;
CREATE TABLE `cms3_object_type_tree` (
  `id` int(10) unsigned NOT NULL AUTO_INCREMENT,
  `parent_id` int(10) unsigned DEFAULT NULL,
  `child_id` int(10) unsigned DEFAULT NULL,
  `level` int(10) unsigned DEFAULT NULL,
  PRIMARY KEY (`id`),
  UNIQUE KEY `unique parent-child object type relation` (`parent_id`,`child_id`),
  KEY `Object type id from child_id` (`child_id`),
  CONSTRAINT `Object type id from child_id` FOREIGN KEY (`child_id`) REFERENCES `cms3_object_types` (`id`) ON DELETE CASCADE ON UPDATE CASCADE,
  CONSTRAINT `Object type id from parent_id` FOREIGN KEY (`parent_id`) REFERENCES `cms3_object_types` (`id`) ON DELETE CASCADE ON UPDATE CASCADE
) ENGINE=InnoDB DEFAULT CHARSET=utf8;

INSERT INTO `cms3_object_type_tree` (`id`, `parent_id`, `child_id`, `level`) VALUES
(1,	NULL,	1,	0),
(2,	NULL,	2,	1),
(3,	1,	2,	1),
(4,	NULL,	3,	0),
(5,	NULL,	4,	1),
(6,	1,	4,	1),
(7,	NULL,	5,	1),
(8,	1,	5,	1),
(9,	NULL,	6,	1),
(10,	1,	6,	1),
(11,	NULL,	7,	1),
(12,	3,	7,	1),
(13,	NULL,	8,	1),
(14,	1,	8,	1),
(15,	NULL,	9,	1),
(16,	1,	9,	1),
(17,	NULL,	10,	1),
(18,	1,	10,	1),
(19,	NULL,	11,	1),
(20,	1,	11,	1),
(21,	NULL,	12,	1),
(22,	1,	12,	1),
(23,	NULL,	13,	1),
(24,	1,	13,	1),
(25,	NULL,	14,	1),
(26,	1,	14,	1),
(27,	NULL,	15,	1),
(28,	1,	15,	1),
(29,	NULL,	16,	1),
(30,	1,	16,	1),
(31,	NULL,	17,	1),
(32,	1,	17,	1),
(33,	NULL,	18,	1),
(34,	1,	18,	1),
(35,	NULL,	19,	1),
(36,	1,	19,	1),
(37,	NULL,	20,	1),
(38,	1,	20,	1),
(39,	NULL,	21,	0),
(40,	NULL,	22,	1),
(41,	1,	22,	1),
(42,	NULL,	23,	1),
(43,	1,	23,	1),
(44,	NULL,	24,	1),
(45,	1,	24,	1),
(46,	NULL,	25,	1),
(47,	1,	25,	1),
(48,	NULL,	26,	1),
(49,	1,	26,	1),
(50,	NULL,	27,	1),
(51,	1,	27,	1),
(52,	NULL,	28,	1),
(53,	1,	28,	1),
(54,	NULL,	29,	1),
(55,	1,	29,	1),
(56,	NULL,	30,	1),
(57,	1,	30,	1),
(58,	NULL,	31,	1),
(59,	1,	31,	1),
(60,	NULL,	32,	0),
(61,	NULL,	33,	1),
(62,	1,	33,	1),
(63,	NULL,	34,	0),
(64,	NULL,	35,	0),
(65,	NULL,	36,	0),
(66,	NULL,	37,	1),
(67,	3,	37,	1),
(68,	NULL,	38,	2),
(69,	3,	38,	2),
(70,	37,	38,	2),
(71,	NULL,	39,	0),
(72,	NULL,	40,	1),
(73,	1,	40,	1),
(74,	NULL,	41,	1),
(75,	1,	41,	1),
(76,	NULL,	42,	0),
(77,	NULL,	43,	1),
(78,	1,	43,	1),
(79,	NULL,	44,	1),
(80,	1,	44,	1),
(81,	NULL,	45,	1),
(82,	1,	45,	1),
(83,	NULL,	46,	1),
(84,	1,	46,	1),
(85,	NULL,	47,	0),
(86,	NULL,	48,	1),
(87,	1,	48,	1),
(88,	NULL,	49,	1),
(89,	1,	49,	1),
(90,	NULL,	50,	1),
(91,	1,	50,	1),
(92,	NULL,	51,	0),
(93,	NULL,	52,	1),
(94,	1,	52,	1),
(95,	NULL,	53,	0),
(96,	NULL,	54,	0),
(97,	NULL,	55,	1),
(98,	1,	55,	1),
(99,	NULL,	56,	1),
(100,	32,	56,	1),
(101,	NULL,	57,	1),
(102,	34,	57,	1),
(103,	NULL,	58,	0),
(104,	NULL,	59,	1),
(105,	1,	59,	1),
(106,	NULL,	60,	1),
(107,	3,	60,	1),
(108,	NULL,	61,	1),
(109,	3,	61,	1),
(110,	NULL,	62,	0),
(111,	NULL,	63,	1),
(112,	3,	63,	1),
(113,	NULL,	64,	0),
(114,	NULL,	65,	1),
(115,	3,	65,	1),
(116,	NULL,	66,	1),
(117,	3,	66,	1),
(118,	NULL,	67,	1),
(119,	3,	67,	1),
(120,	NULL,	68,	1),
(121,	3,	68,	1),
(122,	NULL,	69,	1),
(123,	3,	69,	1),
(124,	NULL,	70,	1),
(125,	3,	70,	1),
(126,	NULL,	71,	0),
(127,	NULL,	72,	1),
(128,	3,	72,	1),
(129,	NULL,	73,	1),
(130,	3,	73,	1),
(131,	NULL,	74,	0),
(132,	NULL,	75,	0),
(133,	NULL,	76,	0),
(134,	NULL,	77,	1),
(135,	3,	77,	1),
(136,	NULL,	78,	1),
(137,	3,	78,	1),
(138,	NULL,	79,	1),
(139,	3,	79,	1),
(140,	NULL,	80,	1),
(141,	3,	80,	1),
(142,	NULL,	81,	1),
(143,	3,	81,	1),
(144,	NULL,	82,	0),
(145,	NULL,	83,	0),
(146,	NULL,	84,	0),
(147,	NULL,	85,	0),
(148,	NULL,	86,	1),
(149,	3,	86,	1),
(150,	NULL,	87,	1),
(151,	3,	87,	1),
(152,	NULL,	88,	1),
(153,	1,	88,	1),
(154,	NULL,	89,	1),
(155,	32,	89,	1),
(156,	NULL,	90,	1),
(157,	34,	90,	1),
(158,	NULL,	91,	1),
(159,	34,	91,	1),
(160,	NULL,	92,	1),
(161,	34,	92,	1),
(162,	NULL,	93,	1),
(163,	34,	93,	1),
(164,	NULL,	94,	1),
(165,	34,	94,	1),
(166,	NULL,	95,	1),
(167,	34,	95,	1),
(168,	NULL,	96,	1),
(169,	51,	96,	1),
(170,	NULL,	97,	1),
(171,	51,	97,	1),
(172,	NULL,	98,	1),
(173,	51,	98,	1),
(174,	NULL,	99,	1),
(175,	51,	99,	1),
(176,	NULL,	100,	1),
(177,	47,	100,	1),
(178,	NULL,	101,	1),
(179,	47,	101,	1),
(180,	NULL,	102,	1),
(181,	47,	102,	1),
(182,	NULL,	103,	1),
(183,	47,	103,	1),
(184,	NULL,	104,	1),
(185,	47,	104,	1),
(186,	NULL,	105,	1),
(187,	47,	105,	1),
(188,	NULL,	106,	1),
(189,	47,	106,	1),
(190,	NULL,	107,	1),
(191,	47,	107,	1),
(192,	NULL,	108,	1),
(193,	47,	108,	1),
(194,	NULL,	109,	1),
(195,	47,	109,	1),
(196,	NULL,	110,	1),
(197,	47,	110,	1),
(198,	NULL,	111,	1),
(199,	47,	111,	1),
(200,	NULL,	112,	1),
(201,	47,	112,	1),
(202,	NULL,	113,	1),
(203,	1,	113,	1),
(204,	NULL,	114,	0),
(205,	NULL,	115,	1),
(206,	114,	115,	1),
(207,	NULL,	116,	1),
(208,	114,	116,	1),
(209,	NULL,	117,	1),
(210,	114,	117,	1),
(211,	NULL,	118,	1),
(212,	1,	118,	1),
(213,	NULL,	119,	0),
(214,	NULL,	120,	0),
(215,	NULL,	121,	1),
(216,	3,	121,	1),
(217,	NULL,	122,	0),
(218,	NULL,	123,	1),
(219,	1,	123,	1),
(220,	NULL,	124,	1),
(221,	1,	124,	1),
(222,	NULL,	125,	1),
(223,	3,	125,	1),
(224,	NULL,	126,	1),
(225,	1,	126,	1),
(226,	NULL,	127,	1),
(227,	74,	127,	1),
(228,	NULL,	128,	1),
(229,	1,	128,	1),
(230,	NULL,	129,	1),
(231,	1,	129,	1),
(232,	NULL,	130,	1),
(233,	1,	130,	1),
(234,	NULL,	131,	1),
(235,	1,	131,	1),
(236,	NULL,	132,	1),
(237,	1,	132,	1),
(238,	NULL,	133,	1),
(239,	1,	133,	1),
(240,	NULL,	134,	1),
(241,	1,	134,	1),
(242,	NULL,	135,	1),
(243,	1,	135,	1),
(244,	NULL,	136,	1),
(245,	1,	136,	1),
(246,	NULL,	137,	2),
(247,	3,	137,	2),
(248,	87,	137,	2),
(249,	NULL,	138,	2),
(250,	3,	138,	2),
(251,	87,	138,	2),
(252,	NULL,	139,	1),
(253,	1,	139,	1),
(254,	NULL,	140,	2),
(255,	3,	140,	2),
(256,	87,	140,	2),
(257,	NULL,	141,	1),
(258,	1,	141,	1);

DROP TABLE IF EXISTS `cms3_offer_list`;
CREATE TABLE `cms3_offer_list` (
  `id` int(10) unsigned NOT NULL AUTO_INCREMENT,
  `type_id` int(10) unsigned NOT NULL,
  `data_object_id` int(10) unsigned DEFAULT NULL,
  `name` varchar(255) DEFAULT NULL,
  `vendor_code` varchar(255) DEFAULT NULL,
  `bar_code` varchar(255) DEFAULT NULL,
  `total_count` bigint(20) unsigned DEFAULT 0,
  `is_active` tinyint(1) DEFAULT 1,
  `order` bigint(20) unsigned DEFAULT 0,
  `weight` bigint(20) unsigned DEFAULT 0,
  `width` bigint(20) unsigned DEFAULT 0,
  `length` bigint(20) unsigned DEFAULT 0,
  `height` bigint(20) unsigned DEFAULT 0,
  PRIMARY KEY (`id`),
  UNIQUE KEY `vendor_code` (`vendor_code`),
  KEY `offer to type id` (`type_id`),
  KEY `offer to data object id` (`data_object_id`),
  CONSTRAINT `offer to data object id` FOREIGN KEY (`data_object_id`) REFERENCES `cms3_objects` (`id`) ON DELETE SET NULL ON UPDATE CASCADE,
  CONSTRAINT `offer to type id` FOREIGN KEY (`type_id`) REFERENCES `cms3_object_types` (`id`) ON DELETE CASCADE ON UPDATE CASCADE
) ENGINE=InnoDB DEFAULT CHARSET=utf8;


DROP TABLE IF EXISTS `cms3_offer_price_list`;
CREATE TABLE `cms3_offer_price_list` (
  `id` int(10) unsigned NOT NULL AUTO_INCREMENT,
  `value` double unsigned NOT NULL,
  `offer_id` int(10) unsigned NOT NULL,
  `currency_id` int(10) unsigned NOT NULL,
  `type_id` int(10) unsigned NOT NULL,
  `is_main` tinyint(1) DEFAULT 0,
  PRIMARY KEY (`id`),
  KEY `offer price to offer` (`offer_id`),
  KEY `offer price to currency` (`currency_id`),
  KEY `offer price to type` (`type_id`),
  CONSTRAINT `offer price to currency` FOREIGN KEY (`currency_id`) REFERENCES `cms3_objects` (`id`) ON DELETE CASCADE ON UPDATE CASCADE,
  CONSTRAINT `offer price to offer` FOREIGN KEY (`offer_id`) REFERENCES `cms3_offer_list` (`id`) ON DELETE CASCADE ON UPDATE CASCADE,
  CONSTRAINT `offer price to type` FOREIGN KEY (`type_id`) REFERENCES `cms3_offer_price_type_list` (`id`) ON DELETE CASCADE ON UPDATE CASCADE
) ENGINE=InnoDB DEFAULT CHARSET=utf8;


DROP TABLE IF EXISTS `cms3_offer_price_type_list`;
CREATE TABLE `cms3_offer_price_type_list` (
  `id` int(10) unsigned NOT NULL AUTO_INCREMENT,
  `name` varchar(255) NOT NULL,
  `title` varchar(255) NOT NULL,
  `is_default` tinyint(1) DEFAULT 0,
  PRIMARY KEY (`id`),
  UNIQUE KEY `name` (`name`)
) ENGINE=InnoDB DEFAULT CHARSET=utf8;

INSERT INTO `cms3_offer_price_type_list` (`id`, `name`, `title`, `is_default`) VALUES
(1,	'default',	'Основная',	1);

DROP TABLE IF EXISTS `cms3_permissions`;
CREATE TABLE `cms3_permissions` (
  `level` tinyint(4) DEFAULT NULL,
  `owner_id` int(10) unsigned DEFAULT NULL,
  `rel_id` int(10) unsigned DEFAULT NULL,
  KEY `owner reference_FK` (`owner_id`),
  KEY `rel reference_FK` (`rel_id`),
  KEY `level` (`level`),
  CONSTRAINT `FK_owner reference` FOREIGN KEY (`owner_id`) REFERENCES `cms3_objects` (`id`) ON DELETE CASCADE ON UPDATE CASCADE,
  CONSTRAINT `FK_rel reference` FOREIGN KEY (`rel_id`) REFERENCES `cms3_hierarchy` (`id`) ON DELETE CASCADE ON UPDATE CASCADE
) ENGINE=InnoDB DEFAULT CHARSET=utf8;

INSERT INTO `cms3_permissions` (`level`, `owner_id`, `rel_id`) VALUES
(1,	618,	1),
(1,	618,	2),
(1,	618,	3),
(1,	618,	4),
(1,	618,	5),
(1,	618,	6),
(1,	618,	7),
(1,	618,	8),
(1,	618,	9),
(1,	618,	10),
(1,	618,	11),
(1,	618,	12),
(2,	182,	12),
(1,	618,	13),
(1,	618,	14),
(1,	618,	15),
(1,	618,	16),
(1,	618,	17),
(1,	618,	18),
(1,	618,	19),
(1,	618,	20),
(1,	618,	21),
(1,	618,	22),
(1,	618,	23),
(1,	618,	24),
(1,	618,	25),
(1,	618,	26),
(1,	618,	27),
(1,	618,	28),
(1,	618,	29),
(1,	618,	30),
(1,	618,	31),
(1,	618,	32),
(1,	618,	33),
(1,	618,	34),
(1,	618,	35),
(1,	618,	36),
(1,	618,	37),
(1,	618,	38),
(1,	618,	39),
(1,	618,	40),
(1,	618,	41),
(1,	618,	42),
(1,	618,	43),
(1,	618,	44),
(1,	618,	45),
(1,	618,	46),
(1,	618,	47),
(1,	618,	48),
(1,	618,	49),
(1,	618,	50),
(1,	618,	51),
(1,	618,	52),
(1,	618,	53),
(1,	618,	54),
(1,	618,	55),
(1,	618,	56),
(1,	618,	57),
(1,	618,	58),
(1,	618,	59),
(1,	618,	60),
(1,	618,	61),
(1,	618,	62),
(1,	618,	63),
(1,	618,	64),
(1,	618,	65),
(1,	618,	66),
(1,	618,	67);

DROP TABLE IF EXISTS `cms3_redirects`;
CREATE TABLE `cms3_redirects` (
  `id` int(11) NOT NULL AUTO_INCREMENT,
  `source` text NOT NULL,
  `target` text NOT NULL,
  `status` int(10) unsigned DEFAULT 301,
  `made_by_user` tinyint(1) unsigned NOT NULL DEFAULT 0,
  PRIMARY KEY (`id`),
  KEY `source` (`source`(255))
) ENGINE=InnoDB DEFAULT CHARSET=utf8;


DROP TABLE IF EXISTS `cms3_search`;
CREATE TABLE `cms3_search` (
  `rel_id` int(10) unsigned NOT NULL,
  `indextime` int(11) DEFAULT NULL,
  `lang_id` int(11) DEFAULT NULL,
  `domain_id` int(11) DEFAULT NULL,
  `type_id` int(11) DEFAULT NULL,
  PRIMARY KEY (`rel_id`),
  KEY `lang_id + domain_id + type_id_FK` (`lang_id`,`domain_id`,`type_id`),
  KEY `domain_id` (`domain_id`,`type_id`),
  KEY `indextime` (`indextime`),
  KEY `type_id` (`type_id`)
) ENGINE=InnoDB DEFAULT CHARSET=utf8;

INSERT INTO `cms3_search` (`rel_id`, `indextime`, `lang_id`, `domain_id`, `type_id`) VALUES
(1,	1566306054,	1,	1,	56),
(2,	1566306054,	1,	1,	55),
(3,	1566306054,	1,	1,	30),
(4,	1566306054,	1,	1,	30),
(5,	1566306054,	1,	1,	1),
(6,	1566306054,	1,	1,	30),
(7,	1566306054,	1,	1,	48),
(8,	1566306054,	1,	1,	46),
(9,	1566306054,	1,	1,	41),
(10,	1566306054,	1,	1,	30),
(11,	1566306054,	1,	1,	55),
(12,	1566306054,	1,	1,	32),
(13,	1566306054,	1,	1,	1),
(14,	1566306055,	1,	1,	30),
(15,	1566306055,	1,	1,	30),
(16,	1566306055,	1,	1,	38),
(17,	1566306055,	1,	1,	37),
(18,	1566306055,	1,	1,	36),
(19,	1566306055,	1,	1,	38),
(20,	1566306055,	1,	1,	37),
(21,	1566306055,	1,	1,	36),
(22,	1566306055,	1,	1,	29),
(23,	1566306055,	1,	1,	1),
(24,	1566306055,	1,	1,	29),
(25,	1566306055,	1,	1,	29),
(26,	1566306055,	1,	1,	39),
(27,	1566306055,	1,	1,	29),
(28,	1566306055,	1,	1,	29),
(29,	1566306055,	1,	1,	29),
(30,	1566306055,	1,	1,	29),
(31,	1566306055,	1,	1,	49),
(32,	1566306055,	1,	1,	50),
(33,	1566306055,	1,	1,	50),
(36,	1566306055,	1,	1,	47),
(37,	1566306055,	1,	1,	47),
(38,	1566306055,	1,	1,	47),
(39,	1566306055,	1,	1,	47),
(40,	1566306055,	1,	1,	47),
(41,	1566306055,	1,	1,	63),
(42,	1566306055,	1,	1,	55),
(43,	1566306055,	1,	1,	56),
(44,	1566306055,	1,	1,	55),
(45,	1566306055,	1,	1,	56),
(46,	1566306055,	1,	1,	56),
(47,	1566306055,	1,	1,	56),
(48,	1566306055,	1,	1,	56),
(49,	1566306055,	1,	1,	56),
(50,	1566306055,	1,	1,	55),
(51,	1566306055,	1,	1,	56),
(52,	1566306055,	1,	1,	56),
(53,	1566306055,	1,	1,	56),
(54,	1566306055,	1,	1,	56),
(55,	1566306055,	1,	1,	39),
(56,	1566306055,	1,	1,	39),
(57,	1566306055,	1,	1,	39),
(59,	1566306055,	1,	1,	56),
(60,	1566306055,	1,	1,	35),
(61,	1566306055,	1,	1,	38),
(62,	1566306055,	1,	1,	37),
(63,	1566306055,	1,	1,	38),
(64,	1566306055,	1,	1,	38),
(65,	1566306055,	1,	1,	38),
(66,	1566306055,	1,	1,	29),
(67,	1566306055,	1,	1,	30);

DROP TABLE IF EXISTS `cms3_search_index`;
CREATE TABLE `cms3_search_index` (
  `rel_id` int(10) unsigned DEFAULT NULL,
  `weight` int(11) DEFAULT NULL,
  `word_id` int(10) unsigned DEFAULT NULL,
  `tf` float DEFAULT NULL,
  KEY `pages to index_FK` (`rel_id`),
  KEY `word index_FK` (`word_id`),
  KEY `weight` (`weight`),
  KEY `tf` (`tf`)
) ENGINE=InnoDB DEFAULT CHARSET=utf8;

INSERT INTO `cms3_search_index` (`rel_id`, `weight`, `word_id`, `tf`) VALUES
(1,	5,	1,	0.357143),
(1,	5,	2,	0.357143),
(1,	1,	3,	0.0714286),
(1,	1,	4,	0.0714286),
(1,	1,	5,	0.0714286),
(1,	1,	6,	0.0714286),
(3,	5,	7,	0.192308),
(3,	5,	8,	0.192308),
(3,	1,	9,	0.0384615),
(3,	1,	10,	0.0384615),
(3,	1,	11,	0.0384615),
(3,	1,	12,	0.0384615),
(3,	1,	13,	0.0384615),
(3,	1,	14,	0.0384615),
(3,	1,	15,	0.0384615),
(4,	5,	16,	0.625),
(5,	5,	17,	0.5),
(5,	5,	18,	0.5),
(6,	10,	19,	0.434783),
(6,	10,	20,	0.434783),
(7,	5,	21,	0.294118),
(7,	6,	11,	0.352941),
(7,	1,	22,	0.0588235),
(7,	1,	23,	0.0588235),
(7,	1,	24,	0.0588235),
(8,	5,	25,	0.5),
(8,	1,	26,	0.1),
(8,	1,	27,	0.1),
(8,	1,	28,	0.1),
(9,	1,	29,	0.2),
(9,	1,	30,	0.2),
(9,	1,	31,	0.2),
(9,	1,	32,	0.2),
(10,	6,	33,	0.230769),
(10,	2,	34,	0.0769231),
(10,	1,	35,	0.0384615),
(10,	1,	36,	0.0384615),
(10,	1,	37,	0.0384615),
(10,	1,	38,	0.0384615),
(10,	1,	39,	0.0384615),
(10,	1,	40,	0.0384615),
(11,	10,	41,	0.5),
(11,	10,	42,	0.5),
(12,	5,	43,	0.5),
(12,	5,	44,	0.5),
(13,	5,	45,	1),
(14,	5,	46,	0.027933),
(14,	5,	47,	0.027933),
(14,	1,	48,	0.00558659),
(14,	2,	49,	0.0111732),
(14,	2,	50,	0.0111732),
(14,	2,	51,	0.0111732),
(14,	1,	52,	0.00558659),
(14,	1,	53,	0.00558659),
(14,	1,	54,	0.00558659),
(14,	1,	55,	0.00558659),
(14,	5,	56,	0.027933),
(14,	6,	11,	0.0335196),
(14,	1,	57,	0.00558659),
(14,	1,	58,	0.00558659),
(14,	2,	59,	0.0111732),
(14,	1,	60,	0.00558659),
(14,	1,	61,	0.00558659),
(14,	1,	62,	0.00558659),
(14,	1,	63,	0.00558659),
(14,	1,	64,	0.00558659),
(14,	1,	65,	0.00558659),
(14,	1,	66,	0.00558659),
(14,	2,	67,	0.0111732),
(14,	1,	68,	0.00558659),
(14,	1,	69,	0.00558659),
(14,	1,	70,	0.00558659),
(14,	1,	71,	0.00558659),
(14,	1,	72,	0.00558659),
(14,	1,	73,	0.00558659),
(14,	1,	74,	0.00558659),
(14,	1,	75,	0.00558659),
(14,	1,	76,	0.00558659),
(14,	1,	77,	0.00558659),
(14,	1,	78,	0.00558659),
(14,	1,	79,	0.00558659),
(14,	1,	80,	0.00558659),
(14,	1,	81,	0.00558659),
(14,	2,	82,	0.0111732),
(14,	1,	83,	0.00558659),
(14,	1,	17,	0.00558659),
(14,	1,	84,	0.00558659),
(14,	1,	85,	0.00558659),
(14,	1,	86,	0.00558659),
(14,	1,	87,	0.00558659),
(14,	1,	88,	0.00558659),
(14,	2,	89,	0.0111732),
(14,	1,	90,	0.00558659),
(14,	1,	91,	0.00558659),
(14,	1,	92,	0.00558659),
(14,	1,	93,	0.00558659),
(14,	1,	94,	0.00558659),
(14,	1,	95,	0.00558659),
(14,	1,	96,	0.00558659),
(14,	1,	97,	0.00558659),
(14,	1,	98,	0.00558659),
(14,	1,	99,	0.00558659),
(14,	1,	100,	0.00558659),
(14,	1,	101,	0.00558659),
(14,	1,	102,	0.00558659),
(14,	1,	103,	0.00558659),
(14,	1,	104,	0.00558659),
(14,	1,	105,	0.00558659),
(14,	1,	106,	0.00558659),
(14,	1,	107,	0.00558659),
(14,	1,	108,	0.00558659),
(14,	1,	109,	0.00558659),
(14,	1,	110,	0.00558659),
(14,	1,	111,	0.00558659),
(14,	1,	112,	0.00558659),
(14,	1,	113,	0.00558659),
(14,	1,	114,	0.00558659),
(14,	1,	115,	0.00558659),
(14,	1,	116,	0.00558659),
(14,	1,	117,	0.00558659),
(14,	1,	118,	0.00558659),
(14,	1,	119,	0.00558659),
(14,	1,	120,	0.00558659),
(14,	1,	121,	0.00558659),
(14,	1,	122,	0.00558659),
(14,	1,	123,	0.00558659),
(14,	1,	124,	0.00558659),
(14,	2,	125,	0.0111732),
(14,	2,	126,	0.0111732),
(14,	1,	127,	0.00558659),
(14,	1,	128,	0.00558659),
(14,	1,	129,	0.00558659),
(14,	1,	130,	0.00558659),
(14,	1,	131,	0.00558659),
(14,	1,	132,	0.00558659),
(14,	1,	133,	0.00558659),
(14,	1,	134,	0.00558659),
(14,	1,	135,	0.00558659),
(14,	1,	136,	0.00558659),
(14,	1,	43,	0.00558659),
(14,	1,	137,	0.00558659),
(14,	1,	138,	0.00558659),
(14,	1,	139,	0.00558659),
(14,	1,	140,	0.00558659),
(14,	1,	141,	0.00558659),
(14,	1,	142,	0.00558659),
(14,	1,	143,	0.00558659),
(14,	1,	144,	0.00558659),
(14,	1,	145,	0.00558659),
(14,	1,	146,	0.00558659),
(14,	1,	147,	0.00558659),
(14,	1,	148,	0.00558659),
(14,	1,	149,	0.00558659),
(14,	1,	150,	0.00558659),
(14,	1,	151,	0.00558659),
(14,	1,	152,	0.00558659),
(14,	1,	153,	0.00558659),
(14,	1,	154,	0.00558659),
(14,	1,	155,	0.00558659),
(14,	1,	156,	0.00558659),
(14,	1,	157,	0.00558659),
(14,	1,	158,	0.00558659),
(14,	1,	159,	0.00558659),
(14,	1,	160,	0.00558659),
(15,	16,	161,	0.695652),
(16,	10,	162,	0.178571),
(16,	11,	163,	0.196429),
(16,	1,	164,	0.0178571),
(16,	1,	165,	0.0178571),
(17,	10,	162,	0.2),
(17,	10,	163,	0.2),
(18,	5,	166,	0.263158),
(18,	1,	167,	0.0526316),
(18,	1,	168,	0.0526316),
(18,	1,	169,	0.0526316),
(18,	1,	17,	0.0526316),
(18,	1,	170,	0.0526316),
(18,	1,	171,	0.0526316),
(18,	1,	172,	0.0526316),
(18,	1,	173,	0.0526316),
(18,	1,	174,	0.0526316),
(18,	1,	175,	0.0526316),
(19,	11,	176,	0.186441),
(19,	11,	177,	0.186441),
(19,	11,	178,	0.186441),
(19,	1,	179,	0.0169492),
(19,	1,	180,	0.0169492),
(19,	1,	181,	0.0169492),
(19,	1,	182,	0.0169492),
(19,	1,	183,	0.0169492),
(19,	1,	59,	0.0169492),
(19,	1,	184,	0.0169492),
(19,	1,	185,	0.0169492),
(19,	1,	186,	0.0169492),
(19,	1,	187,	0.0169492),
(20,	10,	176,	0.25),
(20,	10,	177,	0.25),
(20,	10,	178,	0.25),
(21,	5,	176,	0.208333),
(21,	5,	177,	0.208333),
(21,	1,	167,	0.0416667),
(21,	1,	188,	0.0416667),
(21,	1,	189,	0.0416667),
(21,	1,	190,	0.0416667),
(21,	1,	191,	0.0416667),
(21,	1,	192,	0.0416667),
(22,	5,	18,	0.25),
(22,	5,	193,	0.25),
(22,	5,	194,	0.25),
(23,	5,	18,	0.5),
(23,	5,	195,	0.5),
(24,	5,	18,	0.5),
(24,	5,	196,	0.5),
(25,	10,	197,	0.0316456),
(25,	12,	198,	0.0379747),
(25,	10,	199,	0.0316456),
(25,	10,	200,	0.0316456),
(25,	10,	201,	0.0316456),
(25,	11,	202,	0.0348101),
(25,	1,	203,	0.00316456),
(25,	1,	204,	0.00316456),
(25,	2,	205,	0.00632911),
(25,	2,	206,	0.00632911),
(25,	1,	31,	0.00316456),
(25,	2,	207,	0.00632911),
(25,	1,	208,	0.00316456),
(25,	1,	209,	0.00316456),
(25,	1,	210,	0.00316456),
(25,	1,	211,	0.00316456),
(25,	1,	212,	0.00316456),
(25,	1,	213,	0.00316456),
(25,	1,	214,	0.00316456),
(25,	1,	215,	0.00316456),
(25,	1,	216,	0.00316456),
(25,	1,	217,	0.00316456),
(25,	2,	218,	0.00632911),
(25,	1,	219,	0.00316456),
(25,	1,	220,	0.00316456),
(25,	1,	221,	0.00316456),
(25,	1,	222,	0.00316456),
(25,	1,	223,	0.00316456),
(25,	1,	224,	0.00316456),
(25,	1,	225,	0.00316456),
(25,	1,	226,	0.00316456),
(25,	1,	227,	0.00316456),
(25,	1,	228,	0.00316456),
(25,	1,	229,	0.00316456),
(25,	1,	230,	0.00316456),
(25,	1,	231,	0.00316456),
(25,	1,	232,	0.00316456),
(25,	1,	233,	0.00316456),
(25,	1,	234,	0.00316456),
(25,	1,	235,	0.00316456),
(25,	1,	236,	0.00316456),
(25,	1,	237,	0.00316456),
(25,	1,	238,	0.00316456),
(25,	1,	239,	0.00316456),
(25,	1,	240,	0.00316456),
(25,	2,	116,	0.00632911),
(25,	1,	241,	0.00316456),
(25,	1,	242,	0.00316456),
(25,	1,	243,	0.00316456),
(25,	1,	122,	0.00316456),
(25,	1,	244,	0.00316456),
(25,	1,	245,	0.00316456),
(25,	3,	145,	0.00949367),
(25,	1,	246,	0.00316456),
(25,	2,	247,	0.00632911),
(25,	1,	248,	0.00316456),
(25,	1,	249,	0.00316456),
(25,	1,	250,	0.00316456),
(25,	1,	251,	0.00316456),
(25,	1,	252,	0.00316456),
(25,	1,	136,	0.00316456),
(25,	1,	253,	0.00316456),
(25,	1,	254,	0.00316456),
(25,	1,	255,	0.00316456),
(25,	1,	256,	0.00316456),
(25,	2,	257,	0.00632911),
(25,	2,	258,	0.00632911),
(25,	1,	259,	0.00316456),
(25,	1,	260,	0.00316456),
(25,	1,	261,	0.00316456),
(25,	1,	262,	0.00316456),
(25,	1,	263,	0.00316456),
(25,	1,	264,	0.00316456),
(25,	2,	265,	0.00632911),
(25,	1,	127,	0.00316456),
(25,	1,	266,	0.00316456),
(25,	1,	267,	0.00316456),
(25,	1,	268,	0.00316456),
(25,	1,	269,	0.00316456),
(25,	3,	270,	0.00949367),
(25,	1,	75,	0.00316456),
(25,	1,	271,	0.00316456),
(25,	1,	272,	0.00316456),
(25,	1,	273,	0.00316456),
(25,	2,	274,	0.00632911),
(25,	1,	275,	0.00316456),
(25,	1,	276,	0.00316456),
(25,	1,	277,	0.00316456),
(25,	2,	110,	0.00632911),
(25,	1,	278,	0.00316456),
(25,	1,	279,	0.00316456),
(25,	1,	280,	0.00316456),
(25,	1,	281,	0.00316456),
(25,	1,	282,	0.00316456),
(25,	1,	283,	0.00316456),
(25,	1,	284,	0.00316456),
(25,	1,	285,	0.00316456),
(25,	1,	286,	0.00316456),
(25,	1,	287,	0.00316456),
(25,	1,	288,	0.00316456),
(25,	2,	289,	0.00632911),
(25,	1,	290,	0.00316456),
(25,	1,	291,	0.00316456),
(25,	1,	292,	0.00316456),
(25,	1,	293,	0.00316456),
(25,	1,	294,	0.00316456),
(25,	1,	295,	0.00316456),
(25,	1,	296,	0.00316456),
(25,	1,	297,	0.00316456),
(25,	1,	298,	0.00316456),
(25,	1,	299,	0.00316456),
(25,	1,	300,	0.00316456),
(25,	1,	301,	0.00316456),
(25,	1,	302,	0.00316456),
(25,	1,	303,	0.00316456),
(25,	1,	304,	0.00316456),
(25,	1,	305,	0.00316456),
(25,	1,	306,	0.00316456),
(25,	1,	307,	0.00316456),
(25,	1,	308,	0.00316456),
(25,	2,	309,	0.00632911),
(25,	1,	310,	0.00316456),
(25,	1,	311,	0.00316456),
(25,	1,	312,	0.00316456),
(25,	1,	104,	0.00316456),
(25,	1,	313,	0.00316456),
(25,	1,	314,	0.00316456),
(25,	1,	315,	0.00316456),
(25,	1,	316,	0.00316456),
(25,	1,	317,	0.00316456),
(25,	1,	126,	0.00316456),
(25,	1,	318,	0.00316456),
(25,	1,	185,	0.00316456),
(25,	1,	319,	0.00316456),
(25,	1,	320,	0.00316456),
(25,	1,	321,	0.00316456),
(25,	1,	322,	0.00316456),
(25,	2,	170,	0.00632911),
(25,	1,	323,	0.00316456),
(25,	1,	324,	0.00316456),
(25,	1,	325,	0.00316456),
(25,	1,	326,	0.00316456),
(25,	1,	327,	0.00316456),
(25,	1,	328,	0.00316456),
(25,	1,	329,	0.00316456),
(25,	2,	330,	0.00632911),
(25,	1,	331,	0.00316456),
(25,	1,	332,	0.00316456),
(25,	1,	333,	0.00316456),
(25,	1,	334,	0.00316456),
(25,	1,	335,	0.00316456),
(25,	2,	336,	0.00632911),
(25,	1,	337,	0.00316456),
(25,	1,	338,	0.00316456),
(25,	1,	339,	0.00316456),
(25,	1,	340,	0.00316456),
(25,	1,	341,	0.00316456),
(25,	1,	342,	0.00316456),
(25,	1,	343,	0.00316456),
(25,	1,	344,	0.00316456),
(25,	1,	345,	0.00316456),
(25,	1,	346,	0.00316456),
(25,	1,	347,	0.00316456),
(25,	1,	348,	0.00316456),
(25,	1,	349,	0.00316456),
(25,	1,	350,	0.00316456),
(25,	1,	351,	0.00316456),
(26,	5,	197,	0.102041),
(26,	5,	198,	0.102041),
(26,	5,	199,	0.102041),
(26,	5,	200,	0.102041),
(26,	5,	201,	0.102041),
(26,	5,	202,	0.102041),
(26,	1,	162,	0.0204082),
(26,	1,	352,	0.0204082),
(26,	1,	353,	0.0204082),
(27,	8,	354,	0.042328),
(27,	5,	355,	0.026455),
(27,	5,	356,	0.026455),
(27,	6,	357,	0.031746),
(27,	5,	358,	0.026455),
(27,	3,	359,	0.015873),
(27,	3,	360,	0.015873),
(27,	3,	361,	0.015873),
(27,	3,	362,	0.015873),
(27,	2,	363,	0.010582),
(27,	2,	364,	0.010582),
(27,	2,	365,	0.010582),
(27,	2,	366,	0.010582),
(27,	2,	367,	0.010582),
(27,	4,	368,	0.021164),
(27,	2,	369,	0.010582),
(27,	2,	370,	0.010582),
(27,	2,	371,	0.010582),
(27,	2,	372,	0.010582),
(27,	2,	373,	0.010582),
(27,	4,	374,	0.021164),
(27,	2,	375,	0.010582),
(27,	2,	376,	0.010582),
(27,	2,	377,	0.010582),
(27,	2,	378,	0.010582),
(27,	2,	379,	0.010582),
(27,	2,	380,	0.010582),
(27,	2,	381,	0.010582),
(27,	2,	382,	0.010582),
(27,	2,	383,	0.010582),
(27,	2,	142,	0.010582),
(27,	2,	384,	0.010582),
(27,	2,	385,	0.010582),
(27,	2,	386,	0.010582),
(27,	2,	387,	0.010582),
(27,	2,	388,	0.010582),
(27,	2,	389,	0.010582),
(27,	2,	390,	0.010582),
(27,	1,	391,	0.00529101),
(27,	1,	392,	0.00529101),
(27,	1,	393,	0.00529101),
(27,	1,	394,	0.00529101),
(27,	1,	395,	0.00529101),
(27,	1,	87,	0.00529101),
(27,	1,	396,	0.00529101),
(27,	1,	270,	0.00529101),
(27,	1,	397,	0.00529101),
(27,	1,	398,	0.00529101),
(27,	1,	399,	0.00529101),
(27,	1,	400,	0.00529101),
(27,	2,	401,	0.010582),
(27,	1,	402,	0.00529101),
(27,	1,	403,	0.00529101),
(27,	1,	404,	0.00529101),
(27,	1,	405,	0.00529101),
(27,	1,	18,	0.00529101),
(27,	1,	406,	0.00529101),
(27,	1,	407,	0.00529101),
(27,	1,	408,	0.00529101),
(27,	1,	409,	0.00529101),
(27,	1,	17,	0.00529101),
(27,	1,	410,	0.00529101),
(27,	1,	100,	0.00529101),
(27,	1,	411,	0.00529101),
(27,	1,	412,	0.00529101),
(27,	1,	304,	0.00529101),
(27,	1,	305,	0.00529101),
(27,	1,	413,	0.00529101),
(27,	1,	414,	0.00529101),
(28,	9,	415,	0.0418605),
(28,	5,	416,	0.0232558),
(28,	8,	417,	0.0372093),
(28,	8,	418,	0.0372093),
(28,	8,	362,	0.0372093),
(28,	2,	419,	0.00930233),
(28,	3,	420,	0.0139535),
(28,	2,	421,	0.00930233),
(28,	4,	422,	0.0186047),
(28,	2,	423,	0.00930233),
(28,	2,	424,	0.00930233),
(28,	2,	425,	0.00930233),
(28,	2,	426,	0.00930233),
(28,	2,	427,	0.00930233),
(28,	2,	428,	0.00930233),
(28,	2,	429,	0.00930233),
(28,	2,	404,	0.00930233),
(28,	2,	376,	0.00930233),
(28,	1,	430,	0.00465116),
(28,	1,	431,	0.00465116),
(28,	1,	432,	0.00465116),
(28,	1,	433,	0.00465116),
(28,	1,	434,	0.00465116),
(28,	1,	435,	0.00465116),
(28,	1,	436,	0.00465116),
(28,	2,	437,	0.00930233),
(28,	1,	438,	0.00465116),
(28,	1,	439,	0.00465116),
(28,	1,	440,	0.00465116),
(28,	1,	441,	0.00465116),
(28,	1,	442,	0.00465116),
(28,	1,	443,	0.00465116),
(28,	2,	88,	0.00930233),
(28,	1,	444,	0.00465116),
(28,	1,	48,	0.00465116),
(28,	2,	49,	0.00930233),
(28,	1,	445,	0.00465116),
(28,	1,	446,	0.00465116),
(28,	1,	447,	0.00465116),
(28,	2,	448,	0.00930233),
(28,	1,	449,	0.00465116),
(28,	1,	450,	0.00465116),
(28,	1,	110,	0.00465116),
(28,	1,	451,	0.00465116),
(28,	1,	206,	0.00465116),
(28,	1,	452,	0.00465116),
(28,	1,	453,	0.00465116),
(28,	1,	454,	0.00465116),
(28,	1,	455,	0.00465116),
(28,	1,	456,	0.00465116),
(28,	1,	457,	0.00465116),
(28,	1,	458,	0.00465116),
(28,	2,	459,	0.00930233),
(28,	1,	460,	0.00465116),
(28,	1,	461,	0.00465116),
(28,	1,	462,	0.00465116),
(28,	1,	463,	0.00465116),
(28,	1,	464,	0.00465116),
(28,	1,	465,	0.00465116),
(28,	1,	466,	0.00465116),
(28,	1,	467,	0.00465116),
(28,	1,	468,	0.00465116),
(28,	1,	335,	0.00465116),
(28,	1,	469,	0.00465116),
(28,	1,	470,	0.00465116),
(28,	1,	471,	0.00465116),
(28,	1,	472,	0.00465116),
(28,	1,	473,	0.00465116),
(28,	1,	474,	0.00465116),
(28,	1,	475,	0.00465116),
(28,	1,	476,	0.00465116),
(28,	1,	477,	0.00465116),
(28,	1,	478,	0.00465116),
(28,	1,	479,	0.00465116),
(28,	1,	480,	0.00465116),
(28,	1,	481,	0.00465116),
(28,	1,	482,	0.00465116),
(28,	1,	483,	0.00465116),
(28,	1,	484,	0.00465116),
(28,	1,	135,	0.00465116),
(28,	1,	485,	0.00465116),
(28,	1,	486,	0.00465116),
(28,	1,	487,	0.00465116),
(28,	1,	488,	0.00465116),
(28,	1,	489,	0.00465116),
(28,	1,	490,	0.00465116),
(28,	1,	491,	0.00465116),
(28,	1,	492,	0.00465116),
(28,	1,	493,	0.00465116),
(28,	1,	494,	0.00465116),
(28,	1,	495,	0.00465116),
(28,	1,	496,	0.00465116),
(28,	1,	497,	0.00465116),
(28,	1,	498,	0.00465116),
(28,	1,	499,	0.00465116),
(28,	1,	500,	0.00465116),
(28,	1,	501,	0.00465116),
(28,	1,	502,	0.00465116),
(28,	1,	503,	0.00465116),
(28,	1,	504,	0.00465116),
(28,	1,	505,	0.00465116),
(28,	1,	506,	0.00465116),
(28,	1,	507,	0.00465116),
(28,	1,	508,	0.00465116),
(28,	1,	509,	0.00465116),
(28,	1,	510,	0.00465116),
(28,	1,	511,	0.00465116),
(28,	1,	512,	0.00465116),
(28,	1,	42,	0.00465116),
(29,	8,	513,	0.0325203),
(29,	8,	415,	0.0325203),
(29,	5,	514,	0.0203252),
(29,	5,	515,	0.0203252),
(29,	5,	516,	0.0203252),
(29,	7,	517,	0.0284553),
(29,	2,	499,	0.00813008),
(29,	2,	518,	0.00813008),
(29,	2,	519,	0.00813008),
(29,	2,	520,	0.00813008),
(29,	3,	521,	0.0121951),
(29,	3,	522,	0.0121951),
(29,	2,	523,	0.00813008),
(29,	2,	524,	0.00813008),
(29,	2,	525,	0.00813008),
(29,	2,	526,	0.00813008),
(29,	2,	488,	0.00813008),
(29,	2,	527,	0.00813008),
(29,	2,	451,	0.00813008),
(29,	2,	404,	0.00813008),
(29,	2,	405,	0.00813008),
(29,	2,	18,	0.00813008),
(29,	1,	348,	0.00406504),
(29,	1,	528,	0.00406504),
(29,	1,	475,	0.00406504),
(29,	1,	529,	0.00406504),
(29,	1,	530,	0.00406504),
(29,	1,	531,	0.00406504),
(29,	4,	490,	0.0162602),
(29,	1,	532,	0.00406504),
(29,	1,	533,	0.00406504),
(29,	1,	534,	0.00406504),
(29,	1,	535,	0.00406504),
(29,	2,	362,	0.00813008),
(29,	1,	536,	0.00406504),
(29,	1,	537,	0.00406504),
(29,	1,	498,	0.00406504),
(29,	1,	391,	0.00406504),
(29,	1,	538,	0.00406504),
(29,	1,	539,	0.00406504),
(29,	2,	540,	0.00813008),
(29,	2,	541,	0.00813008),
(29,	1,	542,	0.00406504),
(29,	2,	90,	0.00813008),
(29,	1,	543,	0.00406504),
(29,	1,	544,	0.00406504),
(29,	1,	545,	0.00406504),
(29,	2,	546,	0.00813008),
(29,	1,	547,	0.00406504),
(29,	1,	548,	0.00406504),
(29,	1,	549,	0.00406504),
(29,	1,	43,	0.00406504),
(29,	1,	550,	0.00406504),
(29,	1,	551,	0.00406504),
(29,	2,	552,	0.00813008),
(29,	2,	139,	0.00813008),
(29,	1,	553,	0.00406504),
(29,	1,	554,	0.00406504),
(29,	1,	555,	0.00406504),
(29,	1,	556,	0.00406504),
(29,	1,	557,	0.00406504),
(29,	1,	558,	0.00406504),
(29,	1,	559,	0.00406504),
(29,	1,	560,	0.00406504),
(29,	1,	270,	0.00406504),
(29,	1,	561,	0.00406504),
(29,	1,	562,	0.00406504),
(29,	1,	563,	0.00406504),
(29,	1,	564,	0.00406504),
(29,	1,	565,	0.00406504),
(29,	1,	566,	0.00406504),
(29,	1,	567,	0.00406504),
(29,	1,	568,	0.00406504),
(29,	1,	569,	0.00406504),
(29,	1,	570,	0.00406504),
(29,	1,	571,	0.00406504),
(29,	1,	572,	0.00406504),
(29,	1,	507,	0.00406504),
(29,	1,	573,	0.00406504),
(29,	1,	417,	0.00406504),
(29,	2,	440,	0.00813008),
(29,	1,	574,	0.00406504),
(29,	1,	575,	0.00406504),
(29,	1,	422,	0.00406504),
(29,	1,	576,	0.00406504),
(29,	1,	577,	0.00406504),
(29,	1,	578,	0.00406504),
(29,	1,	579,	0.00406504),
(29,	1,	421,	0.00406504),
(29,	1,	580,	0.00406504),
(29,	1,	581,	0.00406504),
(29,	1,	582,	0.00406504),
(29,	2,	508,	0.00813008),
(29,	2,	583,	0.00813008),
(29,	1,	584,	0.00406504),
(29,	1,	585,	0.00406504),
(29,	1,	586,	0.00406504),
(29,	1,	587,	0.00406504),
(29,	1,	588,	0.00406504),
(29,	1,	72,	0.00406504),
(29,	1,	589,	0.00406504),
(29,	1,	590,	0.00406504),
(29,	1,	591,	0.00406504),
(29,	1,	592,	0.00406504),
(29,	1,	593,	0.00406504),
(29,	1,	594,	0.00406504),
(29,	1,	595,	0.00406504),
(29,	1,	596,	0.00406504),
(29,	1,	597,	0.00406504),
(29,	1,	420,	0.00406504),
(29,	1,	509,	0.00406504),
(29,	1,	510,	0.00406504),
(29,	1,	511,	0.00406504),
(29,	1,	88,	0.00406504),
(29,	1,	42,	0.00406504),
(29,	1,	598,	0.00406504),
(30,	11,	599,	0.146667),
(30,	11,	600,	0.146667),
(30,	11,	601,	0.146667),
(30,	1,	602,	0.0133333),
(30,	1,	603,	0.0133333),
(30,	1,	604,	0.0133333),
(30,	1,	605,	0.0133333),
(31,	6,	606,	0.230769),
(31,	6,	22,	0.230769),
(31,	6,	11,	0.230769),
(32,	6,	165,	0.166667),
(32,	6,	11,	0.166667),
(32,	6,	607,	0.166667),
(32,	6,	608,	0.166667),
(33,	6,	609,	0.2),
(33,	6,	610,	0.2),
(33,	6,	611,	0.2),
(36,	6,	612,	0.545455),
(36,	1,	104,	0.0909091),
(36,	1,	613,	0.0909091),
(37,	5,	614,	0.5),
(37,	1,	615,	0.1),
(37,	1,	616,	0.1),
(37,	1,	617,	0.1),
(38,	6,	618,	0.545455),
(38,	1,	619,	0.0909091),
(38,	1,	620,	0.0909091),
(39,	5,	621,	0.5),
(39,	1,	622,	0.1),
(39,	1,	623,	0.1),
(39,	1,	624,	0.1),
(40,	5,	625,	0.454545),
(40,	1,	626,	0.0909091),
(40,	1,	627,	0.0909091),
(40,	1,	628,	0.0909091),
(41,	9,	34,	0.346154),
(41,	8,	35,	0.307692),
(41,	1,	36,	0.0384615),
(41,	1,	37,	0.0384615),
(41,	1,	38,	0.0384615),
(41,	1,	39,	0.0384615),
(41,	1,	40,	0.0384615),
(43,	5,	629,	0.333333),
(43,	5,	145,	0.333333),
(43,	5,	630,	0.333333),
(45,	10,	1,	0.285714),
(45,	10,	631,	0.285714),
(45,	1,	632,	0.0285714),
(45,	1,	633,	0.0285714),
(45,	1,	4,	0.0285714),
(45,	1,	5,	0.0285714),
(45,	1,	6,	0.0285714),
(46,	10,	1,	0.285714),
(46,	10,	634,	0.285714),
(46,	1,	632,	0.0285714),
(46,	1,	633,	0.0285714),
(46,	1,	635,	0.0285714),
(46,	1,	636,	0.0285714),
(46,	1,	637,	0.0285714),
(47,	10,	204,	0.416667),
(47,	10,	638,	0.416667),
(47,	1,	639,	0.0416667),
(47,	1,	4,	0.0416667),
(47,	1,	5,	0.0416667),
(47,	1,	6,	0.0416667),
(48,	5,	640,	0.357143),
(48,	5,	204,	0.357143),
(48,	1,	641,	0.0714286),
(48,	1,	642,	0.0714286),
(48,	1,	5,	0.0714286),
(48,	1,	6,	0.0714286),
(49,	5,	643,	0.5),
(49,	5,	644,	0.5),
(51,	5,	1,	0.357143),
(51,	5,	645,	0.357143),
(51,	1,	646,	0.0714286),
(51,	1,	647,	0.0714286),
(51,	1,	5,	0.0714286),
(51,	1,	637,	0.0714286),
(52,	10,	1,	0.416667),
(52,	10,	648,	0.416667),
(52,	1,	649,	0.0416667),
(52,	1,	642,	0.0416667),
(52,	1,	5,	0.0416667),
(52,	1,	6,	0.0416667),
(53,	10,	204,	0.769231),
(53,	1,	650,	0.0769231),
(53,	1,	651,	0.0769231),
(53,	1,	5,	0.0769231),
(54,	5,	1,	0.357143),
(54,	5,	652,	0.357143),
(54,	1,	641,	0.0714286),
(54,	1,	653,	0.0714286),
(54,	1,	5,	0.0714286),
(54,	1,	6,	0.0714286),
(55,	5,	1,	0.178571),
(55,	5,	645,	0.178571),
(55,	1,	654,	0.0357143),
(55,	1,	655,	0.0357143),
(55,	1,	656,	0.0357143),
(55,	1,	657,	0.0357143),
(55,	1,	658,	0.0357143),
(55,	1,	659,	0.0357143),
(55,	1,	660,	0.0357143),
(56,	5,	1,	0.166667),
(56,	5,	634,	0.166667),
(56,	1,	661,	0.0333333),
(56,	1,	662,	0.0333333),
(56,	1,	663,	0.0333333),
(57,	5,	1,	0.208333),
(57,	5,	2,	0.208333),
(57,	1,	168,	0.0416667),
(57,	1,	347,	0.0416667),
(57,	1,	664,	0.0416667),
(59,	8,	643,	0.5),
(59,	5,	665,	0.3125),
(59,	3,	204,	0.1875),
(60,	11,	666,	0.423077),
(60,	11,	667,	0.423077),
(60,	1,	241,	0.0384615),
(60,	1,	668,	0.0384615),
(61,	10,	669,	0.227273),
(61,	10,	670,	0.227273),
(61,	1,	671,	0.0227273),
(62,	10,	669,	0.5),
(62,	10,	670,	0.5),
(63,	10,	162,	0.126582),
(63,	10,	163,	0.126582),
(63,	1,	656,	0.0126582),
(63,	1,	672,	0.0126582),
(63,	1,	673,	0.0126582),
(63,	1,	674,	0.0126582),
(63,	1,	675,	0.0126582),
(63,	1,	196,	0.0126582),
(63,	1,	676,	0.0126582),
(63,	1,	677,	0.0126582),
(64,	10,	678,	0.833333),
(64,	1,	679,	0.0833333),
(64,	1,	680,	0.0833333),
(65,	10,	669,	0.232558),
(65,	10,	670,	0.232558),
(65,	1,	206,	0.0232558),
(65,	1,	680,	0.0232558),
(66,	6,	678,	0.171429),
(66,	5,	681,	0.142857),
(66,	1,	682,	0.0285714),
(66,	1,	683,	0.0285714),
(66,	1,	684,	0.0285714),
(66,	2,	11,	0.0571429),
(66,	1,	243,	0.0285714),
(66,	1,	685,	0.0285714),
(66,	1,	686,	0.0285714),
(66,	1,	687,	0.0285714),
(66,	1,	688,	0.0285714),
(66,	1,	689,	0.0285714),
(66,	1,	690,	0.0285714),
(66,	1,	691,	0.0285714),
(66,	1,	692,	0.0285714),
(67,	5,	693,	0.151515),
(67,	5,	694,	0.151515),
(67,	1,	682,	0.030303),
(67,	1,	683,	0.030303),
(67,	1,	684,	0.030303),
(67,	2,	11,	0.0606061),
(67,	1,	243,	0.030303),
(67,	1,	685,	0.030303),
(67,	1,	686,	0.030303),
(67,	1,	687,	0.030303),
(67,	1,	688,	0.030303),
(67,	1,	689,	0.030303),
(67,	1,	690,	0.030303),
(67,	1,	691,	0.030303),
(67,	1,	678,	0.030303),
(67,	1,	692,	0.030303);

DROP TABLE IF EXISTS `cms3_search_index_words`;
CREATE TABLE `cms3_search_index_words` (
  `id` int(10) unsigned NOT NULL AUTO_INCREMENT,
  `word` varchar(64) DEFAULT NULL,
  PRIMARY KEY (`id`),
  KEY `word` (`word`)
) ENGINE=InnoDB DEFAULT CHARSET=utf8;

INSERT INTO `cms3_search_index_words` (`id`, `word`) VALUES
(398,	'11-му'),
(449,	'2005'),
(48,	'2006'),
(90,	'2007'),
(71,	'2007-м'),
(543,	'2008'),
(69,	'4000'),
(434,	'a&gt'),
(477,	'alliance'),
(236,	'amp'),
(129,	'asp.net'),
(89,	'cms'),
(80,	'cms-решения'),
(237,	'engineering'),
(21,	'faq'),
(60,	'free'),
(238,	'georgia'),
(430,	'href'),
(431,	'http'),
(239,	'institute'),
(94,	'laquo'),
(57,	'lite'),
(479,	'magna'),
(35,	'manual'),
(234,	'materials'),
(274,	'mdash'),
(131,	'microsoft'),
(125,	'ndash'),
(34,	'php'),
(608,	'php5'),
(81,	'pro'),
(233,	'school'),
(235,	'science'),
(663,	'smile'),
(240,	'technology'),
(11,	'umi.cms'),
(478,	'viceroy'),
(481,	'west'),
(480,	'winston'),
(432,	'www.belta.by'),
(376,	'агентство'),
(15,	'администрирования'),
(510,	'актов'),
(45,	'акции'),
(627,	'альпийской'),
(647,	'ангорский'),
(532,	'андрей'),
(626,	'ароматом'),
(675,	'аудиторию'),
(658,	'багов'),
(271,	'базировался'),
(201,	'бега'),
(217,	'бегает'),
(291,	'бегая'),
(4,	'беговой'),
(642,	'безродный'),
(490,	'белоруссии'),
(415,	'белоруссия'),
(553,	'белорусская'),
(470,	'белорусские'),
(453,	'белорусских'),
(540,	'белорусского'),
(435,	'белта'),
(433,	'белта&lt'),
(639,	'белый'),
(58,	'бесплатный'),
(407,	'бизнес'),
(506,	'ближайшем'),
(323,	'ближайшие'),
(44,	'блог'),
(667,	'блога'),
(410,	'больше'),
(107,	'бренд'),
(135,	'будет'),
(336,	'будут'),
(587,	'был'),
(51,	'была'),
(138,	'важный'),
(321,	'ван'),
(226,	'вана'),
(59,	'вариант'),
(30,	'ваш'),
(157,	'ваших'),
(440,	'ввоз'),
(120,	'веб-разработчиков'),
(108,	'ведь'),
(516,	'взаимной'),
(177,	'взять'),
(161,	'видео'),
(536,	'виталий'),
(531,	'вице-премьер'),
(345,	'владельцы'),
(692,	'внедрений'),
(681,	'внедрения'),
(425,	'внесены'),
(555,	'внесла'),
(625,	'водопад'),
(275,	'возникновении'),
(334,	'волокна'),
(308,	'волокон'),
(673,	'вопрос'),
(22,	'вопросы'),
(689,	'вот'),
(680,	'вперед'),
(337,	'вплетаться'),
(361,	'врач'),
(507,	'времени'),
(437,	'время'),
(17,	'все'),
(253,	'всего'),
(589,	'встречи'),
(214,	'встроенным'),
(174,	'всякий'),
(379,	'вторник'),
(668,	'второго'),
(409,	'втягивает'),
(303,	'вызывая'),
(485,	'выполнена'),
(76,	'выпускаем'),
(472,	'выпускают'),
(52,	'выпущена'),
(219,	'вырабатывает'),
(392,	'выразил'),
(567,	'выступила'),
(565,	'газеты'),
(176,	'где'),
(264,	'генератор'),
(363,	'геннадий'),
(298,	'гибкая'),
(279,	'главное'),
(359,	'главный'),
(242,	'год'),
(583,	'года'),
(544,	'годах'),
(49,	'году'),
(653,	'голодный'),
(601,	'голосование'),
(605,	'голосовании'),
(221,	'группа'),
(292,	'грызун'),
(109,	'даже'),
(147,	'дальнейшее'),
(98,	'дальнейшей'),
(136,	'дальше'),
(512,	'движение'),
(657,	'девайс'),
(403,	'девочек'),
(467,	'делали'),
(190,	'делятся'),
(10,	'демо-сайте'),
(370,	'демонстрирующее'),
(178,	'денег'),
(618,	'дерево'),
(411,	'детей'),
(278,	'деформации'),
(306,	'деформацию'),
(302,	'деформировалась'),
(232,	'джорджии'),
(635,	'джунгарский'),
(277,	'диэлектрике'),
(637,	'длинношерстные'),
(145,	'для'),
(676,	'днями'),
(461,	'добиться'),
(7,	'добро'),
(487,	'договоренности'),
(538,	'договорились'),
(36,	'документация'),
(529,	'документом'),
(500,	'документы'),
(73,	'долгой'),
(203,	'домашний'),
(179,	'достать'),
(588,	'достигнут'),
(482,	'другими'),
(319,	'другое'),
(270,	'его'),
(185,	'есть'),
(43,	'еще'),
(181,	'жалко'),
(212,	'животное'),
(617,	'живтное'),
(284,	'живых'),
(224,	'жон'),
(156,	'зависит'),
(471,	'заводы'),
(141,	'задача'),
(300,	'закрепленная'),
(534,	'замглавы'),
(182,	'заначка'),
(562,	'заново'),
(511,	'затрудняющих'),
(163,	'зачем'),
(381,	'заявил'),
(413,	'здоровье'),
(309,	'значит'),
(670,	'идеи'),
(443,	'идет'),
(679,	'идти'),
(118,	'известно'),
(199,	'извлечь'),
(558,	'изменений'),
(368,	'изображение'),
(151,	'или'),
(83,	'имеет'),
(421,	'импорт'),
(114,	'имя'),
(197,	'инженерам'),
(229,	'инженерии'),
(210,	'инженеры'),
(465,	'иностранные'),
(230,	'института'),
(688,	'интернет-сми'),
(377,	'интерфакс'),
(564,	'информации'),
(281,	'испытать'),
(208,	'источник'),
(374,	'как'),
(29,	'какой'),
(186,	'какой-то'),
(384,	'канаде'),
(180,	'кармана'),
(41,	'каталог'),
(459,	'квот'),
(445,	'квота'),
(417,	'квоты'),
(399,	'классу'),
(533,	'кобяков'),
(495,	'когда'),
(631,	'колесах'),
(218,	'колесе'),
(629,	'колесо'),
(250,	'команда'),
(566,	'коммерсант'),
(54,	'коммерческая'),
(23,	'коммерческом'),
(454,	'компании'),
(93,	'компания'),
(152,	'комплектация'),
(684,	'контентом'),
(312,	'концах'),
(665,	'короткий'),
(6,	'короткошерстные'),
(687,	'корпоративных'),
(82,	'которая'),
(523,	'которое'),
(315,	'котором'),
(441,	'который'),
(339,	'которых'),
(329,	'кпд'),
(288,	'крохотной'),
(295,	'крохотными'),
(119,	'кругах'),
(464,	'крупные'),
(162,	'кто'),
(164,	'куда'),
(373,	'курения'),
(388,	'курильщика'),
(357,	'курильщиков'),
(341,	'куртки'),
(344,	'курток'),
(289,	'курточке'),
(213,	'курточку'),
(400,	'курят'),
(624,	'ландшафт'),
(387,	'легких'),
(192,	'лекарствами'),
(644,	'леопардовый'),
(325,	'лет'),
(86,	'лидерство'),
(3,	'лиловый'),
(225,	'линь'),
(473,	'лицензии'),
(64,	'лицензий'),
(690,	'лишь'),
(27,	'любимые'),
(31,	'любимый'),
(189,	'люди'),
(143,	'максимально'),
(402,	'мальчиков'),
(476,	'марками'),
(550,	'марта'),
(228,	'материаловедения'),
(488,	'между'),
(519,	'мерах'),
(468,	'местных'),
(260,	'месяцев'),
(247,	'механической'),
(383,	'мечта'),
(244,	'микро&mdash'),
(448,	'миллиарда'),
(426,	'министерством'),
(429,	'министров'),
(535,	'минэкономразвития'),
(193,	'мира'),
(591,	'михаила'),
(491,	'михаилом'),
(662,	'мне'),
(155,	'многом'),
(685,	'множество'),
(352,	'мог'),
(455,	'могут'),
(316,	'может'),
(12,	'можете'),
(168,	'можно'),
(139,	'момент'),
(576,	'морепродуктов'),
(332,	'мощность'),
(382,	'моя'),
(296,	'мускулами'),
(175,	'мусор'),
(674,	'мучает'),
(184,	'наверное'),
(369,	'наглядно'),
(122,	'над'),
(290,	'надели'),
(261,	'назад'),
(77,	'наиболее'),
(610,	'найти'),
(262,	'наконец'),
(160,	'нам'),
(419,	'намерена'),
(50,	'нами'),
(245,	'наногенераторами'),
(318,	'наногенераторов'),
(215,	'наногенератором'),
(222,	'наноисследований'),
(607,	'написана'),
(314,	'направлений'),
(258,	'например'),
(311,	'напряжения'),
(572,	'настоящего'),
(469,	'настоящее'),
(9,	'находитесь'),
(496,	'начале'),
(600,	'началось'),
(140,	'наша'),
(79,	'нашего'),
(115,	'нашей'),
(26,	'наши'),
(100,	'наших'),
(65,	'нашу'),
(655,	'недавно'),
(691,	'некоторые'),
(2,	'необыкновенный'),
(649,	'неопределенный'),
(259,	'несколько'),
(103,	'несмотря'),
(503,	'нефтепродуктов'),
(502,	'нефти'),
(92,	'новая'),
(149,	'нового'),
(18,	'новости'),
(669,	'новые'),
(677,	'ночами'),
(63,	'обладателями'),
(256,	'области'),
(659,	'обнаружил'),
(671,	'оборачиваться'),
(19,	'обратная'),
(169,	'обсудить'),
(606,	'общие'),
(166,	'общий'),
(285,	'объектах'),
(46,	'обычная'),
(648,	'обычный'),
(515,	'ограничений'),
(526,	'ограничения'),
(579,	'ограничивает'),
(211,	'одели'),
(137,	'один'),
(551,	'однако'),
(313,	'одно'),
(393,	'озабоченность'),
(508,	'около'),
(267,	'оксида'),
(596,	'они'),
(354,	'онищенко'),
(620,	'оно'),
(372,	'опасность'),
(612,	'осень'),
(127,	'основе'),
(442,	'основном'),
(105,	'оставили'),
(153,	'отдельных'),
(514,	'отказались'),
(483,	'отмена'),
(416,	'отменит'),
(420,	'отменить'),
(524,	'отменяет'),
(414,	'отметил'),
(111,	'отсутствии'),
(638,	'офигенный'),
(578,	'очередь'),
(367,	'пачках'),
(386,	'пачку'),
(53,	'первая'),
(241,	'первый'),
(38,	'переведенная'),
(586,	'переговорах'),
(375,	'передает'),
(133,	'передовых'),
(13,	'перейти'),
(575,	'пива'),
(207,	'питомец'),
(159,	'пишите'),
(124,	'планах'),
(549,	'планировалось'),
(299,	'пластинка'),
(130,	'платформах'),
(301,	'плотной'),
(85,	'побороться'),
(643,	'поводок'),
(328,	'повысить'),
(475,	'под'),
(74,	'подготовительной'),
(580,	'подготовку'),
(347,	'подзаряжать'),
(499,	'подписали'),
(545,	'подписание'),
(528,	'подписи'),
(396,	'подростков'),
(353,	'подумать'),
(8,	'пожаловать'),
(252,	'пожалуй'),
(158,	'пожеланий'),
(317,	'пойти'),
(144,	'полезной'),
(78,	'полный'),
(646,	'полосатый'),
(447,	'полтора'),
(70,	'пользователей'),
(146,	'пользователя'),
(385,	'помещать'),
(505,	'пообещал'),
(597,	'пообещали'),
(424,	'поправки'),
(62,	'пор'),
(349,	'портативные'),
(72,	'после'),
(436,	'последнее'),
(552,	'последний'),
(666,	'пост'),
(530,	'поставили'),
(539,	'поставках'),
(438,	'постепенно'),
(173,	'постить'),
(165,	'почему'),
(509,	'правительственных'),
(355,	'предлагает'),
(364,	'предложил'),
(444,	'предприятий'),
(106,	'прежним'),
(652,	'прекрасный'),
(489,	'премьер-министрами'),
(590,	'премьер-министров'),
(246,	'преобразования'),
(378,	'пресс-конференции'),
(110,	'при'),
(602,	'приглашаем'),
(694,	'призов'),
(287,	'прикрепили'),
(678,	'примеры'),
(269,	'принцип'),
(603,	'принять'),
(654,	'приобрел'),
(456,	'приобретать'),
(561,	'пришлось'),
(101,	'программных'),
(585,	'прогресс'),
(97,	'продаже'),
(254,	'продвинулась'),
(123,	'продолжается'),
(24,	'продукте'),
(102,	'продуктов'),
(556,	'проект'),
(466,	'производители'),
(216,	'просто'),
(320,	'профессор'),
(223,	'профессора'),
(401,	'процентов'),
(614,	'птица'),
(615,	'птица-тукан'),
(356,	'пугать'),
(623,	'пустынный'),
(621,	'пустыня'),
(645,	'пушистый'),
(460,	'пыталась'),
(333,	'пьезоэлектрические'),
(307,	'пьезоэлектрических'),
(266,	'пьезоэлектрического'),
(272,	'пьезоэлектрическом'),
(324,	'пять-десять'),
(121,	'работа'),
(243,	'работает'),
(293,	'работал'),
(75,	'работы'),
(148,	'развитие'),
(581,	'развитии'),
(520,	'развитию'),
(365,	'размещать'),
(126,	'разработка'),
(99,	'разработке'),
(390,	'рака'),
(113,	'распространиения'),
(570,	'реализации'),
(154,	'редакций'),
(55,	'редакция'),
(14,	'режим'),
(112,	'рекламы'),
(660,	'рекомендую'),
(134,	'решений'),
(405,	'риа'),
(693,	'розыгрыш'),
(362,	'россии'),
(484,	'российские'),
(88,	'российских'),
(574,	'российского'),
(542,	'россию'),
(513,	'россия'),
(394,	'ростом'),
(633,	'росы'),
(457,	'рубежом'),
(39,	'русский'),
(557,	'ряд'),
(537,	'савельев'),
(196,	'сайта'),
(686,	'сайтов'),
(5,	'самец'),
(636,	'самка'),
(630,	'самок'),
(305,	'самым'),
(360,	'санитарный'),
(541,	'сахара'),
(628,	'свежести'),
(282,	'свое'),
(348,	'свои'),
(294,	'своими'),
(577,	'свою'),
(68,	'свыше'),
(559,	'связи'),
(20,	'связь'),
(568,	'сдвиг'),
(142,	'сделать'),
(408,	'сегодня'),
(493,	'сергеем'),
(593,	'сергея'),
(584,	'серьезный'),
(422,	'сигарет'),
(366,	'сигаретных'),
(418,	'сигареты'),
(504,	'сидорский'),
(494,	'сидорским'),
(594,	'сидорского'),
(327,	'сильно'),
(682,	'системе'),
(66,	'систему'),
(56,	'системы'),
(33,	'скачать'),
(622,	'скучный'),
(397,	'словам'),
(371,	'смертельную'),
(358,	'смерти'),
(616,	'смешное'),
(346,	'смогут'),
(412,	'снижая'),
(428,	'совет'),
(486,	'согласно'),
(563,	'согласовывать'),
(518,	'соглашение'),
(571,	'соглашений'),
(546,	'соглашения'),
(91,	'создана'),
(263,	'создать'),
(439,	'сокращает'),
(297,	'сокращении'),
(404,	'сообщает'),
(423,	'соответствующие'),
(446,	'составила'),
(96,	'состредоточится'),
(522,	'сотрудничества'),
(548,	'сотрудничеству'),
(191,	'софтом'),
(87,	'среди'),
(569,	'сроков'),
(389,	'стадии'),
(67,	'стало'),
(554,	'сторона'),
(527,	'странами'),
(47,	'страница'),
(641,	'странный'),
(573,	'существуют'),
(525,	'существующие'),
(474,	'табак'),
(406,	'табачный'),
(257,	'так'),
(391,	'также'),
(330,	'таких'),
(619,	'там'),
(664,	'телефон.[smile'),
(304,	'тем'),
(205,	'теперь'),
(598,	'территорию'),
(613,	'тестовая'),
(640,	'тестовый'),
(61,	'тех'),
(128,	'технологии'),
(231,	'технологий'),
(338,	'ткани'),
(42,	'товаров'),
(462,	'того'),
(183,	'тоже'),
(220,	'ток'),
(265,	'тока'),
(206,	'только'),
(517,	'торговле'),
(427,	'торговли'),
(521,	'торгово-экономического'),
(547,	'торговому'),
(132,	'традиция'),
(450,	'три'),
(187,	'тру-способ'),
(609,	'трудно'),
(632,	'туманной'),
(167,	'тут'),
(322,	'уверен'),
(171,	'угодно'),
(198,	'удалось'),
(326,	'удастся'),
(116,	'уже'),
(661,	'улыбается'),
(634,	'улыбкой'),
(458,	'уменьшением'),
(651,	'упитанный'),
(683,	'управления'),
(331,	'устройств'),
(351,	'устройства'),
(283,	'устройство'),
(604,	'участие'),
(286,	'ученые'),
(280,	'ученым'),
(582,	'ушло'),
(335,	'фабриках'),
(380,	'февраля'),
(672,	'философский'),
(172,	'флеймить'),
(16,	'форум'),
(25,	'фотогалерея'),
(28,	'фотографии'),
(599,	'фотоконкурс'),
(592,	'фрадкова'),
(492,	'фрадковым'),
(150,	'функционала'),
(204,	'хомяк'),
(202,	'хомяка'),
(342,	'хомяков'),
(194,	'хомячков'),
(1,	'хомячок'),
(188,	'хорошие'),
(611,	'хостинг'),
(32,	'цвет'),
(268,	'цинка'),
(37,	'частично'),
(343,	'человека'),
(560,	'чем'),
(650,	'черно-белый'),
(452,	'четыре'),
(498,	'чиновники'),
(395,	'числа'),
(170,	'что'),
(463,	'чтобы'),
(84,	'шансы'),
(117,	'широко'),
(340,	'шиться'),
(227,	'школы'),
(195,	'экономики'),
(501,	'экспорте'),
(276,	'электрического'),
(310,	'электрическое'),
(249,	'электрическую'),
(350,	'электронные'),
(209,	'электроэнергии'),
(248,	'энергии'),
(200,	'энергию'),
(251,	'эта'),
(104,	'это'),
(255,	'этой'),
(451,	'этом'),
(656,	'этот'),
(273,	'эффекте'),
(95,	'юмисофт&raquo'),
(40,	'язык'),
(595,	'январе'),
(497,	'января');

DROP TABLE IF EXISTS `cms3_sliders`;
CREATE TABLE `cms3_sliders` (
  `id` int(11) unsigned NOT NULL AUTO_INCREMENT,
  `name` varchar(255) NOT NULL,
  `domain_id` int(11) unsigned NOT NULL,
  `language_id` int(11) unsigned NOT NULL,
  `sliding_speed` int(11) unsigned DEFAULT NULL,
  `sliding_delay` int(11) unsigned DEFAULT NULL,
  `sliding_loop_enable` tinyint(1) DEFAULT 0,
  `sliding_auto_play_enable` tinyint(1) DEFAULT 0,
  `sliders_random_order_enable` tinyint(1) DEFAULT 0,
  `slides_count` int(11) unsigned DEFAULT 0,
  `custom_id` varchar(255) DEFAULT NULL,
  PRIMARY KEY (`id`),
  KEY `id from domains` (`domain_id`),
  KEY `id from languages` (`language_id`),
  CONSTRAINT `id from domains` FOREIGN KEY (`domain_id`) REFERENCES `cms3_domains` (`id`) ON DELETE CASCADE ON UPDATE CASCADE,
  CONSTRAINT `id from languages` FOREIGN KEY (`language_id`) REFERENCES `cms3_langs` (`id`) ON DELETE CASCADE ON UPDATE CASCADE
) ENGINE=InnoDB DEFAULT CHARSET=utf8;


DROP TABLE IF EXISTS `cms3_slides`;
CREATE TABLE `cms3_slides` (
  `id` int(11) unsigned NOT NULL AUTO_INCREMENT,
  `name` varchar(255) NOT NULL,
  `slider_id` int(11) unsigned NOT NULL,
  `is_active` tinyint(1) DEFAULT 0,
  `title` varchar(1024) DEFAULT NULL,
  `image` varchar(255) DEFAULT NULL,
  `text` mediumtext DEFAULT NULL,
  `link` varchar(1024) DEFAULT NULL,
  `open_in_new_tab` tinyint(1) DEFAULT 1,
  `order` int(11) unsigned DEFAULT 0,
  PRIMARY KEY (`id`),
  KEY `slider_id and is_active with order` (`slider_id`,`is_active`,`order`),
  CONSTRAINT `id from sliders` FOREIGN KEY (`slider_id`) REFERENCES `cms3_sliders` (`id`) ON DELETE CASCADE ON UPDATE CASCADE
) ENGINE=InnoDB DEFAULT CHARSET=utf8;


DROP TABLE IF EXISTS `cms3_stock_balance_list`;
CREATE TABLE `cms3_stock_balance_list` (
  `id` int(10) unsigned NOT NULL AUTO_INCREMENT,
  `offer_id` int(10) unsigned NOT NULL,
  `stock_id` int(10) unsigned NOT NULL,
  `value` bigint(20) unsigned DEFAULT 0,
  PRIMARY KEY (`id`),
  KEY `stock balance to offer` (`offer_id`),
  KEY `stock balance to stock` (`stock_id`),
  CONSTRAINT `stock balance to offer` FOREIGN KEY (`offer_id`) REFERENCES `cms3_offer_list` (`id`) ON DELETE CASCADE ON UPDATE CASCADE,
  CONSTRAINT `stock balance to stock` FOREIGN KEY (`stock_id`) REFERENCES `cms3_objects` (`id`) ON DELETE CASCADE ON UPDATE CASCADE
) ENGINE=InnoDB DEFAULT CHARSET=utf8;


DROP TABLE IF EXISTS `cms3_templates`;
CREATE TABLE `cms3_templates` (
  `id` int(10) unsigned NOT NULL AUTO_INCREMENT,
  `name` varchar(128) DEFAULT NULL,
  `filename` varchar(64) DEFAULT NULL,
  `type` varchar(64) DEFAULT NULL,
  `domain_id` int(10) unsigned DEFAULT NULL,
  `lang_id` int(10) unsigned DEFAULT NULL,
  `title` varchar(128) DEFAULT NULL,
  `is_default` tinyint(1) DEFAULT NULL,
  PRIMARY KEY (`id`),
  KEY `Template - Lang_FK` (`lang_id`),
  KEY `Templates - domains_FK` (`domain_id`),
  KEY `is_default` (`is_default`),
  KEY `filename` (`filename`),
  KEY `title` (`title`)
) ENGINE=InnoDB DEFAULT CHARSET=utf8;

INSERT INTO `cms3_templates` (`id`, `name`, `filename`, `type`, `domain_id`, `lang_id`, `title`, `is_default`) VALUES
(1,	'',	'sample.xsl',	'',	1,	1,	'xsl template',	0),
(2,	'demoold',	'index.tpl',	'tpls',	1,	1,	'Главная страница',	0),
(3,	'demoold',	'content.tpl',	'tpls',	1,	1,	'Страница контента',	0),
(4,	'demoold',	'catalog.tpl',	'tpls',	1,	1,	'Страницы каталога',	0),
(5,	'demoold',	'inner.tpl',	'tpls',	1,	1,	'Внутренние страницы',	1);

DROP TABLE IF EXISTS `cms_backup`;
CREATE TABLE `cms_backup` (
  `id` int(10) unsigned NOT NULL AUTO_INCREMENT,
  `ctime` int(11) DEFAULT NULL,
  `changed_module` varchar(128) DEFAULT NULL,
  `changed_method` varchar(128) DEFAULT NULL,
  `param` text DEFAULT NULL,
  `param0` mediumtext DEFAULT NULL,
  `user_id` int(11) DEFAULT NULL,
  `is_active` int(11) DEFAULT 0,
  PRIMARY KEY (`id`)
) ENGINE=InnoDB DEFAULT CHARSET=utf8;


DROP TABLE IF EXISTS `cms_permissions`;
CREATE TABLE `cms_permissions` (
  `module` varchar(64) DEFAULT NULL,
  `method` varchar(64) DEFAULT NULL,
  `owner_id` int(10) unsigned DEFAULT NULL,
  `allow` tinyint(4) DEFAULT 1,
  KEY `module` (`module`),
  KEY `method` (`method`),
  KEY `owner_id` (`owner_id`),
  KEY `allow` (`allow`),
  CONSTRAINT `FK_PermissionOwnerId_To_ObjectId` FOREIGN KEY (`owner_id`) REFERENCES `cms3_objects` (`id`) ON DELETE CASCADE ON UPDATE CASCADE
) ENGINE=InnoDB DEFAULT CHARSET=utf8;

INSERT INTO `cms_permissions` (`module`, `method`, `owner_id`, `allow`) VALUES
('domain',	'1',	618,	1),
('content',	'content',	618,	1),
('users',	'registrate',	618,	1),
('data',	'2373',	618,	1),
('data',	'main',	618,	1),
('catalog',	'view',	618,	1),
('news',	'view',	618,	1),
('vote',	'poll',	618,	1),
('vote',	'post',	618,	1),
('search',	'search',	618,	1),
('forum',	'view',	618,	1),
('banners',	'insert',	618,	1),
('banners',	'go_to',	618,	1),
('dispatches',	'subscribe',	618,	1),
('comments',	'insert',	618,	1),
('webforms',	'add',	618,	1),
('webforms',	'insert',	618,	1),
('webforms',	'messages',	618,	1),
('stat',	'tagsCloud',	618,	1),
('faq',	'projects',	618,	1),
('faq',	'post_question',	618,	1),
('photoalbum',	'albums',	618,	1),
('filemanager',	'list_files',	618,	1),
('filemanager',	'download',	618,	1),
('seo',	'guest',	618,	1),
('blogs20',	'common',	618,	1),
('emarket',	'purchasing',	618,	1),
('emarket',	'compare',	618,	1),
('emarket',	'personal',	618,	1),
('exchange',	'auto',	618,	1),
('exchange',	'get_export',	618,	1),
('social_networks',	'view',	618,	1),
('menu',	'view',	618,	1),
('appointment',	'enroll',	618,	1),
('umiSliders',	'view',	618,	1),
('umiSettings',	'read',	618,	1),
('umiStub',	'stub',	618,	1),
('config',	'cron_http_execute',	618,	1),
('users',	'settings',	619,	1),
('blogs20',	'add',	619,	1),
('stat',	'widgets',	618,	1),
('eshop',	'personal',	619,	1);

DROP TABLE IF EXISTS `cms_reg`;
CREATE TABLE `cms_reg` (
  `id` int(11) NOT NULL AUTO_INCREMENT,
  `var` varchar(48) NOT NULL,
  `val` varchar(255) DEFAULT NULL,
  `rel` int(11) NOT NULL DEFAULT 0,
  PRIMARY KEY (`id`),
  KEY `var` (`var`),
  KEY `rel` (`rel`,`var`)
) ENGINE=InnoDB DEFAULT CHARSET=utf8;

INSERT INTO `cms_reg` (`id`, `var`, `val`, `rel`) VALUES
(1,	'modules',	'',	0),
(2,	'events',	'events',	1),
(3,	'name',	'events',	2),
(4,	'title',	'Events',	2),
(5,	'description',	'Events',	2),
(6,	'filename',	'modules/events/class.php',	2),
(7,	'config',	'1',	2),
(8,	'ico',	'ico_events',	2),
(9,	'default_method',	'getUserSettings',	2),
(10,	'default_method_admin',	'last',	2),
(11,	'max-days-storing-events',	'30',	2),
(12,	'collect-events',	'0',	2),
(13,	'menu',	'menu',	1),
(14,	'name',	'menu',	13),
(15,	'filename',	'modules/menu/class.php',	13),
(16,	'config',	'0',	13),
(17,	'ico',	'ico_menu',	13),
(18,	'default_method',	'show',	13),
(19,	'default_method_admin',	'lists',	13),
(20,	'per_page',	'10',	13),
(21,	'news',	'news',	1),
(22,	'name',	'news',	21),
(23,	'filename',	'modules/news/class.php',	21),
(24,	'config',	'1',	21),
(25,	'default_method',	'archive',	21),
(26,	'default_method_admin',	'lists',	21),
(27,	'per_page',	'10',	21),
(28,	'content',	'content',	1),
(29,	'name',	'content',	28),
(30,	'filename',	'modules/content/class.php',	28),
(31,	'config',	'1',	28),
(32,	'default_method',	'content',	28),
(33,	'default_method_admin',	'sitetree',	28),
(34,	'blogs20',	'blogs20',	1),
(35,	'verison',	'2.0.0.0',	34),
(36,	'name',	'blogs20',	34),
(37,	'filename',	'modules/blogs20/class.php',	34),
(38,	'config',	'1',	34),
(39,	'ico',	'ico_blogs20',	34),
(40,	'default_method',	'blogsList',	34),
(41,	'default_method_admin',	'posts',	34),
(42,	'paging',	'',	34),
(43,	'blogs',	'10',	42),
(44,	'posts',	'10',	42),
(45,	'comments',	'50',	42),
(46,	'blogs_per_user',	'5',	34),
(47,	'allow_guest_comments',	'1',	34),
(48,	'notifications',	'',	34),
(49,	'on_comment_add',	'1',	48),
(50,	'forum',	'forum',	1),
(51,	'name',	'forum',	50),
(52,	'filename',	'modules/forum/class.php',	50),
(53,	'config',	'1',	50),
(54,	'default_method',	'show',	50),
(55,	'default_method_admin',	'confs_list',	50),
(56,	'need_moder',	'0',	50),
(57,	'allow_guest',	'0',	50),
(58,	'per_page',	'25',	50),
(59,	'sort_by_last_message',	'0',	50),
(60,	'dispatch_id',	'26073',	50),
(61,	'comments',	'comments',	1),
(62,	'name',	'comments',	61),
(63,	'title',	'Комментарии',	61),
(64,	'filename',	'modules/comments/class.php',	61),
(65,	'config',	'1',	61),
(66,	'default_method',	'void_func',	61),
(67,	'default_method_admin',	'view_comments',	61),
(68,	'per_page',	'10',	61),
(69,	'moderated',	'0',	61),
(70,	'guest_posting',	'0',	61),
(71,	'allow_guest',	'1',	61),
(72,	'default_comments',	'1',	61),
(73,	'vkontakte',	'0',	61),
(74,	'vk_per_page',	'0',	61),
(75,	'vk_width',	'0',	61),
(76,	'vk_api',	'',	61),
(77,	'vk_extend',	'0',	61),
(78,	'facebook',	'0',	61),
(79,	'fb_per_page',	'0',	61),
(80,	'fb_width',	'0',	61),
(81,	'fb_colorscheme',	'light',	61),
(82,	'vote',	'vote',	1),
(83,	'name',	'vote',	82),
(84,	'filename',	'modules/vote/class.php',	82),
(85,	'config',	'1',	82),
(86,	'default_method',	'insertlast',	82),
(87,	'default_method_admin',	'lists',	82),
(88,	'webforms',	'webforms',	1),
(89,	'name',	'webforms',	88),
(90,	'filename',	'webforms/class.php',	88),
(91,	'config',	'0',	88),
(92,	'default_method',	'insert',	88),
(93,	'default_method_admin',	'addresses',	88),
(94,	'imported',	'1',	88),
(95,	'photoalbum',	'photoalbum',	1),
(96,	'name',	'photoalbum',	95),
(97,	'filename',	'modules/photoalbum/class.php',	95),
(98,	'config',	'1',	95),
(99,	'default_method',	'albums',	95),
(100,	'default_method_admin',	'lists',	95),
(101,	'per_page',	'10',	95),
(102,	'faq',	'faq',	1),
(103,	'name',	'faq',	102),
(104,	'filename',	'modules/faq/class.php',	102),
(105,	'config',	'1',	102),
(106,	'default_method',	'project',	102),
(107,	'default_method_admin',	'projects_list',	102),
(108,	'per_page',	'10',	102),
(109,	'disable_new_question_notification',	'0',	102),
(110,	'dispatches',	'dispatches',	1),
(111,	'name',	'dispatches',	110),
(112,	'filename',	'dispatches/class.php',	110),
(113,	'config',	'1',	110),
(114,	'default_method',	'subscribe',	110),
(115,	'default_method_admin',	'lists',	110),
(116,	'catalog',	'catalog',	1),
(117,	'name',	'catalog',	116),
(118,	'title',	'Каталог',	116),
(119,	'filename',	'modules/catalog/class.php',	116),
(120,	'config',	'1',	116),
(121,	'default_method',	'category',	116),
(122,	'default_method_admin',	'tree',	116),
(123,	'per_page',	'25',	116),
(124,	'emarket',	'emarket',	1),
(125,	'version',	'2.8.0.5',	124),
(126,	'version_line',	'pro',	124),
(127,	'name',	'emarket',	124),
(128,	'title',	'Интернет-магазин',	124),
(129,	'filename',	'modules/emarket/class.php',	124),
(130,	'config',	'1',	124),
(131,	'ico',	'ico_eshop',	124),
(132,	'default_method_admin',	'orders',	124),
(133,	'enable-discounts',	'1',	124),
(134,	'enable-currency',	'1',	124),
(135,	'enable-stores',	'1',	124),
(136,	'enable-payment',	'1',	124),
(137,	'enable-delivery',	'1',	124),
(138,	'social_vkontakte_merchant_id',	'',	124),
(139,	'social_vkontakte_key',	'',	124),
(140,	'social_vkontakte_wishlist',	'1',	124),
(141,	'social_vkontakte_order',	'1',	124),
(142,	'social_vkontakte_testmode',	'1',	124),
(143,	'delivery-with-address',	'0',	124),
(144,	'default-store-city',	'Санкт-Петербург',	124),
(145,	'default-store-contact-email',	'hariton.moiseevich@umisoft.ru',	124),
(146,	'default-store-contact-full-name',	'Харитон Моисеевич',	124),
(147,	'default-store-contact-phone',	'88123090315',	124),
(148,	'default-store-country-code',	'RU',	124),
(149,	'default-store-house-number',	'25ж',	124),
(150,	'default-store-region',	'Санкт-Петербург',	124),
(151,	'default-store-street',	'Красного курсанта',	124),
(152,	'order-defaultHeight',	'60',	124),
(153,	'order-defaultLength',	'40',	124),
(154,	'order-defaultWidth',	'40',	124),
(155,	'order-defaultWeight',	'1000',	124),
(156,	'default-store-index',	'197110',	124),
(157,	'banners',	'banners',	1),
(158,	'name',	'banners',	157),
(159,	'filename',	'banners/class.php',	157),
(160,	'config',	'1',	157),
(161,	'default_method',	'insert_banner',	157),
(162,	'default_method_admin',	'lists',	157),
(163,	'users',	'users',	1),
(164,	'name',	'users',	163),
(165,	'filename',	'modules/users/class.php',	163),
(166,	'config',	'1',	163),
(167,	'default_method',	'auth',	163),
(168,	'default_method_admin',	'users_list_all',	163),
(169,	'def_group',	'619',	163),
(170,	'pages_permissions_changing_enabled_on_add',	'1',	163),
(171,	'pages_permissions_changing_enabled_on_edit',	'0',	163),
(172,	'stat',	'stat',	1),
(173,	'name',	'stat',	172),
(174,	'filename',	'modules/stat/class.php',	172),
(175,	'config',	'1',	172),
(176,	'default_method',	'sess_refresh',	172),
(177,	'default_method_admin',	'yandexMetric',	172),
(178,	'collect',	'0',	172),
(179,	'delete_after',	'30',	172),
(180,	'items_per_page',	'100',	172),
(181,	'seo',	'seo',	1),
(182,	'name',	'seo',	181),
(183,	'filename',	'modules/seo/class.php',	181),
(184,	'config',	'1',	181),
(185,	'default_method',	'show',	181),
(186,	'default_method_admin',	'webmaster',	181),
(187,	'megaindex-login',	'megaindex@umisoft.ru',	181),
(188,	'megaindex-password',	'et676e5rj',	181),
(189,	'exchange',	'exchange',	1),
(190,	'name',	'exchange',	189),
(191,	'filename',	'modules/exchange/class.php',	189),
(192,	'config',	'1',	189),
(193,	'ico',	'exchange',	189),
(194,	'default_method',	'import',	189),
(195,	'default_method_admin',	'import',	189),
(196,	'social_networks',	'social_networks',	1),
(197,	'version',	'1',	196),
(198,	'name',	'social_networks',	196),
(199,	'title',	'Интеграция с социальными сетями',	196),
(200,	'filename',	'modules/social_networks/class.php',	196),
(201,	'config',	'0',	196),
(202,	'ico',	'ico_social_networks',	196),
(203,	'default_method',	'vkontakte',	196),
(204,	'default_method_admin',	'vkontakte',	196),
(205,	'config',	'config',	1),
(206,	'name',	'config',	205),
(207,	'filename',	'modules/config/class.php',	205),
(208,	'config',	'0',	205),
(209,	'default_method',	'test',	205),
(210,	'default_method_admin',	'main',	205),
(211,	'tickets',	'tickets',	1),
(212,	'name',	'tickets',	211),
(213,	'filename',	'modules/tickets/class.php',	211),
(214,	'config',	'0',	211),
(215,	'ico',	'ico_tickets',	211),
(216,	'default_method',	'',	211),
(217,	'default_method_admin',	'tickets',	211),
(218,	'data',	'data',	1),
(219,	'name',	'data',	218),
(220,	'filename',	'modules/data/class.php',	218),
(221,	'config',	'1',	218),
(222,	'default_method',	'test',	218),
(223,	'default_method_admin',	'types',	218),
(224,	'autoupdate',	'autoupdate',	1),
(225,	'name',	'autoupdate',	224),
(226,	'filename',	'modules/autoupdate/class.php',	224),
(227,	'config',	'0',	224),
(228,	'default_method',	'updateall',	224),
(229,	'default_method_admin',	'versions',	224),
(230,	'backup',	'backup',	1),
(231,	'name',	'backup',	230),
(232,	'title',	'Backups',	230),
(233,	'filename',	'modules/backup/class.php',	230),
(234,	'config',	'1',	230),
(235,	'default_method',	'temp_method',	230),
(236,	'default_method_admin',	'snapshots',	230),
(237,	'max_timelimit',	'30',	230),
(238,	'max_save_actions',	'50',	230),
(239,	'enabled',	'1',	230),
(240,	'search',	'search',	1),
(241,	'name',	'search',	240),
(242,	'filename',	'modules/search/class.php',	240),
(243,	'default_method',	'search_do',	240),
(244,	'default_method_admin',	'index_control',	240),
(245,	'per_page',	'10',	240),
(246,	'one_iteration_index',	'5',	240),
(247,	'config',	'1',	240),
(248,	'filemanager',	'filemanager',	1),
(249,	'name',	'filemanager',	248),
(250,	'description',	'Управление файловой системой.',	248),
(251,	'filename',	'modules/filemanager/class.php',	248),
(252,	'config',	'0',	248),
(253,	'default_method',	'list_files',	248),
(254,	'default_method_admin',	'shared_files',	248),
(255,	'geoip',	'geoip',	1),
(256,	'config',	'1',	255),
(257,	'name',	'geoip',	255),
(258,	'default_method',	'empty',	255),
(259,	'default_method_admin',	'info',	255),
(260,	'IpapiCom',	'',	255),
(261,	'api-key',	'',	260),
(262,	'umiRedirects',	'umiRedirects',	1),
(263,	'config',	'1',	262),
(264,	'name',	'umiRedirects',	262),
(265,	'default_method',	'empty',	262),
(266,	'default_method_admin',	'lists',	262),
(267,	'umiSliders',	'umiSliders',	1),
(268,	'config',	'1',	267),
(269,	'name',	'umiSliders',	267),
(270,	'default_method',	'empty',	267),
(271,	'default_method_admin',	'getSliders',	267),
(272,	'default_sliding_speed',	'1',	267),
(273,	'default_sliding_delay',	'1',	267),
(274,	'default_sliding_slides_count',	'10',	267),
(275,	'umiNotifications',	'umiNotifications',	1),
(276,	'default_method',	'empty',	275),
(277,	'default_method_admin',	'notifications',	275),
(278,	'config',	'0',	275),
(279,	'umiSettings',	'umiSettings',	1),
(280,	'default_method',	'empty',	279),
(281,	'default_method_admin',	'read',	279),
(282,	'trash',	'trash',	1),
(283,	'config',	'0',	282),
(284,	'default_method',	'empty',	282),
(285,	'default_method_admin',	'trash',	282),
(286,	'umiStub',	'umiStub',	1),
(287,	'name',	'umiStub',	286),
(288,	'config',	'0',	286),
(289,	'default_method',	'empty',	286),
(290,	'default_method_admin',	'stub',	286),
(291,	'appointment',	'appointment',	1),
(292,	'config',	'1',	291),
(293,	'name',	'appointment',	291),
(294,	'work-time-0',	'',	291),
(295,	'work-time-1',	'',	291),
(296,	'work-time-2',	'',	291),
(297,	'work-time-3',	'',	291),
(298,	'work-time-4',	'',	291),
(299,	'work-time-5',	'',	291),
(300,	'work-time-6',	'',	291),
(301,	'default_method',	'page',	291),
(302,	'default_method_admin',	'orders',	291),
(303,	'solutions',	'',	0),
(304,	'1',	'demoold',	303),
(305,	'settings',	'',	0),
(306,	'keycode',	'51F99A19B0B-F528764D624-C0646C55DF2',	305),
(307,	'system_edition',	'commerce',	305),
(308,	'previous_edition',	'commerce',	305),
(309,	'system_version',	'20',	305),
(310,	'system_build',	'88158',	305),
(311,	'last_updated',	'1566305947',	305),
(312,	'system_build',	'88158',	224),
(313,	'install',	'1566306057',	305),
(314,	'guest_id',	'618',	163),
(315,	'create',	'1566306057',	305);

DROP TABLE IF EXISTS `cms_sitemap`;
CREATE TABLE `cms_sitemap` (
  `id` int(11) NOT NULL,
  `domain_id` int(10) unsigned NOT NULL,
  `link` varchar(1024) NOT NULL,
  `sort` tinyint(4) NOT NULL,
  `priority` double NOT NULL DEFAULT 0,
  `dt` datetime NOT NULL,
  `level` int(4) unsigned NOT NULL,
  `lang_id` int(10) unsigned NOT NULL,
  PRIMARY KEY (`id`),
  KEY `__sort` (`sort`),
  KEY `__domain_id` (`domain_id`),
  KEY `__domain_id__sort` (`domain_id`,`sort`),
  KEY `__domain_id__level` (`domain_id`,`level`),
  KEY `lang_id from cms3_langs` (`lang_id`),
  CONSTRAINT `domain_id from cms3_domains` FOREIGN KEY (`domain_id`) REFERENCES `cms3_domains` (`id`) ON DELETE CASCADE,
  CONSTRAINT `lang_id from cms3_langs` FOREIGN KEY (`lang_id`) REFERENCES `cms3_langs` (`id`) ON DELETE CASCADE
) ENGINE=InnoDB DEFAULT CHARSET=utf8;

INSERT INTO `cms_sitemap` (`id`, `domain_id`, `link`, `sort`, `priority`, `dt`, `level`, `lang_id`) VALUES
(1,	1,	'http://madgrant.ru/market/hamsters/homyachok_neobyknovennyj/',	16,	0.3,	'2019-08-20 16:00:48',	3,	1),
(2,	1,	'http://madgrant.ru/market/hamsters/',	5,	0.5,	'2019-08-20 16:00:48',	2,	1),
(3,	1,	'http://madgrant.ru/',	2,	1,	'2019-08-20 16:00:48',	0,	1),
(4,	1,	'http://madgrant.ru/talks/',	0,	1,	'2019-08-20 16:00:48',	1,	1),
(5,	1,	'http://madgrant.ru/vse_novosti/',	15,	1,	'2019-08-20 16:00:48',	1,	1),
(7,	1,	'http://madgrant.ru/umicms/',	13,	1,	'2019-08-20 16:00:39',	1,	1),
(8,	1,	'http://madgrant.ru/fotogalereya/',	13,	1,	'2019-08-20 16:00:39',	1,	1),
(9,	1,	'http://madgrant.ru/lyubimyj_cvet/',	10,	1,	'2019-08-20 16:00:44',	1,	1),
(10,	1,	'http://madgrant.ru/downloads/',	6,	1,	'2019-08-20 16:00:39',	1,	1),
(11,	1,	'http://madgrant.ru/market/',	7,	1,	'2019-08-20 16:00:49',	1,	1),
(12,	1,	'http://madgrant.ru/ewe_blog1/',	13,	1,	'2019-08-20 16:00:48',	1,	1),
(13,	1,	'http://madgrant.ru/akcii/',	9,	1,	'2019-08-20 16:00:48',	1,	1),
(14,	1,	'http://madgrant.ru/obychnaya_stranica/',	14,	1,	'2019-08-20 16:00:48',	1,	1),
(15,	1,	'http://madgrant.ru/video/',	9,	1,	'2019-08-20 16:00:48',	1,	1),
(16,	1,	'http://madgrant.ru/talks/obwij/kto_ya_i_zachem1/kto_ya_i_zachem/',	10,	0.3,	'2019-08-20 16:00:48',	4,	1),
(17,	1,	'http://madgrant.ru/talks/obwij/kto_ya_i_zachem1/',	10,	0.3,	'2019-08-20 16:00:48',	3,	1),
(18,	1,	'http://madgrant.ru/talks/obwij/',	1,	0.5,	'2019-08-20 16:00:48',	2,	1),
(19,	1,	'http://madgrant.ru/talks/gde_vzyat/gde_vzyat_deneg1/gde_vzyat_deneg/',	1,	0.3,	'2019-08-20 16:00:48',	4,	1),
(20,	1,	'http://madgrant.ru/talks/gde_vzyat/gde_vzyat_deneg1/',	5,	0.3,	'2019-08-20 16:00:48',	3,	1),
(21,	1,	'http://madgrant.ru/talks/gde_vzyat/',	5,	0.5,	'2019-08-20 16:00:48',	2,	1),
(22,	1,	'http://madgrant.ru/vse_novosti/novosti_iz_mira_homyachkov/',	1,	0.5,	'2019-08-20 16:00:40',	2,	1),
(23,	1,	'http://madgrant.ru/vse_novosti/novosti_ekonomiki/',	9,	0.5,	'2019-08-20 16:00:40',	2,	1),
(24,	1,	'http://madgrant.ru/vse_novosti/novosti_saita/',	10,	0.5,	'2019-08-20 16:00:40',	2,	1),
(25,	1,	'http://madgrant.ru/vse_novosti/novosti_iz_mira_homyachkov/inzheneram_udalos_izvlech_energiyu_iz_bega_homyaka/',	4,	0.3,	'2019-08-20 16:00:40',	3,	1),
(26,	1,	'http://madgrant.ru/vse_novosti/novosti_iz_mira_homyachkov/inzheneram_udalos_izvlech_energiyu_iz_bega_homyaka/re_inzheneram_udalos_izvlech_e_nergiyu_iz_bega_homyaka/',	10,	0.3,	'2019-08-20 16:00:44',	4,	1),
(27,	1,	'http://madgrant.ru/vse_novosti/novosti_ekonomiki/oniwenko_predlagaet_pugat/',	10,	0.3,	'2019-08-20 16:00:40',	3,	1),
(28,	1,	'http://madgrant.ru/vse_novosti/novosti_ekonomiki/belorussiya_otmenit_kvoty_na_sigarety/',	5,	0.3,	'2019-08-20 16:00:40',	3,	1),
(29,	1,	'http://madgrant.ru/vse_novosti/novosti_ekonomiki/rossiya_i_belorussiya_otkazalis/',	11,	0.3,	'2019-08-20 16:00:41',	3,	1),
(30,	1,	'http://madgrant.ru/vse_novosti/novosti_saita/fotokonkurs/',	3,	0.3,	'2019-08-20 16:00:41',	3,	1),
(31,	1,	'http://madgrant.ru/umicms/obwie_voprosy_po_umicms/',	0,	0.5,	'2019-08-20 16:00:41',	2,	1),
(32,	1,	'http://madgrant.ru/umicms/obwie_voprosy_po_umicms/whyphp5/',	12,	0.3,	'2019-08-20 16:00:41',	3,	1),
(33,	1,	'http://madgrant.ru/umicms/obwie_voprosy_po_umicms/hosting/',	5,	0.3,	'2019-08-20 16:00:41',	3,	1),
(36,	1,	'http://madgrant.ru/fotogalereya/osen/',	10,	0.5,	'2019-08-20 16:00:41',	2,	1),
(37,	1,	'http://madgrant.ru/fotogalereya/ptica/',	8,	0.5,	'2019-08-20 16:00:41',	2,	1),
(38,	1,	'http://madgrant.ru/fotogalereya/derevo/',	6,	0.5,	'2019-08-20 16:00:41',	2,	1),
(39,	1,	'http://madgrant.ru/fotogalereya/pustynya/',	6,	0.5,	'2019-08-20 16:00:41',	2,	1),
(40,	1,	'http://madgrant.ru/fotogalereya/vodopad/',	16,	0.5,	'2019-08-20 16:00:41',	2,	1),
(41,	1,	'http://madgrant.ru/downloads/php_manual/',	14,	0.5,	'2019-08-20 16:00:41',	2,	1),
(42,	1,	'http://madgrant.ru/market/aksessuary_dlya_homyachkov/',	10,	0.5,	'2019-08-20 16:00:48',	2,	1),
(43,	1,	'http://madgrant.ru/market/aksessuary_dlya_homyachkov/kolesa/koleso_dlya_samok/',	8,	0.3,	'2019-08-20 16:00:48',	4,	1),
(44,	1,	'http://madgrant.ru/market/aksessuary_dlya_homyachkov/kolesa/',	1,	0.3,	'2019-08-20 16:00:42',	3,	1),
(45,	1,	'http://madgrant.ru/market/hamsters/homyachok_na_kolesah/',	5,	0.3,	'2019-08-20 16:00:48',	3,	1),
(46,	1,	'http://madgrant.ru/market/hamsters/homyachok_smile/',	12,	0.3,	'2019-08-20 16:00:48',	3,	1),
(47,	1,	'http://madgrant.ru/market/hamsters/homyak_ofigennyj/',	5,	0.3,	'2019-08-20 16:00:48',	3,	1),
(48,	1,	'http://madgrant.ru/market/hamsters/testovyj_homyak/',	6,	0.3,	'2019-08-20 16:00:48',	3,	1),
(49,	1,	'http://madgrant.ru/market/aksessuary_dlya_homyachkov/povodki/povodok_leopardovyj/',	14,	0.3,	'2019-08-20 16:00:48',	4,	1),
(50,	1,	'http://madgrant.ru/market/aksessuary_dlya_homyachkov/povodki/',	8,	0.3,	'2019-08-20 16:00:42',	3,	1),
(51,	1,	'http://madgrant.ru/market/hamsters/homyachok_pushistyj/',	11,	0.3,	'2019-08-20 16:00:48',	3,	1),
(52,	1,	'http://madgrant.ru/market/hamsters/homyachok_obychnyj/',	16,	0.3,	'2019-08-20 16:00:48',	3,	1),
(53,	1,	'http://madgrant.ru/market/hamsters/homyak/',	0,	0.3,	'2019-08-20 16:00:48',	3,	1),
(54,	1,	'http://madgrant.ru/market/hamsters/homyachok_prekrasnyj/',	0,	0.3,	'2019-08-20 16:00:45',	3,	1),
(55,	1,	'http://madgrant.ru/market/hamsters/homyachok_pushistyj/re_homyachok_pushistyj/',	10,	0.3,	'2019-08-20 16:00:45',	4,	1),
(56,	1,	'http://madgrant.ru/market/hamsters/homyachok_smile/re_homyachok_s_ulybkoj/',	7,	0.3,	'2019-08-20 16:00:45',	4,	1),
(57,	1,	'http://madgrant.ru/market/hamsters/homyachok_neobyknovennyj/re_homyachok_neobyknovennyj/',	1,	0.3,	'2019-08-20 16:00:45',	4,	1),
(59,	1,	'http://madgrant.ru/market/aksessuary_dlya_homyachkov/povodki/povodok_korotkij/',	5,	0.3,	'2019-08-20 16:00:48',	4,	1),
(60,	1,	'http://madgrant.ru/ewe_blog1/post_bloga/',	6,	0.5,	'2019-08-20 16:00:43',	2,	1),
(61,	1,	'http://madgrant.ru/talks/obwij/novye_idei/re_novye_idei1/',	8,	0.3,	'2019-08-20 16:00:48',	4,	1),
(62,	1,	'http://madgrant.ru/talks/obwij/novye_idei/',	3,	0.3,	'2019-08-20 16:00:48',	3,	1),
(63,	1,	'http://madgrant.ru/talks/obwij/kto_ya_i_zachem1/re_kto_ya_i_zachem/',	2,	0.3,	'2019-08-20 16:00:48',	4,	1),
(64,	1,	'http://madgrant.ru/talks/obwij/novye_idei/primery/',	13,	0.3,	'2019-08-20 16:00:45',	4,	1),
(65,	1,	'http://madgrant.ru/talks/obwij/novye_idei/re_novye_idei/',	7,	0.3,	'2019-08-20 16:00:45',	4,	1),
(66,	1,	'http://madgrant.ru/akcii/primery_vnedreniya/',	2,	0.5,	'2019-08-20 16:00:48',	2,	1),
(67,	1,	'http://madgrant.ru/akcii/rozygrysh_prizov/',	9,	0.5,	'2019-08-20 16:00:43',	2,	1);

DROP TABLE IF EXISTS `cms_stat_domains`;
CREATE TABLE `cms_stat_domains` (
  `id` int(11) NOT NULL AUTO_INCREMENT,
  `entrytime` int(11) DEFAULT NULL,
  `refer_domain` text DEFAULT NULL,
  `sess_id` text DEFAULT NULL,
  PRIMARY KEY (`id`),
  KEY `sess_id` (`sess_id`(4))
) ENGINE=MyISAM DEFAULT CHARSET=utf8;


DROP TABLE IF EXISTS `cms_stat_entry_points`;
CREATE TABLE `cms_stat_entry_points` (
  `id` int(11) unsigned NOT NULL AUTO_INCREMENT,
  `name` varchar(255) DEFAULT NULL,
  `description` text DEFAULT NULL,
  `url` text DEFAULT NULL,
  `host_id` int(11) unsigned DEFAULT NULL,
  PRIMARY KEY (`id`),
  KEY `url` (`url`(1)),
  KEY `host_id` (`host_id`)
) ENGINE=MyISAM DEFAULT CHARSET=utf8;


DROP TABLE IF EXISTS `cms_stat_entry_points_events`;
CREATE TABLE `cms_stat_entry_points_events` (
  `entry_point_id` int(11) unsigned DEFAULT NULL,
  `event_id` int(11) unsigned DEFAULT NULL,
  KEY `entry_point_id` (`entry_point_id`),
  KEY `event_id` (`event_id`)
) ENGINE=MyISAM DEFAULT CHARSET=utf8;


DROP TABLE IF EXISTS `cms_stat_events`;
CREATE TABLE `cms_stat_events` (
  `id` int(11) unsigned NOT NULL AUTO_INCREMENT,
  `description` text DEFAULT NULL,
  `name` varchar(255) DEFAULT NULL,
  `type` tinyint(4) DEFAULT NULL,
  `profit` float(9,2) DEFAULT 0.00,
  `host_id` int(11) unsigned DEFAULT NULL,
  PRIMARY KEY (`id`),
  KEY `name` (`name`,`type`),
  KEY `host_id` (`host_id`),
  KEY `type` (`type`)
) ENGINE=MyISAM DEFAULT CHARSET=utf8;


DROP TABLE IF EXISTS `cms_stat_events_collected`;
CREATE TABLE `cms_stat_events_collected` (
  `event_id` int(11) unsigned DEFAULT NULL,
  `hit_id` int(11) unsigned DEFAULT NULL,
  KEY `event_id` (`event_id`,`hit_id`),
  KEY `hit_id` (`hit_id`)
) ENGINE=MyISAM DEFAULT CHARSET=utf8;


DROP TABLE IF EXISTS `cms_stat_events_rel`;
CREATE TABLE `cms_stat_events_rel` (
  `metaevent_id` int(11) unsigned DEFAULT NULL,
  `event_id` int(11) unsigned DEFAULT NULL,
  UNIQUE KEY `metaevent_id` (`metaevent_id`,`event_id`),
  KEY `event_id` (`event_id`)
) ENGINE=MyISAM DEFAULT CHARSET=utf8;


DROP TABLE IF EXISTS `cms_stat_events_urls`;
CREATE TABLE `cms_stat_events_urls` (
  `event_id` int(11) unsigned DEFAULT NULL,
  `page_id` int(11) unsigned DEFAULT NULL,
  UNIQUE KEY `event_id` (`event_id`,`page_id`),
  KEY `page_id` (`page_id`)
) ENGINE=MyISAM DEFAULT CHARSET=utf8;


DROP TABLE IF EXISTS `cms_stat_finders`;
CREATE TABLE `cms_stat_finders` (
  `id` int(11) NOT NULL AUTO_INCREMENT,
  `bot_name` text DEFAULT NULL,
  `pattern` text DEFAULT NULL,
  `alias` text DEFAULT NULL,
  `domain` text DEFAULT NULL,
  `utf` int(11) DEFAULT NULL,
  PRIMARY KEY (`id`)
) ENGINE=MyISAM DEFAULT CHARSET=utf8;


DROP TABLE IF EXISTS `cms_stat_hits`;
CREATE TABLE `cms_stat_hits` (
  `id` int(11) unsigned NOT NULL AUTO_INCREMENT,
  `page_id` int(11) unsigned DEFAULT NULL,
  `date` datetime DEFAULT NULL,
  `hour` tinyint(8) DEFAULT NULL,
  `day_of_week` tinyint(1) DEFAULT NULL,
  `day` tinyint(4) DEFAULT NULL,
  `month` tinyint(4) DEFAULT NULL,
  `year` int(11) unsigned DEFAULT NULL,
  `path_id` int(11) unsigned DEFAULT NULL,
  `number_in_path` int(11) unsigned DEFAULT NULL,
  `week` tinyint(4) unsigned DEFAULT NULL,
  `prev_page_id` int(11) unsigned DEFAULT NULL,
  PRIMARY KEY (`id`),
  KEY `day_of_week` (`day_of_week`),
  KEY `date` (`date`,`day_of_week`,`day`,`month`),
  KEY `day` (`day`,`month`,`date`,`day_of_week`),
  KEY `page_id` (`page_id`,`date`),
  KEY `date_level` (`date`,`number_in_path`),
  KEY `date_prev_page_level` (`date`,`prev_page_id`,`number_in_path`),
  KEY `path_id_level` (`path_id`,`number_in_path`,`prev_page_id`)
) ENGINE=MyISAM DEFAULT CHARSET=utf8;


DROP TABLE IF EXISTS `cms_stat_holidays`;
CREATE TABLE `cms_stat_holidays` (
  `id` int(11) unsigned NOT NULL AUTO_INCREMENT,
  `name` char(255) DEFAULT NULL,
  `day` tinyint(2) DEFAULT NULL,
  `month` tinyint(4) DEFAULT NULL,
  PRIMARY KEY (`id`),
  KEY `day_month` (`day`,`month`,`id`)
) ENGINE=MyISAM DEFAULT CHARSET=utf8;


DROP TABLE IF EXISTS `cms_stat_pages`;
CREATE TABLE `cms_stat_pages` (
  `id` int(11) unsigned NOT NULL AUTO_INCREMENT,
  `uri` text DEFAULT NULL,
  `host_id` int(11) unsigned DEFAULT NULL,
  `section` varchar(255) DEFAULT NULL,
  PRIMARY KEY (`id`),
  KEY `section` (`section`),
  KEY `uri` (`uri`(4)),
  KEY `host_id` (`host_id`)
) ENGINE=MyISAM DEFAULT CHARSET=utf8;


DROP TABLE IF EXISTS `cms_stat_paths`;
CREATE TABLE `cms_stat_paths` (
  `id` int(11) unsigned NOT NULL AUTO_INCREMENT,
  `user_id` int(11) unsigned DEFAULT NULL,
  `date` datetime DEFAULT NULL,
  `source_id` int(11) unsigned DEFAULT NULL,
  `host_id` int(11) unsigned DEFAULT NULL,
  PRIMARY KEY (`id`),
  KEY `source_id` (`source_id`),
  KEY `user_id` (`user_id`),
  KEY `id_host` (`id`,`host_id`),
  KEY `date_host_id` (`date`,`host_id`,`user_id`),
  KEY `host_id` (`host_id`)
) ENGINE=MyISAM DEFAULT CHARSET=utf8;


DROP TABLE IF EXISTS `cms_stat_phrases`;
CREATE TABLE `cms_stat_phrases` (
  `phrase` text DEFAULT NULL,
  `domain` text DEFAULT NULL,
  `finder_id` int(11) DEFAULT NULL,
  `entrytime` int(11) DEFAULT NULL
) ENGINE=MyISAM DEFAULT CHARSET=utf8;


DROP TABLE IF EXISTS `cms_stat_sites`;
CREATE TABLE `cms_stat_sites` (
  `id` int(11) NOT NULL AUTO_INCREMENT,
  `name` char(255) DEFAULT NULL,
  `group_id` int(11) unsigned DEFAULT NULL,
  PRIMARY KEY (`id`),
  KEY `name` (`name`),
  KEY `group_id` (`group_id`)
) ENGINE=MyISAM DEFAULT CHARSET=utf8;


DROP TABLE IF EXISTS `cms_stat_sites_groups`;
CREATE TABLE `cms_stat_sites_groups` (
  `id` int(11) unsigned NOT NULL AUTO_INCREMENT,
  `name` char(255) DEFAULT NULL,
  PRIMARY KEY (`id`)
) ENGINE=MyISAM DEFAULT CHARSET=utf8;


DROP TABLE IF EXISTS `cms_stat_sources`;
CREATE TABLE `cms_stat_sources` (
  `id` int(11) unsigned NOT NULL AUTO_INCREMENT,
  `src_type` tinyint(4) unsigned DEFAULT NULL,
  `concrete_src_id` int(11) unsigned DEFAULT NULL,
  PRIMARY KEY (`id`),
  KEY `src_type` (`src_type`,`concrete_src_id`,`id`)
) ENGINE=MyISAM DEFAULT CHARSET=utf8;


DROP TABLE IF EXISTS `cms_stat_sources_coupon`;
CREATE TABLE `cms_stat_sources_coupon` (
  `id` int(11) unsigned NOT NULL AUTO_INCREMENT,
  `number` varchar(255) DEFAULT NULL,
  `profit` float(9,2) DEFAULT NULL,
  `descript` text DEFAULT NULL,
  PRIMARY KEY (`id`)
) ENGINE=MyISAM DEFAULT CHARSET=utf8;


DROP TABLE IF EXISTS `cms_stat_sources_coupon_events`;
CREATE TABLE `cms_stat_sources_coupon_events` (
  `coupon_id` int(11) unsigned DEFAULT NULL,
  `event_id` int(11) unsigned DEFAULT NULL
) ENGINE=MyISAM DEFAULT CHARSET=utf8;


DROP TABLE IF EXISTS `cms_stat_sources_openstat`;
CREATE TABLE `cms_stat_sources_openstat` (
  `id` int(11) unsigned NOT NULL AUTO_INCREMENT,
  `service_id` int(11) unsigned DEFAULT 0,
  `campaign_id` int(11) unsigned DEFAULT 0,
  `ad_id` int(11) unsigned DEFAULT NULL,
  `source_id` int(11) unsigned DEFAULT NULL,
  `path_id` int(11) unsigned DEFAULT NULL,
  PRIMARY KEY (`id`),
  KEY `source_id` (`source_id`)
) ENGINE=MyISAM DEFAULT CHARSET=cp1251;


DROP TABLE IF EXISTS `cms_stat_sources_openstat_ad`;
CREATE TABLE `cms_stat_sources_openstat_ad` (
  `id` int(11) unsigned NOT NULL AUTO_INCREMENT,
  `name` char(255) DEFAULT NULL,
  PRIMARY KEY (`id`)
) ENGINE=MyISAM DEFAULT CHARSET=cp1251;


DROP TABLE IF EXISTS `cms_stat_sources_openstat_campaign`;
CREATE TABLE `cms_stat_sources_openstat_campaign` (
  `id` int(11) unsigned NOT NULL AUTO_INCREMENT,
  `name` char(255) DEFAULT NULL,
  PRIMARY KEY (`id`),
  KEY `name` (`name`)
) ENGINE=MyISAM DEFAULT CHARSET=cp1251;


DROP TABLE IF EXISTS `cms_stat_sources_openstat_service`;
CREATE TABLE `cms_stat_sources_openstat_service` (
  `id` int(11) unsigned NOT NULL AUTO_INCREMENT,
  `name` char(255) DEFAULT NULL,
  PRIMARY KEY (`id`),
  KEY `name` (`name`)
) ENGINE=MyISAM DEFAULT CHARSET=cp1251;


DROP TABLE IF EXISTS `cms_stat_sources_openstat_source`;
CREATE TABLE `cms_stat_sources_openstat_source` (
  `id` int(11) unsigned NOT NULL AUTO_INCREMENT,
  `name` char(255) DEFAULT NULL,
  PRIMARY KEY (`id`),
  KEY `name` (`name`)
) ENGINE=MyISAM DEFAULT CHARSET=cp1251;


DROP TABLE IF EXISTS `cms_stat_sources_pr`;
CREATE TABLE `cms_stat_sources_pr` (
  `id` int(11) unsigned NOT NULL AUTO_INCREMENT,
  `name` varchar(255) DEFAULT NULL,
  `description` text DEFAULT NULL,
  PRIMARY KEY (`id`)
) ENGINE=MyISAM DEFAULT CHARSET=utf8;


DROP TABLE IF EXISTS `cms_stat_sources_pr_events`;
CREATE TABLE `cms_stat_sources_pr_events` (
  `pr_id` int(11) unsigned DEFAULT NULL,
  `event_id` int(11) unsigned DEFAULT NULL
) ENGINE=MyISAM DEFAULT CHARSET=utf8;


DROP TABLE IF EXISTS `cms_stat_sources_pr_sites`;
CREATE TABLE `cms_stat_sources_pr_sites` (
  `id` int(11) unsigned NOT NULL AUTO_INCREMENT,
  `pr_id` int(11) unsigned DEFAULT NULL,
  `url` text DEFAULT NULL,
  PRIMARY KEY (`id`)
) ENGINE=MyISAM DEFAULT CHARSET=utf8;


DROP TABLE IF EXISTS `cms_stat_sources_search`;
CREATE TABLE `cms_stat_sources_search` (
  `id` int(11) unsigned NOT NULL AUTO_INCREMENT,
  `engine_id` int(11) unsigned DEFAULT NULL,
  `text_id` int(11) DEFAULT NULL,
  PRIMARY KEY (`id`),
  KEY `engine_id` (`engine_id`)
) ENGINE=MyISAM DEFAULT CHARSET=utf8;


DROP TABLE IF EXISTS `cms_stat_sources_search_engines`;
CREATE TABLE `cms_stat_sources_search_engines` (
  `id` int(11) unsigned NOT NULL AUTO_INCREMENT,
  `name` char(255) DEFAULT NULL,
  `url_mask` char(255) DEFAULT NULL,
  `varname` char(255) DEFAULT NULL,
  PRIMARY KEY (`id`)
) ENGINE=MyISAM DEFAULT CHARSET=utf8;


DROP TABLE IF EXISTS `cms_stat_sources_search_queries`;
CREATE TABLE `cms_stat_sources_search_queries` (
  `id` int(11) unsigned NOT NULL AUTO_INCREMENT,
  `text` text DEFAULT NULL,
  PRIMARY KEY (`id`)
) ENGINE=MyISAM DEFAULT CHARSET=utf8;


DROP TABLE IF EXISTS `cms_stat_sources_sites`;
CREATE TABLE `cms_stat_sources_sites` (
  `id` int(11) unsigned NOT NULL AUTO_INCREMENT,
  `uri` text DEFAULT NULL,
  `domain` int(11) DEFAULT NULL,
  PRIMARY KEY (`id`),
  KEY `domain` (`domain`),
  KEY `uri` (`uri`(255)),
  KEY `id_domain` (`id`,`domain`)
) ENGINE=MyISAM DEFAULT CHARSET=utf8;


DROP TABLE IF EXISTS `cms_stat_sources_sites_domains`;
CREATE TABLE `cms_stat_sources_sites_domains` (
  `id` int(11) unsigned NOT NULL AUTO_INCREMENT,
  `name` char(255) DEFAULT NULL,
  PRIMARY KEY (`id`)
) ENGINE=MyISAM DEFAULT CHARSET=utf8;


DROP TABLE IF EXISTS `cms_stat_sources_ticket`;
CREATE TABLE `cms_stat_sources_ticket` (
  `id` int(11) unsigned NOT NULL AUTO_INCREMENT,
  `name` char(255) DEFAULT NULL,
  `url` char(255) DEFAULT NULL,
  PRIMARY KEY (`id`)
) ENGINE=MyISAM DEFAULT CHARSET=utf8;


DROP TABLE IF EXISTS `cms_stat_users`;
CREATE TABLE `cms_stat_users` (
  `id` int(11) unsigned NOT NULL AUTO_INCREMENT,
  `session_id` varchar(32) DEFAULT NULL,
  `first_visit` datetime DEFAULT NULL,
  `login` varchar(255) DEFAULT NULL,
  `os_id` int(11) unsigned DEFAULT NULL,
  `browser_id` int(11) unsigned DEFAULT NULL,
  `ip` varchar(15) DEFAULT NULL,
  `location` text DEFAULT NULL,
  `js_version` varchar(5) DEFAULT NULL,
  `host_id` int(11) unsigned DEFAULT NULL,
  PRIMARY KEY (`id`),
  KEY `first_visit` (`first_visit`),
  KEY `session_id` (`session_id`),
  KEY `host_id` (`host_id`)
) ENGINE=MyISAM DEFAULT CHARSET=utf8;


DROP TABLE IF EXISTS `cms_stat_users_browsers`;
CREATE TABLE `cms_stat_users_browsers` (
  `id` int(11) unsigned NOT NULL AUTO_INCREMENT,
  `name` char(255) DEFAULT NULL,
  PRIMARY KEY (`id`)
) ENGINE=MyISAM DEFAULT CHARSET=utf8;


DROP TABLE IF EXISTS `cms_stat_users_os`;
CREATE TABLE `cms_stat_users_os` (
  `id` int(11) unsigned NOT NULL AUTO_INCREMENT,
  `name` char(255) DEFAULT NULL,
  PRIMARY KEY (`id`)
) ENGINE=MyISAM DEFAULT CHARSET=utf8;
















DROP TABLE IF EXISTS `umi_event_feeds`;
CREATE TABLE `umi_event_feeds` (
  `id` int(11) unsigned NOT NULL AUTO_INCREMENT,
  `date` bigint(20) DEFAULT NULL,
  `params` mediumtext DEFAULT NULL,
  `type_id` varchar(255) NOT NULL,
  `element_id` int(11) DEFAULT NULL,
  `object_id` int(11) DEFAULT NULL,
  PRIMARY KEY (`id`)
) ENGINE=MyISAM DEFAULT CHARSET=utf8;


DROP TABLE IF EXISTS `umi_event_types`;
CREATE TABLE `umi_event_types` (
  `id` varchar(255) NOT NULL,
  PRIMARY KEY (`id`)
) ENGINE=MyISAM DEFAULT CHARSET=utf8;


DROP TABLE IF EXISTS `umi_event_users`;
CREATE TABLE `umi_event_users` (
  `id` int(11) unsigned NOT NULL,
  `last_check_in` bigint(20) DEFAULT NULL,
  `settings` mediumtext DEFAULT NULL,
  PRIMARY KEY (`id`)
) ENGINE=MyISAM DEFAULT CHARSET=utf8;


DROP TABLE IF EXISTS `umi_event_user_history`;
CREATE TABLE `umi_event_user_history` (
  `user_id` int(11) NOT NULL,
  `event_id` int(11) NOT NULL,
  `read` tinyint(1) NOT NULL DEFAULT 1
) ENGINE=MyISAM DEFAULT CHARSET=utf8;


-- 2019-08-20 13:05:37
